model,source,group,left_block,right_block,left_frames,right_frames,mean_abs_change,candidate_covariance
G0-local,0,AU,0,1,750,750,0.06790018881556908,0.0028532152647109195
G0-local,0,AU,1,2,750,426,0.07065817572936457,0.001736988630004472
G0-local,0,VA,0,1,750,750,0.06631333422740315,-0.000517273918128942
G0-local,0,VA,1,2,750,426,0.045605210635750223,-0.0004963518658269591
G0-local,0,expression,0,1,750,750,0.07959039067469455,-0.001724830035075917
G0-local,0,expression,1,2,750,426,0.0716245569971767,-0.002319240554341108
G0-local,1,AU,0,1,750,417,0.09846842812301451,8.515437136307356e-05
G0-local,1,VA,0,1,750,417,0.04445694059992113,-0.00011239348347688836
G0-local,1,expression,0,1,750,417,0.07506504680356427,-0.0017819115667218105
G0-local,2,AU,0,1,750,720,0.10125884646259253,0.0008902095781654147
G0-local,2,VA,0,1,750,720,0.07910672313652628,-0.0007694329018913444
G0-local,2,expression,0,1,750,720,0.06730416946740464,-0.0008734689254550129
G0-local,4,AU,0,1,750,303,0.09456884157925796,0.0010841075042315486
G0-local,4,VA,0,1,750,303,0.04720264747677805,0.00011647864689708274
G0-local,4,expression,0,1,750,303,0.05822381900590824,0.0005479524846239767
G0-local,5,AU,0,1,750,298,0.10201937876179577,0.004211516736532883
G0-local,5,VA,0,1,750,298,0.06289316562211215,0.0007581126641595533
G0-local,5,expression,0,1,750,298,0.07540968506283756,0.00037542749363045943
G0-local,6,AU,0,1,750,750,0.07655254014829034,0.00018600169465250564
G0-local,6,AU,1,2,750,750,0.12318647438039766,-0.0005713227518413495
G0-local,6,AU,2,3,750,149,0.1170314089545604,0.0001415876675475513
G0-local,6,VA,0,1,750,750,0.04699000395959931,0.00013452821250713577
G0-local,6,VA,1,2,750,750,0.054835290608533004,-0.00015970087236657764
G0-local,6,VA,2,3,750,149,0.08411000775976753,0.00033485601017584104
G0-local,6,expression,0,1,750,750,0.05866560224329935,0.0002232029141010686
G0-local,6,expression,1,2,750,750,0.07374043075294008,-0.0011342904439253683
G0-local,6,expression,2,3,750,149,0.0778581675446941,0.0014343721705083405
G0-local,7,AU,0,1,750,750,0.08808178658383994,0.0009520361134230091
G0-local,7,AU,1,2,750,422,0.08962455437500859,-0.00022088863247089058
G0-local,7,VA,0,1,750,750,0.04562947120165239,0.00023969315710167506
G0-local,7,VA,1,2,750,422,0.058932856071840345,6.68388032444844e-05
G0-local,7,expression,0,1,750,750,0.0595622847888289,0.002431440916296707
G0-local,7,expression,1,2,750,422,0.07891578737785068,0.0012966856606381352
G0-local,8,AU,0,1,750,750,0.11202481602788932,0.0003591708730261063
G0-local,8,AU,1,2,750,568,0.10313406677219383,0.0010031123702101486
G0-local,8,VA,0,1,750,750,0.05226094401084362,0.00019833472877195255
G0-local,8,VA,1,2,750,568,0.04498373377571246,0.00040709687236060624
G0-local,8,expression,0,1,750,750,0.08316724043265955,-0.0006129221245634634
G0-local,8,expression,1,2,750,568,0.05876646492329718,0.002342929835279618
G0-local,9,AU,0,1,750,747,0.10291944936522165,0.0016786252302252878
G0-local,9,VA,0,1,750,747,0.04631375534765284,0.0004184652013579796
G0-local,9,expression,0,1,750,747,0.05636933389103789,0.00043016336509071965
G0-local,10,AU,0,1,750,750,0.06528762663059583,0.0015359049942846375
G0-local,10,AU,1,2,750,58,0.14061659663630757,0.0011083161554246426
G0-local,10,VA,0,1,750,750,0.05365987667115211,-0.00048385531226065575
G0-local,10,VA,1,2,750,58,0.14090461054447742,0.000745647304812998
G0-local,10,expression,0,1,750,750,0.05333514324547526,0.0004780068742360056
G0-local,10,expression,1,2,750,58,0.1337535278932992,0.0007064269234373149
G0-local,11,AU,0,1,750,477,0.1875837190748113,0.00030999317910516066
G0-local,11,VA,0,1,750,477,0.08939668014064603,0.000498037408787505
G0-local,11,expression,0,1,750,477,0.07609768866615943,0.0023727722403980175
G0-local,12,AU,0,1,750,750,0.08297416054741405,0.0014348469763531882
G0-local,12,AU,1,2,750,750,0.05047976358127282,0.003388531613478837
G0-local,12,AU,2,3,750,750,0.09571366953740348,0.00026821713157298516
G0-local,12,AU,3,4,750,750,0.10061544402358076,0.004421203946876032
G0-local,12,AU,4,5,750,397,0.17494454908277512,0.0014833527951484638
G0-local,12,VA,0,1,750,750,0.075225811620988,2.6159211811411704e-05
G0-local,12,VA,1,2,750,750,0.045380302560570754,-3.852844668965246e-05
G0-local,12,VA,2,3,750,750,0.03443274791393724,0.00010222553235265396
G0-local,12,VA,3,4,750,750,0.050856153135254566,4.0847397045667175e-05
G0-local,12,VA,4,5,750,397,0.1293830717508828,-0.0003982266919100141
G0-local,12,expression,0,1,750,750,0.09205051117001259,0.0005133126757752856
G0-local,12,expression,1,2,750,750,0.07937226494303071,0.0001530082756619086
G0-local,12,expression,2,3,750,750,0.06827782429546234,-0.0010387485801765424
G0-local,12,expression,3,4,750,750,0.06192852125551164,0.0008802314828025915
G0-local,12,expression,4,5,750,397,0.12305385419406323,0.00017693568354619702
G0-local,13,AU,0,1,750,750,0.10626036622365859,-0.002154284732151915
G0-local,13,AU,1,2,750,750,0.0861941535623161,-0.002264837124331229
G0-local,13,AU,2,3,750,750,0.08698407328023608,0.0011680704804067014
G0-local,13,AU,3,4,750,750,0.10018347523351767,-0.0027599808765043175
G0-local,13,AU,4,5,750,750,0.07935499031838689,0.0011756332701021407
G0-local,13,AU,5,6,750,276,0.11650467527621139,0.003348231447270572
G0-local,13,VA,0,1,750,750,0.04241247065796129,-0.0002808674872734533
G0-local,13,VA,1,2,750,750,0.053760213484582584,0.00036075118581684225
G0-local,13,VA,2,3,750,750,0.06022077295194515,-0.0002503256876432482
G0-local,13,VA,3,4,750,750,0.047743722985355876,-7.92926248527809e-05
G0-local,13,VA,4,5,750,750,0.05220581540272227,7.160348099509813e-05
G0-local,13,VA,5,6,750,276,0.07153439571601639,0.0007789465806678583
G0-local,13,expression,0,1,750,750,0.06285500425006907,0.0008470904779740917
G0-local,13,expression,1,2,750,750,0.08251934388134191,-0.00026666905897881356
G0-local,13,expression,2,3,750,750,0.05942893653477636,-0.0002583420650765061
G0-local,13,expression,3,4,750,750,0.07486670368796046,-0.0015912939722390975
G0-local,13,expression,4,5,750,750,0.08790295526052043,-0.00035400886948366134
G0-local,13,expression,5,6,750,276,0.10380030996153171,0.002673579649825767
G0-local,14,AU,0,1,750,750,0.13850901334600277,0.0008245982255923155
G0-local,14,AU,1,2,750,750,0.0726146293002003,-0.0013641826666624484
G0-local,14,AU,2,3,750,750,0.0849822105671295,-0.0034399807564877713
G0-local,14,AU,3,4,750,750,0.10424522384546153,-0.00016741201170047783
G0-local,14,AU,4,5,750,660,0.049387577395728466,-9.14371510630077e-05
G0-local,14,VA,0,1,750,750,0.056512451625291574,-6.080314718523053e-05
G0-local,14,VA,1,2,750,750,0.036176645317327345,-9.728183215442216e-05
G0-local,14,VA,2,3,750,750,0.05112323951537644,-0.0007192917659351258
G0-local,14,VA,3,4,750,750,0.03673092470638494,0.0003166162618254202
G0-local,14,VA,4,5,750,660,0.053092212053136925,-9.549471911530714e-05
G0-local,14,expression,0,1,750,750,0.09299518224433098,-0.0007963646489974795
G0-local,14,expression,1,2,750,750,0.059720548507754614,-0.0009208868804658102
G0-local,14,expression,2,3,750,750,0.07260477046179185,-0.0024862059904143014
G0-local,14,expression,3,4,750,750,0.06897508367130631,0.0005434612362449025
G0-local,14,expression,4,5,750,660,0.07748821136208306,-0.0013256859168895166
G0-local,15,AU,0,1,750,750,0.10665716477202371,0.0006315977548917911
G0-local,15,AU,1,2,750,480,0.10218031564008474,0.0001336782899709491
G0-local,15,VA,0,1,750,750,0.04237641819926654,-2.2841029026424975e-05
G0-local,15,VA,1,2,750,480,0.04449923361145843,-9.65688731382054e-08
G0-local,15,expression,0,1,750,750,0.058639598377138315,-0.0012058087058387556
G0-local,15,expression,1,2,750,480,0.0564228344174972,0.0006813265172172412
G0-local,16,AU,0,1,750,335,0.13995404152504248,0.0008442421202854243
G0-local,16,VA,0,1,750,335,0.05638803423399441,0.0001070730551528296
G0-local,16,expression,0,1,750,335,0.0789262035497897,0.000897170288173208
G0-local,17,AU,0,1,750,750,0.10861255580695849,-0.0024222871248423157
G0-local,17,AU,1,2,750,750,0.10412775945781232,0.0013884546260124015
G0-local,17,AU,2,3,750,750,0.07693447623309325,0.0008897176881676652
G0-local,17,AU,3,4,750,750,0.1108485462119589,-0.0010830816632351387
G0-local,17,AU,4,5,750,96,0.19832094377565657,0.008598451228573813
G0-local,17,VA,0,1,750,750,0.052565893965793406,-0.00019298974536571952
G0-local,17,VA,1,2,750,750,0.048429299983539634,-6.699104353116158e-05
G0-local,17,VA,2,3,750,750,0.03503080682319391,0.0001647493254328619
G0-local,17,VA,3,4,750,750,0.05615239756086691,-0.0005570644727624331
G0-local,17,VA,4,5,750,96,0.11931067563258717,-0.0004138932977820936
G0-local,17,expression,0,1,750,750,0.0739292114376492,0.00040819834976154
G0-local,17,expression,1,2,750,750,0.07893889905622373,-0.00045342532028457504
G0-local,17,expression,2,3,750,750,0.05949525444293698,-6.113201876277865e-05
G0-local,17,expression,3,4,750,750,0.08120649089591583,-0.0017171133223431324
G0-local,17,expression,4,5,750,96,0.12107220300159276,-0.004993044367771478
G0-local,18,AU,0,1,750,750,0.12536809415192146,0.0003094068826610127
G0-local,18,AU,1,2,750,570,0.08630500015473468,-0.0006938304641826415
G0-local,18,VA,0,1,750,750,0.06311697492764895,0.00017050066908870745
G0-local,18,VA,1,2,750,570,0.032165254685617053,1.3916305790620875e-06
G0-local,18,expression,0,1,750,750,0.08346133033077711,0.001274812431137377
G0-local,18,expression,1,2,750,570,0.07736793097652264,-0.0015094069582469553
G0-local,19,AU,0,1,750,750,0.10624829850672735,-0.0005166136282964845
G0-local,19,AU,1,2,750,750,0.08149051558954509,0.0005204792598303776
G0-local,19,AU,2,3,750,85,0.14255928133699872,-0.002131642011896233
G0-local,19,VA,0,1,750,750,0.06111402799085676,0.0005348589328940166
G0-local,19,VA,1,2,750,750,0.045090037972106436,0.0007022317819061889
G0-local,19,VA,2,3,750,85,0.10703790080340445,0.00017383498361217062
G0-local,19,expression,0,1,750,750,0.055618817966262536,-0.0001581951265888077
G0-local,19,expression,1,2,750,750,0.08944313169937443,0.00024866961235068055
G0-local,19,expression,2,3,750,85,0.14690453281116214,-0.0019169616747101328
G0-local,20,AU,0,1,750,359,0.10402049906562662,-0.002121852840645044
G0-local,20,VA,0,1,750,359,0.04855812917600468,0.00010125349674436247
G0-local,20,expression,0,1,750,359,0.07608535509090528,0.000606080586582162
G0-local,21,AU,0,1,750,270,0.09988850479615556,0.0017844065561333385
G0-local,21,VA,0,1,750,270,0.051194629449434516,0.000983893604898081
G0-local,21,expression,0,1,750,270,0.07748271607865967,-0.0005636815846547531
G0-local,22,AU,0,1,750,185,0.11999950390512741,0.0034691387787403774
G0-local,22,VA,0,1,750,185,0.05567327722573603,0.0013295250660404915
G0-local,22,expression,0,1,750,185,0.07947121140722678,0.005509819979952513
G0-local,23,AU,0,1,750,301,0.10190973444399337,0.0038387287348420084
G0-local,23,VA,0,1,750,301,0.07796784094573035,-0.0003480586508821222
G0-local,23,expression,0,1,750,301,0.09159086910249711,-0.0013943221652312344
G0-local,24,AU,0,1,750,240,0.12156276811667212,0.0010186265640426064
G0-local,24,VA,0,1,750,240,0.03717153465654416,0.00019361675761071095
G0-local,24,expression,0,1,750,240,0.04913769445829277,0.002133613858765134
G0-local,25,AU,0,1,750,234,0.14351704560245776,-0.0029869619511635804
G0-local,25,VA,0,1,750,234,0.060257384480343255,-0.00016803244571378956
G0-local,25,expression,0,1,750,234,0.08406473593267419,-0.0009238547706741852
G0-local,26,AU,0,1,750,663,0.08054975112126052,0.0015730436611344507
G0-local,26,VA,0,1,750,663,0.036543536958548097,0.0006216820970582229
G0-local,26,expression,0,1,750,663,0.0584437253193756,2.3123169832201686e-06
G0-local,27,AU,0,1,750,506,0.13257734113261108,-0.003776870224124695
G0-local,27,VA,0,1,750,506,0.06469620766697154,-0.0005530221795181527
G0-local,27,expression,0,1,750,506,0.07332708335812356,-0.0005302421678191837
G0-local,30,AU,0,1,750,482,0.10395476712611462,-0.0010988387415262367
G0-local,30,VA,0,1,750,482,0.07316213569892689,-0.00041323579191285503
G0-local,30,expression,0,1,750,482,0.08380497983082688,-0.0020882717419882495
G0-local,31,AU,0,1,750,120,0.17264985881881273,-0.004057432787132984
G0-local,31,VA,0,1,750,120,0.08120839866516497,0.00046320073999367374
G0-local,31,expression,0,1,750,120,0.11437839608423017,0.0022589826521495237
G0-local,34,AU,0,1,750,483,0.11291923850792036,-0.00014274065864890146
G0-local,34,VA,0,1,750,483,0.060613807643734155,0.00032408211578124565
G0-local,34,expression,0,1,750,483,0.07415259075828864,-0.0014642388515215812
G0-local,42,AU,0,1,750,600,0.08976651360309337,-0.0004390060551425695
G0-local,42,VA,0,1,750,600,0.04483848881782789,-0.0001916673174061039
G0-local,42,expression,0,1,750,600,0.05525868919626017,-0.0005475738454965513
G0-local,43,AU,0,1,750,306,0.14342816289058186,-0.002575040915627057
G0-local,43,VA,0,1,750,306,0.0645592134677604,6.721949862545682e-05
G0-local,43,expression,0,1,750,306,0.07408675884452798,0.0006377057115112996
G0-local,44,AU,0,1,750,750,0.11840988961177605,-0.0021437639490580656
G0-local,44,AU,1,2,750,750,0.07701466182673163,-0.0005145356459369011
G0-local,44,AU,2,3,750,153,0.13666593449453004,-0.005044962563328878
G0-local,44,VA,0,1,750,750,0.0469984598248125,0.0003085549331919402
G0-local,44,VA,1,2,750,750,0.03997216333754344,-9.224404172604869e-05
G0-local,44,VA,2,3,750,153,0.07084914901908539,0.0012065379110475743
G0-local,44,expression,0,1,750,750,0.0721102999386842,0.00047077077759488016
G0-local,44,expression,1,2,750,750,0.06546003634022697,-5.8634249050914435e-05
G0-local,44,expression,2,3,750,153,0.0861758850793575,0.00030212056423781106
G0-local,45,AU,0,1,750,750,0.10970277713396849,-0.0019997037883018732
G0-local,45,AU,1,2,750,750,0.19193375228118204,-0.0012993299671849269
G0-local,45,AU,2,3,750,1,0.2782724173234358,0.0002688884707975167
G0-local,45,VA,0,1,750,750,0.05035408677960137,-6.215166131248545e-05
G0-local,45,VA,1,2,750,750,0.09754763653404674,6.705961708196479e-05
G0-local,45,VA,2,3,750,1,0.4540622736763985,0.0039599788847850285
G0-local,45,expression,0,1,750,750,0.07260628346248785,0.00039190194954487833
G0-local,45,expression,1,2,750,750,0.10722646215669289,-0.00027611450401906985
G0-local,45,expression,2,3,750,1,0.18830671377571678,-0.002180746110487539
G0-local,46,AU,0,1,750,750,0.06656184446212428,0.0024469266185418266
G0-local,46,AU,1,2,750,750,0.09073982231635233,-0.001519165704651112
G0-local,46,AU,2,3,750,750,0.0973904560232716,0.00044353911899192564
G0-local,46,AU,3,4,750,687,0.0955216641668483,-0.0020796693942723987
G0-local,46,VA,0,1,750,750,0.05106754340688237,0.00022126425323372526
G0-local,46,VA,1,2,750,750,0.049512768036031954,-0.0007608895056949683
G0-local,46,VA,2,3,750,750,0.053062618478425985,-0.0002725580100147388
G0-local,46,VA,3,4,750,687,0.0365582436217697,-0.00021723714157486664
G0-local,46,expression,0,1,750,750,0.051342240201891445,-0.00032955381067845737
G0-local,46,expression,1,2,750,750,0.06265669016038017,-0.0009035468791678482
G0-local,46,expression,2,3,750,750,0.06716983929761487,-0.0021993102566985685
G0-local,46,expression,3,4,750,687,0.06205866497271907,-0.000946458264318515
G0-local,47,AU,0,1,750,750,0.07418613850400992,-0.0007878784213454915
G0-local,47,AU,1,2,750,300,0.15706350862660165,-0.003980102561429003
G0-local,47,VA,0,1,750,750,0.04133040653011546,-1.6655092958843103e-05
G0-local,47,VA,1,2,750,300,0.06924970256236193,-0.0012467049971680217
G0-local,47,expression,0,1,750,750,0.06481434900506543,0.000130084102575637
G0-local,47,expression,1,2,750,300,0.09015958297129717,-0.0020263133488667307
G0-local,48,AU,0,1,750,185,0.14145778307654497,-0.0039281207219559085
G0-local,48,VA,0,1,750,185,0.07606817227203706,0.00036952388605866537
G0-local,48,expression,0,1,750,185,0.09663276305319976,-0.0016026782817609847
G0-local,49,AU,0,1,750,484,0.1023110734523416,0.0010513387113527625
G0-local,49,VA,0,1,750,484,0.05810581484719812,-0.0005584016056872333
G0-local,49,expression,0,1,750,484,0.06529176772060621,-0.0003304436862141803
G0-local,50,AU,0,1,750,481,0.14245720218414074,-0.0001121617157263678
G0-local,50,VA,0,1,750,481,0.05981985696577552,-0.00016450325785868252
G0-local,50,expression,0,1,750,481,0.09011578100448045,-0.001560900811556037
G0-local,51,AU,0,1,750,384,0.14704062781230617,0.0018179716883140605
G0-local,51,VA,0,1,750,384,0.08271123795917638,-0.0004445031922459062
G0-local,51,expression,0,1,750,384,0.08555984513686023,-0.0003637672982352248
G0-local,52,AU,0,1,750,750,0.14291468409750782,-0.0010096729545451865
G0-local,52,AU,1,2,750,750,0.09186819977701938,0.0011190961323456578
G0-local,52,AU,2,3,750,750,0.07862961014289767,0.0020042005390719596
G0-local,52,AU,3,4,750,750,0.12123420929830116,-0.0015053760519099938
G0-local,52,AU,4,5,750,750,0.18362291794334495,0.002022851950655863
G0-local,52,AU,5,6,750,750,0.10398399505261273,0.0014319234167947984
G0-local,52,AU,6,7,750,446,0.15908615218440866,0.0008029678878212691
G0-local,52,VA,0,1,750,750,0.06751703094652022,-0.0002613272431882151
G0-local,52,VA,1,2,750,750,0.027891466847501156,6.144700351018433e-06
G0-local,52,VA,2,3,750,750,0.04428536878064058,0.0001155094087183102
G0-local,52,VA,3,4,750,750,0.0751602341601549,-0.00040166844804779043
G0-local,52,VA,4,5,750,750,0.09600922132236137,0.00019897874628515565
G0-local,52,VA,5,6,750,750,0.04797019996063025,2.6416589566579045e-05
G0-local,52,VA,6,7,750,446,0.04342290618136082,-0.0003184848484821053
G0-local,52,expression,0,1,750,750,0.09412374848606227,0.00038607537535632327
G0-local,52,expression,1,2,750,750,0.062303121586546516,0.00022859554709991656
G0-local,52,expression,2,3,750,750,0.07224286718192283,0.0008574624996363095
G0-local,52,expression,3,4,750,750,0.07888645031216648,0.0008768207613933041
G0-local,52,expression,4,5,750,750,0.10777530587089068,0.0003942506620783254
G0-local,52,expression,5,6,750,750,0.08940008386555721,-0.002185859254930005
G0-local,52,expression,6,7,750,446,0.08951499222471845,-0.000569235639263793
G0-local,53,AU,0,1,750,750,0.07743111260112423,-0.002148835951221256
G0-local,53,AU,1,2,750,750,0.10961911620989999,-4.682890424447682e-05
G0-local,53,AU,2,3,750,750,0.07069111057525869,-0.0009994124012491336
G0-local,53,AU,3,4,750,750,0.07626366565401851,-0.002602942685914148
G0-local,53,AU,4,5,750,750,0.08951550118748178,-0.002325498145055246
G0-local,53,AU,5,6,750,750,0.1436956286915564,-0.005137652017157043
G0-local,53,AU,6,7,750,693,0.19819744169900938,-0.0015395664866701276
G0-local,53,VA,0,1,750,750,0.05754681793094004,-0.000651538018113395
G0-local,53,VA,1,2,750,750,0.06339688343132246,-0.0002389698015937708
G0-local,53,VA,2,3,750,750,0.0373981668821171,0.00027072341383806175
G0-local,53,VA,3,4,750,750,0.05609741905794914,-0.0005701597219161547
G0-local,53,VA,4,5,750,750,0.059989024467776896,0.00016654209869954362
G0-local,53,VA,5,6,750,750,0.08640831187758695,-0.0007316448412051723
G0-local,53,VA,6,7,750,693,0.1238889309399415,0.00010194172743104452
G0-local,53,expression,0,1,750,750,0.06825642583720021,-0.0008129529380189215
G0-local,53,expression,1,2,750,750,0.0890944374941569,-0.0015912791381950619
G0-local,53,expression,2,3,750,750,0.06254172981004048,0.0016447852811729998
G0-local,53,expression,3,4,750,750,0.08681173612525252,-0.0025851423840705253
G0-local,53,expression,4,5,750,750,0.08086251990785445,-0.0011632888557001663
G0-local,53,expression,5,6,750,750,0.08504510659324796,-0.00150106183631637
G0-local,53,expression,6,7,750,693,0.115764075356561,-0.0005256880519209225
G0-local,54,AU,0,1,750,750,0.08415448122476499,0.0016336315016057831
G0-local,54,AU,1,2,750,750,0.15603477665021798,-0.00011698406805844182
G0-local,54,AU,2,3,750,750,0.10531462306887858,0.0008294476704857701
G0-local,54,AU,3,4,750,480,0.08697044010664129,0.0007212077102477332
G0-local,54,VA,0,1,750,750,0.05208543885055733,-0.00021564731775978294
G0-local,54,VA,1,2,750,750,0.07578419501248926,-0.0001420206080088775
G0-local,54,VA,2,3,750,750,0.06305671199128411,-1.60585556557052e-05
G0-local,54,VA,3,4,750,480,0.04115549641040872,0.0004829140726025767
G0-local,54,expression,0,1,750,750,0.0784363921700687,-0.0011983527595315368
G0-local,54,expression,1,2,750,750,0.09369258276626732,-0.0005215731768265507
G0-local,54,expression,2,3,750,750,0.06927656805989883,0.00027036199194944516
G0-local,54,expression,3,4,750,480,0.0845235741558224,0.0010627600383848732
G0-local,55,AU,0,1,750,750,0.09459125686375801,5.033550840735671e-05
G0-local,55,AU,1,2,750,750,0.10994263988801357,-0.001660720537364323
G0-local,55,AU,2,3,750,750,0.06357111847672178,-0.0008083033577863906
G0-local,55,AU,3,4,750,505,0.1805132440799886,-0.0029565241924981254
G0-local,55,VA,0,1,750,750,0.05639732852051166,-0.0001847304500843269
G0-local,55,VA,1,2,750,750,0.05689402317768655,-9.107157255056722e-05
G0-local,55,VA,2,3,750,750,0.042744945973125704,-0.0005121049795107433
G0-local,55,VA,3,4,750,505,0.08439296613362157,0.0003818026441988737
G0-local,55,expression,0,1,750,750,0.06731274628333425,-6.70831306829144e-05
G0-local,55,expression,1,2,750,750,0.07565329743156841,-0.00021121478212474544
G0-local,55,expression,2,3,750,750,0.06490068241585348,-0.0016287967720197414
G0-local,55,expression,3,4,750,505,0.10204199613964429,0.001784750229898508
G0-local,56,AU,0,1,750,239,0.14510257987763542,-0.0002458824483701687
G0-local,56,VA,0,1,750,239,0.07537899936659329,-0.00019354408034364285
G0-local,56,expression,0,1,750,239,0.06602962601120413,-0.00028883324773392105
G0-local,57,AU,0,1,750,265,0.17587221048526652,-0.003037648912186085
G0-local,57,VA,0,1,750,265,0.06069406635899042,-0.0002136584366149302
G0-local,57,expression,0,1,750,265,0.09504275617515216,0.0011604041508657449
G0-local,58,AU,0,1,750,448,0.1133342961331086,-0.00021234887037434953
G0-local,58,VA,0,1,750,448,0.0442551578758142,0.0003979496554756071
G0-local,58,expression,0,1,750,448,0.04908101204565111,0.0014168603748798115
G0-local,59,AU,0,1,750,179,0.11375967171533366,-0.0010792810682296525
G0-local,59,VA,0,1,750,179,0.06483511834947457,-0.000647845066072725
G0-local,59,expression,0,1,750,179,0.09510367771931663,-0.0020956710897903946
G0-local,60,AU,0,1,750,750,0.08996723773961697,0.0010125635251433188
G0-local,60,AU,1,2,750,392,0.0733863975558242,0.002687023882144511
G0-local,60,VA,0,1,750,750,0.04832337506501523,4.4274092611440194e-05
G0-local,60,VA,1,2,750,392,0.045388290642235,-0.00028633637469556076
G0-local,60,expression,0,1,750,750,0.06140759976123049,0.0004605662775478495
G0-local,60,expression,1,2,750,392,0.061423316835149046,0.002470223382871063
G0-local,61,AU,0,1,750,750,0.10420654644295305,0.006309248687112165
G0-local,61,AU,1,2,750,750,0.10064981618908148,1.4648529197932673e-05
G0-local,61,AU,2,3,750,750,0.08883593427754462,0.001112135748215506
G0-local,61,AU,3,4,750,455,0.09448258273086058,-0.0011525320055920515
G0-local,61,VA,0,1,750,750,0.0542942476387806,0.0007129447768809105
G0-local,61,VA,1,2,750,750,0.03248279210607822,0.0005036781737581972
G0-local,61,VA,2,3,750,750,0.05625340315083836,-0.0002180499876334968
G0-local,61,VA,3,4,750,455,0.03501189065693344,-3.366495021977887e-05
G0-local,61,expression,0,1,750,750,0.0714557606135541,0.0009314569014686654
G0-local,61,expression,1,2,750,750,0.056168851985504295,-0.00024080814426696596
G0-local,61,expression,2,3,750,750,0.06605905371643986,-0.0009644330887736991
G0-local,61,expression,3,4,750,455,0.06088600818499475,0.00028403609697151555
G0-local,62,AU,0,1,750,750,0.07439096990994917,-0.0019040869469438759
G0-local,62,AU,1,2,750,750,0.06333429754077535,-0.002623069620782688
G0-local,62,AU,2,3,750,750,0.05261059531366547,0.0013379026071221602
G0-local,62,AU,3,4,750,334,0.07867365208035836,0.0006520632812683954
G0-local,62,VA,0,1,750,750,0.05135078047404342,-0.00035426165138710563
G0-local,62,VA,1,2,750,750,0.03740227145410285,1.6912816379761864e-05
G0-local,62,VA,2,3,750,750,0.04212115188475103,-9.794058169826342e-05
G0-local,62,VA,3,4,750,334,0.04773980509565859,0.0007770157295129247
G0-local,62,expression,0,1,750,750,0.0857929527138149,-0.0012735306007610632
G0-local,62,expression,1,2,750,750,0.09136639569491306,-0.004223954267370743
G0-local,62,expression,2,3,750,750,0.0801796916465993,-0.0006953121141783213
G0-local,62,expression,3,4,750,334,0.08115777436540027,0.001634608131995482
G0-local,63,AU,0,1,750,750,0.08285764940426485,-0.0006674285904082538
G0-local,63,AU,1,2,750,750,0.09360347121392833,0.0020726117859058385
G0-local,63,AU,2,3,750,750,0.09301674148449587,0.001965583467901481
G0-local,63,AU,3,4,750,599,0.14131699844560203,-0.0017269182647503736
G0-local,63,VA,0,1,750,750,0.053822804800827836,-0.0006588155199529052
G0-local,63,VA,1,2,750,750,0.04977136979286346,-0.0002466378146269094
G0-local,63,VA,2,3,750,750,0.05481480142265149,8.86396372233502e-05
G0-local,63,VA,3,4,750,599,0.06549266262753864,-2.0948721607539412e-05
G0-local,63,expression,0,1,750,750,0.06797579114848332,-0.000638287980093836
G0-local,63,expression,1,2,750,750,0.07914130829435,-0.0010102349536118523
G0-local,63,expression,2,3,750,750,0.09711560871206468,-7.385888405329434e-05
G0-local,63,expression,3,4,750,599,0.09177403381271705,0.002061212149340995
G0-local,64,AU,0,1,750,750,0.10191574949194067,-8.44678437338694e-05
G0-local,64,AU,1,2,750,750,0.11531847768225892,-0.0013144100206751962
G0-local,64,AU,2,3,750,360,0.11477190242468109,-0.0010594291341817783
G0-local,64,VA,0,1,750,750,0.048301466888026036,0.0003902489380343439
G0-local,64,VA,1,2,750,750,0.07712040545160247,-0.00021924987757247994
G0-local,64,VA,2,3,750,360,0.053540339924372723,8.387291953712833e-06
G0-local,64,expression,0,1,750,750,0.08947551772288916,0.0005456408216172202
G0-local,64,expression,1,2,750,750,0.1151625663863595,-0.0010057771794265017
G0-local,64,expression,2,3,750,360,0.1007256413785074,-0.0005670190061730338
G0-local,65,AU,0,1,750,750,0.08622233033771626,0.0014862250048982277
G0-local,65,AU,1,2,750,185,0.1569134850842241,-0.002777321463499395
G0-local,65,VA,0,1,750,750,0.049302204466885234,0.00030269637533506953
G0-local,65,VA,1,2,750,185,0.07862890913211687,5.175819418537267e-05
G0-local,65,expression,0,1,750,750,0.06424890192418478,0.0005665753388350274
G0-local,65,expression,1,2,750,185,0.11181971354070323,-0.001026314874234166
G0-local,66,AU,0,1,750,750,0.10172884221872323,0.0004153199966578866
G0-local,66,AU,1,2,750,750,0.09763679572108092,-0.00028935187286099185
G0-local,66,AU,2,3,750,363,0.1329733698839255,-0.0006646729069335794
G0-local,66,VA,0,1,750,750,0.05045420496622507,-0.0004548041296424607
G0-local,66,VA,1,2,750,750,0.030731445087453534,0.0004404720394496197
G0-local,66,VA,2,3,750,363,0.0637665574326344,7.532936207037146e-05
G0-local,66,expression,0,1,750,750,0.08805945443181515,-0.0002699121512998753
G0-local,66,expression,1,2,750,750,0.07392877193509688,0.0005303333674664257
G0-local,66,expression,2,3,750,363,0.08322787024785348,-8.221430847779181e-05
G0-local,67,AU,0,1,750,750,0.08505653368463958,0.0014194682852802034
G0-local,67,AU,1,2,750,209,0.09404388374822059,-0.00050088565202111
G0-local,67,VA,0,1,750,750,0.03833493230585664,0.00016130920237221902
G0-local,67,VA,1,2,750,209,0.06865218065695144,-0.0002661890733926009
G0-local,67,expression,0,1,750,750,0.052698389831768375,0.0007370023961715316
G0-local,67,expression,1,2,750,209,0.0639846935772038,-0.0006599289356504244
G0-local,68,AU,0,1,750,750,0.05766167885932152,0.001980392291055469
G0-local,68,AU,1,2,750,750,0.08245856157137832,-0.0006872065712881388
G0-local,68,AU,2,3,750,750,0.08195677808713808,0.0032385147625132796
G0-local,68,AU,3,4,750,750,0.07299283818355702,-0.0014952083061115405
G0-local,68,AU,4,5,750,750,0.056178100128178816,0.0020816704550651577
G0-local,68,AU,5,6,750,58,0.13359585321246126,0.0014106670624084864
G0-local,68,VA,0,1,750,750,0.04510722280750131,9.109140835977935e-05
G0-local,68,VA,1,2,750,750,0.04555349018100087,-0.0003648932538703705
G0-local,68,VA,2,3,750,750,0.03887632493366892,-3.248823146731393e-05
G0-local,68,VA,3,4,750,750,0.03587833407486081,-0.00030015062261363757
G0-local,68,VA,4,5,750,750,0.04414077598436755,9.230527950810696e-05
G0-local,68,VA,5,6,750,58,0.19809982186529015,2.5971533416671675e-06
G0-local,68,expression,0,1,750,750,0.06229910142705619,0.00019002941122495343
G0-local,68,expression,1,2,750,750,0.06865114516192164,-0.0007006575913497572
G0-local,68,expression,2,3,750,750,0.07860903708066104,-0.0011324525173847019
G0-local,68,expression,3,4,750,750,0.08202813185933855,-0.0026429944260756935
G0-local,68,expression,4,5,750,750,0.07670887024585367,0.0032870812432576673
G0-local,68,expression,5,6,750,58,0.10147884622259958,0.006488793596858943
G0-local,69,AU,0,1,750,750,0.04659716855302372,0.00019685428298903417
G0-local,69,AU,1,2,750,750,0.04247555804801498,0.0010111325107641416
G0-local,69,AU,2,3,750,750,0.06801800562683875,-0.004242443346630317
G0-local,69,AU,3,4,750,750,0.05228176260020953,-0.0011980977714105372
G0-local,69,AU,4,5,750,723,0.07593730028506541,-0.003162864921922326
G0-local,69,VA,0,1,750,750,0.029809230815349398,0.0003223048386018101
G0-local,69,VA,1,2,750,750,0.03200007876079829,0.00014836903567652472
G0-local,69,VA,2,3,750,750,0.022115724203683455,0.00016974148095769343
G0-local,69,VA,3,4,750,750,0.034211630648494126,-0.0001840172869756368
G0-local,69,VA,4,5,750,723,0.04617761261549792,-8.699334052226604e-05
G0-local,69,expression,0,1,750,750,0.06780488467217563,0.00010171991256229727
G0-local,69,expression,1,2,750,750,0.06072883373261699,-0.0005805741060021859
G0-local,69,expression,2,3,750,750,0.05996393332094295,0.0006615132157221679
G0-local,69,expression,3,4,750,750,0.06747262891204833,-0.0016285066197758988
G0-local,69,expression,4,5,750,723,0.08647943814100409,-0.0017778514070289106
G0-local,70,AU,0,1,750,750,0.06519640309928992,0.00033253048927077997
G0-local,70,AU,1,2,750,750,0.042929625661948446,0.001299601482581517
G0-local,70,AU,2,3,750,750,0.05131877690395991,-0.0020287988711563663
G0-local,70,AU,3,4,750,729,0.04380213346983583,0.0008721924989839458
G0-local,70,VA,0,1,750,750,0.04244121255934041,9.974023797925423e-05
G0-local,70,VA,1,2,750,750,0.03229461281769229,8.0685966113336e-05
G0-local,70,VA,2,3,750,750,0.038283219549984884,-0.0004337876368182371
G0-local,70,VA,3,4,750,729,0.0371428781195849,2.778007326670654e-05
G0-local,70,expression,0,1,750,750,0.07679194521192041,0.0006371048011199658
G0-local,70,expression,1,2,750,750,0.07467867323945576,-4.717530784571583e-06
G0-local,70,expression,2,3,750,750,0.07504161406348325,-0.0013178460874675075
G0-local,70,expression,3,4,750,729,0.04925300721875658,0.0024362298194379453
G0-local,71,AU,0,1,750,750,0.061345411872604755,0.001311021495506706
G0-local,71,AU,1,2,750,750,0.03474182178433876,0.006118142692770002
G0-local,71,AU,2,3,750,750,0.0707038297058955,9.126899113487336e-05
G0-local,71,AU,3,4,750,750,0.08186422113385725,-0.0010812798509029324
G0-local,71,AU,4,5,750,750,0.06736140925616269,0.0006373130299380714
G0-local,71,AU,5,6,750,61,0.13348115067566926,0.006842057836557496
G0-local,71,VA,0,1,750,750,0.02940053066640212,2.5271511948940206e-05
G0-local,71,VA,1,2,750,750,0.028955229907009196,5.3291546110638355e-05
G0-local,71,VA,2,3,750,750,0.05136175725604699,2.8611063219866748e-05
G0-local,71,VA,3,4,750,750,0.053849977414462645,0.00021788280589043972
G0-local,71,VA,4,5,750,750,0.051798962070880826,-9.30007293894178e-05
G0-local,71,VA,5,6,750,61,0.19604606000812988,-0.0009794521659682112
G0-local,71,expression,0,1,750,750,0.07281977362577405,0.0009357275075064333
G0-local,71,expression,1,2,750,750,0.056896518351237116,0.000571911229201835
G0-local,71,expression,2,3,750,750,0.07447805269709477,0.0011298563963619349
G0-local,71,expression,3,4,750,750,0.08572503364636733,-0.00014510862710454328
G0-local,71,expression,4,5,750,750,0.08333161782612121,0.0009973080468272215
G0-local,71,expression,5,6,750,61,0.1518025812780164,-0.00041895969820322955
G0-local,72,AU,0,1,750,750,0.08217795500456938,-0.00014359006275237225
G0-local,72,AU,1,2,750,750,0.06979910542954913,0.0006026789533761488
G0-local,72,AU,2,3,750,750,0.09339963829959769,-0.003062204983264295
G0-local,72,AU,3,4,750,416,0.0919184491945254,-0.0015461632708852074
G0-local,72,VA,0,1,750,750,0.038875546373452134,-8.26050139050809e-05
G0-local,72,VA,1,2,750,750,0.044926128832760634,-4.731466839095647e-05
G0-local,72,VA,2,3,750,750,0.052589149675747224,-0.000156458697715571
G0-local,72,VA,3,4,750,416,0.05837769044269869,-0.00030912420019150864
G0-local,72,expression,0,1,750,750,0.05705910078641363,-0.0003640739665190191
G0-local,72,expression,1,2,750,750,0.06816395078974233,-0.0005188298687414774
G0-local,72,expression,2,3,750,750,0.0748154438572767,-0.0013054691603188145
G0-local,72,expression,3,4,750,416,0.07953405267569899,-0.0014831019067918243
G0-local,73,AU,0,1,750,750,0.08390377625137219,-0.0007873132139024782
G0-local,73,AU,1,2,750,750,0.05521715296859881,0.000784290374398676
G0-local,73,AU,2,3,750,750,0.07116421621775143,-0.0012385180622536492
G0-local,73,AU,3,4,750,596,0.06645467567420034,0.0006969973083675477
G0-local,73,VA,0,1,750,750,0.04130373194665905,-0.00011972000141303127
G0-local,73,VA,1,2,750,750,0.025251897966913323,0.0003129235641779256
G0-local,73,VA,2,3,750,750,0.033850112321633125,2.0771548766526193e-05
G0-local,73,VA,3,4,750,596,0.041671201682782225,-6.928930479201936e-05
G0-local,73,expression,0,1,750,750,0.0580323656969984,0.0015110874565517753
G0-local,73,expression,1,2,750,750,0.044506775470329205,0.0007643247487485808
G0-local,73,expression,2,3,750,750,0.06237501208740244,0.0005021868399900369
G0-local,73,expression,3,4,750,596,0.06441523423926891,-0.0009506890813430231
G0-local,74,AU,0,1,750,750,0.08243692875837567,0.0014141971918181684
G0-local,74,AU,1,2,750,750,0.09073969814033035,-0.002363104410985226
G0-local,74,AU,2,3,750,750,0.11076045293152849,-0.0011416965121830906
G0-local,74,AU,3,4,750,750,0.13450263122545147,0.0001141079384062073
G0-local,74,AU,4,5,750,750,0.14072625595225763,-0.0008186585988979338
G0-local,74,AU,5,6,750,750,0.1063014481805598,0.0021896167981040274
G0-local,74,AU,6,7,750,29,0.25289612016091534,0.00108995518508699
G0-local,74,VA,0,1,750,750,0.028878401349408767,0.0004727940904321172
G0-local,74,VA,1,2,750,750,0.03274094635630202,0.00026741884098551203
G0-local,74,VA,2,3,750,750,0.05237762819167482,-0.00030721585055594735
G0-local,74,VA,3,4,750,750,0.053594659916121445,-9.449162328647342e-05
G0-local,74,VA,4,5,750,750,0.08639503924879119,-0.0003812529857345094
G0-local,74,VA,5,6,750,750,0.0463098424805435,-0.0004368903404867411
G0-local,74,VA,6,7,750,29,0.2781612504938084,-0.001475661711661648
G0-local,74,expression,0,1,750,750,0.053145223037507947,0.00025491999376848866
G0-local,74,expression,1,2,750,750,0.05706597513329218,-0.0003556939774299997
G0-local,74,expression,2,3,750,750,0.07713637521078923,-0.0013406220954604818
G0-local,74,expression,3,4,750,750,0.07275503250274076,0.0019039928599587563
G0-local,74,expression,4,5,750,750,0.10293351087860705,-0.0005922667375929156
G0-local,74,expression,5,6,750,750,0.093535584410435,-0.0006752361187161892
G0-local,74,expression,6,7,750,29,0.13140430629877384,-0.00020156225020625954
G0-local,75,AU,0,1,750,750,0.12890697211239,0.0005945723986701191
G0-local,75,AU,1,2,750,750,0.07267613035785156,0.0012898189128769536
G0-local,75,AU,2,3,750,750,0.08680243376242942,0.003013485514219051
G0-local,75,AU,3,4,750,750,0.10141631169000957,-0.0002024532231051329
G0-local,75,AU,4,5,750,750,0.0733933936268385,-0.0002564842904240955
G0-local,75,AU,5,6,750,750,0.09492916945578381,-0.0005020047679490555
G0-local,75,AU,6,7,750,206,0.24025447670908373,-0.002712780182455327
G0-local,75,VA,0,1,750,750,0.07202228664898805,-0.00015681248872656284
G0-local,75,VA,1,2,750,750,0.03962580150050889,0.00015987645905918618
G0-local,75,VA,2,3,750,750,0.03224529899132662,0.0002758326949250041
G0-local,75,VA,3,4,750,750,0.05091776255455831,-0.00018596766248972886
G0-local,75,VA,4,5,750,750,0.05273428145098915,-0.0006235680601659019
G0-local,75,VA,5,6,750,750,0.09924828163969306,0.00022598223661100342
G0-local,75,VA,6,7,750,206,0.08514301063293125,-0.0008291855664703369
G0-local,75,expression,0,1,750,750,0.0764519234435447,-0.00017819824444245298
G0-local,75,expression,1,2,750,750,0.06286676335378928,0.0015707569586230464
G0-local,75,expression,2,3,750,750,0.05587428240307516,-0.00011681825831741209
G0-local,75,expression,3,4,750,750,0.0645853180559685,-0.0005138178181975956
G0-local,75,expression,4,5,750,750,0.07465753210458934,-0.00031035763134147664
G0-local,75,expression,5,6,750,750,0.12062283987698526,0.0007228131646881443
G0-local,75,expression,6,7,750,206,0.11284666352414432,0.0008145578261302109
G0-local,76,AU,0,1,750,750,0.11803394189995838,0.0011279276941722968
G0-local,76,AU,1,2,750,750,0.07937029809165776,-0.0006102872317038773
G0-local,76,AU,2,3,750,750,0.09470798333348625,-0.0015291036435302117
G0-local,76,AU,3,4,750,209,0.12964419538141805,-0.00026236922967435634
G0-local,76,VA,0,1,750,750,0.06840787120485839,-0.00010178045009504296
G0-local,76,VA,1,2,750,750,0.044285737090122276,-0.00038186906172899687
G0-local,76,VA,2,3,750,750,0.05612388825659211,-0.0010448744232945196
G0-local,76,VA,3,4,750,209,0.06893915808736407,-0.0005715998992869523
G0-local,76,expression,0,1,750,750,0.08261676607796294,-1.0401830825244356e-05
G0-local,76,expression,1,2,750,750,0.06868269199708646,-0.0003268211589642487
G0-local,76,expression,2,3,750,750,0.0723532909638702,-0.0025767917379550757
G0-local,76,expression,3,4,750,209,0.08214778507179887,-0.001353932123421926
G0-local,77,AU,0,1,750,750,0.09126342318555809,-0.0012648703526639863
G0-local,77,AU,1,2,750,683,0.11052771936485589,-0.0015131716756037515
G0-local,77,VA,0,1,750,750,0.055408200975769574,6.016731810233113e-05
G0-local,77,VA,1,2,750,683,0.04834601759603964,-8.298444805777018e-05
G0-local,77,expression,0,1,750,750,0.07330544588904334,-2.423159338418741e-05
G0-local,77,expression,1,2,750,683,0.07391681646319123,-0.0006027032565675411
G0-local,78,AU,0,1,750,750,0.09532314437835333,0.0011990415799090935
G0-local,78,AU,1,2,750,750,0.14115447320045205,-0.00469778229470267
G0-local,78,AU,2,3,750,750,0.09780212878881994,0.0007871759815611966
G0-local,78,AU,3,4,750,750,0.05794008697508993,0.0013122411438012938
G0-local,78,AU,4,5,750,750,0.06024101808077345,-0.00019214939621580796
G0-local,78,AU,5,6,750,750,0.07539476571205544,-0.0032027637182450376
G0-local,78,AU,6,7,750,750,0.06695232404831339,0.00023827015377116828
G0-local,78,AU,7,8,750,750,0.162266956032361,-0.004385021192947176
G0-local,78,AU,8,9,750,31,0.17956556634974707,0.003618021229697626
G0-local,78,VA,0,1,750,750,0.04389408113796941,-0.00011209980343568017
G0-local,78,VA,1,2,750,750,0.07829829638292858,-0.00048727272768217474
G0-local,78,VA,2,3,750,750,0.06287770976198129,-0.0003623909656818069
G0-local,78,VA,3,4,750,750,0.03422268104949932,0.00021375947051481051
G0-local,78,VA,4,5,750,750,0.032460817946781274,0.00022837637965011722
G0-local,78,VA,5,6,750,750,0.058384051060901276,-6.727930146787863e-05
G0-local,78,VA,6,7,750,750,0.0647756883731638,9.942443510241464e-06
G0-local,78,VA,7,8,750,750,0.14126161540709536,-0.0004621933204400815
G0-local,78,VA,8,9,750,31,0.20648855043353223,0.0025486149096754515
G0-local,78,expression,0,1,750,750,0.08045617947099593,-0.001896286821676445
G0-local,78,expression,1,2,750,750,0.08168085204304162,-0.00013611265334019775
G0-local,78,expression,2,3,750,750,0.08907285540798152,-0.0022273023417959522
G0-local,78,expression,3,4,750,750,0.06638342607724282,0.0007154014624558342
G0-local,78,expression,4,5,750,750,0.05752679654784203,-0.00021600970322080255
G0-local,78,expression,5,6,750,750,0.08380793344794929,-1.5673089767552848e-05
G0-local,78,expression,6,7,750,750,0.10675822402629395,0.00039968313929355706
G0-local,78,expression,7,8,750,750,0.13745207578562293,5.676037799549441e-05
G0-local,78,expression,8,9,750,31,0.14911824220647055,0.0011772232532477728
G0-local,79,AU,0,1,750,750,0.12343175386911573,-0.0002325511352506478
G0-local,79,AU,1,2,750,154,0.11705916149725544,0.0015377077656518383
G0-local,79,VA,0,1,750,750,0.04482197301779656,2.2663913890589235e-05
G0-local,79,VA,1,2,750,154,0.062374747512171716,0.0003845860329813357
G0-local,79,expression,0,1,750,750,0.07852393015667479,0.0016387608735286988
G0-local,79,expression,1,2,750,154,0.10080606428803748,0.00016395259877944896
G1-shared,0,AU,0,1,750,750,0.06724534772676902,0.023334878801776746
G1-shared,0,AU,1,2,750,426,0.043707017053657475,0.0330946902078582
G1-shared,0,VA,0,1,750,750,0.04703481714486808,0.017587608212919374
G1-shared,0,VA,1,2,750,426,0.031908061141623215,0.021718288230574503
G1-shared,0,expression,0,1,750,750,0.0489409490230063,0.023956255834833167
G1-shared,0,expression,1,2,750,426,0.03918650250418954,0.028603988433688794
G1-shared,1,AU,0,1,750,417,0.04819937442264627,0.02301355299126737
G1-shared,1,VA,0,1,750,417,0.02966465323266374,0.005535323194930253
G1-shared,1,expression,0,1,750,417,0.030988335241186736,0.023301825152741353
G1-shared,2,AU,0,1,750,720,0.045975150312228215,0.023586137142829474
G1-shared,2,VA,0,1,750,720,0.04839928612492889,0.007834506241513071
G1-shared,2,expression,0,1,750,720,0.0540441313027179,0.012281257738257405
G1-shared,4,AU,0,1,750,303,0.059262494333668744,0.018620552609651578
G1-shared,4,VA,0,1,750,303,0.043287658817948715,0.008006345585576644
G1-shared,4,expression,0,1,750,303,0.04739188213788827,0.014641909570867275
G1-shared,5,AU,0,1,750,298,0.09159246271382708,0.021288248925215233
G1-shared,5,VA,0,1,750,298,0.06606446590776456,0.008046419112894011
G1-shared,5,expression,0,1,750,298,0.06507023576963476,0.014212218208429099
G1-shared,6,AU,0,1,750,750,0.04572598787824627,0.01885349597958946
G1-shared,6,AU,1,2,750,750,0.08179141181827906,0.022745825160719244
G1-shared,6,AU,2,3,750,149,0.06450160706582314,0.028962327466915842
G1-shared,6,VA,0,1,750,750,0.0367894616082897,0.006643942568091151
G1-shared,6,VA,1,2,750,750,0.05070377142388879,0.007856329860614238
G1-shared,6,VA,2,3,750,149,0.0501389035804385,0.010422232055966188
G1-shared,6,expression,0,1,750,750,0.03322587538399771,0.010123938992390946
G1-shared,6,expression,1,2,750,750,0.06754055420668323,0.009770906031694936
G1-shared,6,expression,2,3,750,149,0.04293594906017078,0.01664252681204663
G1-shared,7,AU,0,1,750,750,0.0583273612658358,0.025409775042702656
G1-shared,7,AU,1,2,750,422,0.04936901297566851,0.028510631545709833
G1-shared,7,VA,0,1,750,750,0.03916336670291457,0.019121079777852587
G1-shared,7,VA,1,2,750,422,0.04064066922101174,0.02300133850922074
G1-shared,7,expression,0,1,750,750,0.041826743483849835,0.018352397533063367
G1-shared,7,expression,1,2,750,422,0.05500384788270768,0.02463379237062837
G1-shared,8,AU,0,1,750,750,0.07092313385177694,0.019312561296637283
G1-shared,8,AU,1,2,750,568,0.02507182602807008,0.023182641259617158
G1-shared,8,VA,0,1,750,750,0.053109905689196234,0.007947161177879804
G1-shared,8,VA,1,2,750,568,0.024844783054500892,0.0078045614668904905
G1-shared,8,expression,0,1,750,750,0.06802699074111947,0.009055286007935053
G1-shared,8,expression,1,2,750,568,0.030839067641779943,0.015890717979848635
G1-shared,9,AU,0,1,750,747,0.07504392904610123,0.013502357308694726
G1-shared,9,VA,0,1,750,747,0.037635627058655474,0.012394872144269709
G1-shared,9,expression,0,1,750,747,0.03704943086379401,0.008425870447918296
G1-shared,10,AU,0,1,750,750,0.0609870601377758,0.02842502488855601
G1-shared,10,AU,1,2,750,58,0.09797660252318764,0.023563185115547395
G1-shared,10,VA,0,1,750,750,0.044276974842409014,0.007573137977272849
G1-shared,10,VA,1,2,750,58,0.07376352799024971,0.010690024440581591
G1-shared,10,expression,0,1,750,750,0.04473286828128781,0.019341954191792618
G1-shared,10,expression,1,2,750,58,0.08110262837022683,0.01893701546982892
G1-shared,11,AU,0,1,750,477,0.1311368876328294,0.010037309692003423
G1-shared,11,VA,0,1,750,477,0.08084982322384224,0.0049464150465716806
G1-shared,11,expression,0,1,750,477,0.09664394232161841,0.0056038333094533665
G1-shared,12,AU,0,1,750,750,0.06517671516098208,0.01369292343750003
G1-shared,12,AU,1,2,750,750,0.021199535443127183,0.018381687279965274
G1-shared,12,AU,2,3,750,750,0.0671432818345351,0.01712700551571445
G1-shared,12,AU,3,4,750,750,0.0789302086234626,0.0181530902284796
G1-shared,12,AU,4,5,750,397,0.07768554590077643,0.017751192187874198
G1-shared,12,VA,0,1,750,750,0.05784873666571342,0.009718263705032806
G1-shared,12,VA,1,2,750,750,0.0169730402921181,0.010935947470413538
G1-shared,12,VA,2,3,750,750,0.036680973821866296,0.011512008856949328
G1-shared,12,VA,3,4,750,750,0.05376017399378733,0.011703319802127613
G1-shared,12,VA,4,5,750,397,0.06964112910318308,0.010635025059703576
G1-shared,12,expression,0,1,750,750,0.05046981415598627,0.01705287199107378
G1-shared,12,expression,1,2,750,750,0.023110525156220654,0.025406038127519556
G1-shared,12,expression,2,3,750,750,0.06108471223779331,0.023199212685775114
G1-shared,12,expression,3,4,750,750,0.07132548002986673,0.023256306695189202
G1-shared,12,expression,4,5,750,397,0.08233188604371905,0.022325191180216936
G1-shared,13,AU,0,1,750,750,0.061272440192308576,0.01781363348560788
G1-shared,13,AU,1,2,750,750,0.026123998358709734,0.023082839086783644
G1-shared,13,AU,2,3,750,750,0.04104664105724587,0.024919211884937023
G1-shared,13,AU,3,4,750,750,0.03502687653751265,0.028869071710851252
G1-shared,13,AU,4,5,750,750,0.029743128921074967,0.02982461602306702
G1-shared,13,AU,5,6,750,276,0.05056581139196403,0.02431585335023997
G1-shared,13,VA,0,1,750,750,0.02426641497403489,0.010154516550035023
G1-shared,13,VA,1,2,750,750,0.02673655860057449,0.010453105330524882
G1-shared,13,VA,2,3,750,750,0.03850801113173147,0.010827002885508034
G1-shared,13,VA,3,4,750,750,0.023446842650093596,0.010858641132504447
G1-shared,13,VA,4,5,750,750,0.02630753234361738,0.011625897640374706
G1-shared,13,VA,5,6,750,276,0.03317592428539436,0.009647019085688824
G1-shared,13,expression,0,1,750,750,0.019913450696622828,0.01762596771413231
G1-shared,13,expression,1,2,750,750,0.027818906330264043,0.01959258911284297
G1-shared,13,expression,2,3,750,750,0.026898525381647755,0.021461827041765625
G1-shared,13,expression,3,4,750,750,0.02338866282305877,0.022068537207022235
G1-shared,13,expression,4,5,750,750,0.020741560174680252,0.026623450087770232
G1-shared,13,expression,5,6,750,276,0.052753904499967176,0.02451547203914362
G1-shared,14,AU,0,1,750,750,0.06709040424117899,0.01169177899081506
G1-shared,14,AU,1,2,750,750,0.03542699528946786,0.015617870530338532
G1-shared,14,AU,2,3,750,750,0.02850526339650544,0.013998305702308835
G1-shared,14,AU,3,4,750,750,0.036901032460368396,0.012036727394574362
G1-shared,14,AU,4,5,750,660,0.018910841222553897,0.013872099702987549
G1-shared,14,VA,0,1,750,750,0.04135100438573565,0.007833598835308585
G1-shared,14,VA,1,2,750,750,0.02536376632126982,0.008580233021883887
G1-shared,14,VA,2,3,750,750,0.022314263294071435,0.007651356092984017
G1-shared,14,VA,3,4,750,750,0.026838077203068376,0.006840419871017411
G1-shared,14,VA,4,5,750,660,0.029550026007592427,0.006468374073293104
G1-shared,14,expression,0,1,750,750,0.04028015150841211,0.006018451359523373
G1-shared,14,expression,1,2,750,750,0.025242123155007484,0.007988876130743318
G1-shared,14,expression,2,3,750,750,0.021401218566176893,0.0068570228955257065
G1-shared,14,expression,3,4,750,750,0.0350166912403518,0.004636355327403849
G1-shared,14,expression,4,5,750,660,0.015833748880729068,0.004495005818784551
G1-shared,15,AU,0,1,750,750,0.07765704836753033,0.018300567551627928
G1-shared,15,AU,1,2,750,480,0.0373252770788868,0.023495211302660537
G1-shared,15,VA,0,1,750,750,0.029449961639690082,0.00829295878261614
G1-shared,15,VA,1,2,750,480,0.02872118352700051,0.009148880551411305
G1-shared,15,expression,0,1,750,750,0.03964086389276491,0.031779546947325155
G1-shared,15,expression,1,2,750,480,0.03394060345933885,0.034099187878983014
G1-shared,16,AU,0,1,750,335,0.06418611348919488,0.0179916751091275
G1-shared,16,VA,0,1,750,335,0.03992543365752586,0.009076738765289591
G1-shared,16,expression,0,1,750,335,0.03735058834943235,0.015167245787868853
G1-shared,17,AU,0,1,750,750,0.052666233249712695,0.013605210296866921
G1-shared,17,AU,1,2,750,750,0.038249675588329014,0.017372162631722678
G1-shared,17,AU,2,3,750,750,0.025849228913013677,0.020241311640373228
G1-shared,17,AU,3,4,750,750,0.05591222908828444,0.01867944520021144
G1-shared,17,AU,4,5,750,96,0.07712328256730579,0.016634454657121996
G1-shared,17,VA,0,1,750,750,0.041509160195200526,0.005275373075613486
G1-shared,17,VA,1,2,750,750,0.02552309604239127,0.005738519967346558
G1-shared,17,VA,2,3,750,750,0.02255847055988125,0.0057412441730928096
G1-shared,17,VA,3,4,750,750,0.03207038651172788,0.0052040388534717215
G1-shared,17,VA,4,5,750,96,0.04654553572326675,0.004982278252920917
G1-shared,17,expression,0,1,750,750,0.043991454312099124,0.010728628716342068
G1-shared,17,expression,1,2,750,750,0.03994510496897935,0.014481356200266492
G1-shared,17,expression,2,3,750,750,0.022158388749329874,0.016972534553187913
G1-shared,17,expression,3,4,750,750,0.054859110501705485,0.010504460974277765
G1-shared,17,expression,4,5,750,96,0.0725561260045311,0.009665524778776032
G1-shared,18,AU,0,1,750,750,0.06105074984332244,0.011227588873986734
G1-shared,18,AU,1,2,750,570,0.04035421785846549,0.014819935109269551
G1-shared,18,VA,0,1,750,750,0.036017647933119616,0.008701995942934651
G1-shared,18,VA,1,2,750,570,0.018321335092564665,0.008926052687079968
G1-shared,18,expression,0,1,750,750,0.024552345140317088,0.01101235468737277
G1-shared,18,expression,1,2,750,570,0.028138448116377744,0.014898211881041238
G1-shared,19,AU,0,1,750,750,0.06044731805114819,0.00712844238695031
G1-shared,19,AU,1,2,750,750,0.042909651133768933,0.013771858353940201
G1-shared,19,AU,2,3,750,85,0.057392782152935015,0.013962900341777789
G1-shared,19,VA,0,1,750,750,0.045630670714811764,0.00864848558592895
G1-shared,19,VA,1,2,750,750,0.030986620349403103,0.00864435324753071
G1-shared,19,VA,2,3,750,85,0.05754936834438033,0.00985391917448559
G1-shared,19,expression,0,1,750,750,0.019523480841670656,0.007728583965868392
G1-shared,19,expression,1,2,750,750,0.04209343365878162,0.00983477257781822
G1-shared,19,expression,2,3,750,85,0.04696140264488201,0.01295263130935837
G1-shared,20,AU,0,1,750,359,0.0642332456142778,0.009934195272650138
G1-shared,20,VA,0,1,750,359,0.04207021175092153,0.007634573120310053
G1-shared,20,expression,0,1,750,359,0.03893244048607791,0.00808671128999918
G1-shared,21,AU,0,1,750,270,0.0668461407752412,0.012824051880794867
G1-shared,21,VA,0,1,750,270,0.035681339143361315,0.005419270467301356
G1-shared,21,expression,0,1,750,270,0.053283328131644235,0.020180316038095756
G1-shared,22,AU,0,1,750,185,0.08478175518425342,0.010902444017247548
G1-shared,22,VA,0,1,750,185,0.04956063394375737,0.009468853249654009
G1-shared,22,expression,0,1,750,185,0.05466498112813549,0.0241924716747461
G1-shared,23,AU,0,1,750,301,0.055157138331965734,0.014251831845081156
G1-shared,23,VA,0,1,750,301,0.03909710993041301,0.005858371104114706
G1-shared,23,expression,0,1,750,301,0.03680108911540981,0.009252124643642959
G1-shared,24,AU,0,1,750,240,0.08433268945452713,0.02033061884937394
G1-shared,24,VA,0,1,750,240,0.03921000594590176,0.00594134693100206
G1-shared,24,expression,0,1,750,240,0.04564551106889864,0.019068440582710827
G1-shared,25,AU,0,1,750,234,0.08632678881219072,0.023303022963081496
G1-shared,25,VA,0,1,750,234,0.049396650430850265,0.004648404147776179
G1-shared,25,expression,0,1,750,234,0.05405889887266938,0.02359650495397338
G1-shared,26,AU,0,1,750,663,0.05118029197607829,0.029887889145320985
G1-shared,26,VA,0,1,750,663,0.030084954305630546,0.010116232009434652
G1-shared,26,expression,0,1,750,663,0.03157156494548189,0.02665132368267724
G1-shared,27,AU,0,1,750,506,0.07650365336200907,0.01053384053838669
G1-shared,27,VA,0,1,750,506,0.021742102643446077,0.005029645788904263
G1-shared,27,expression,0,1,750,506,0.03591676698117159,0.01896469458422914
G1-shared,30,AU,0,1,750,482,0.034670826273844074,0.022337553389346166
G1-shared,30,VA,0,1,750,482,0.048526584328820774,0.005576624799656748
G1-shared,30,expression,0,1,750,482,0.034003423887159816,0.011285720074597182
G1-shared,31,AU,0,1,750,120,0.07383917835319984,0.01164752346622048
G1-shared,31,VA,0,1,750,120,0.04447489704260592,0.00552268268230223
G1-shared,31,expression,0,1,750,120,0.05031811438790497,0.008809017043638913
G1-shared,34,AU,0,1,750,483,0.08181945520188882,0.014171435025521241
G1-shared,34,VA,0,1,750,483,0.04940274372726943,0.016085202336895307
G1-shared,34,expression,0,1,750,483,0.048889562989607935,0.03152929572480908
G1-shared,42,AU,0,1,750,600,0.04894012756576919,0.019777831386663794
G1-shared,42,VA,0,1,750,600,0.031882655707752436,0.011720901252294743
G1-shared,42,expression,0,1,750,600,0.03514352382155964,0.033055383155648724
G1-shared,43,AU,0,1,750,306,0.09580802255795232,0.011058732839058014
G1-shared,43,VA,0,1,750,306,0.04746491708583683,0.01179336443775967
G1-shared,43,expression,0,1,750,306,0.07151810611523104,0.00860333334010512
G1-shared,44,AU,0,1,750,750,0.0573010497503991,0.023742145449450493
G1-shared,44,AU,1,2,750,750,0.0352295502507385,0.024547600541880033
G1-shared,44,AU,2,3,750,153,0.06336095618420522,0.026807207489971754
G1-shared,44,VA,0,1,750,750,0.033681024844905705,0.014256055677201004
G1-shared,44,VA,1,2,750,750,0.015269023658429184,0.014918335948795318
G1-shared,44,VA,2,3,750,153,0.045671325891031345,0.015754668537714015
G1-shared,44,expression,0,1,750,750,0.05047034495272608,0.017730587176789235
G1-shared,44,expression,1,2,750,750,0.0266541363722946,0.022356725819847864
G1-shared,44,expression,2,3,750,153,0.0597882714584124,0.020015971654053208
G1-shared,45,AU,0,1,750,750,0.055408313216268316,0.01898707668077794
G1-shared,45,AU,1,2,750,750,0.09024059381565683,0.022220618791770185
G1-shared,45,AU,2,3,750,1,0.21100874870390574,0.01531371351770016
G1-shared,45,VA,0,1,750,750,0.04191431943143289,0.009955688453802205
G1-shared,45,VA,1,2,750,750,0.05469845141156986,0.012936235897256652
G1-shared,45,VA,2,3,750,1,0.3457087600957321,0.022495425425389876
G1-shared,45,expression,0,1,750,750,0.037952265955170636,0.0194905190286202
G1-shared,45,expression,1,2,750,750,0.060179369687535234,0.023524454280940507
G1-shared,45,expression,2,3,750,1,0.1931600882360556,0.0006577372073419784
G1-shared,46,AU,0,1,750,750,0.06511933527768753,0.01234457737985131
G1-shared,46,AU,1,2,750,750,0.05670317907298059,0.015479971420828013
G1-shared,46,AU,2,3,750,750,0.06406778467981811,0.014279156207406564
G1-shared,46,AU,3,4,750,687,0.039132546396344246,0.016147630922544995
G1-shared,46,VA,0,1,750,750,0.040543531672424735,0.010233256580455237
G1-shared,46,VA,1,2,750,750,0.02873519008855535,0.011278360241268513
G1-shared,46,VA,2,3,750,750,0.02973695893825661,0.010919441231499814
G1-shared,46,VA,3,4,750,687,0.020282517059891335,0.011966197191935805
G1-shared,46,expression,0,1,750,750,0.03813257714254794,0.014323359607655418
G1-shared,46,expression,1,2,750,750,0.050198727001658706,0.017829980681267257
G1-shared,46,expression,2,3,750,750,0.05684392300920062,0.015894211674295167
G1-shared,46,expression,3,4,750,687,0.02659425706496422,0.01846103300666914
G1-shared,47,AU,0,1,750,750,0.051573581562894245,0.012830459697932901
G1-shared,47,AU,1,2,750,300,0.11377132966898358,0.01423954817147056
G1-shared,47,VA,0,1,750,750,0.029314370001431472,0.004647655261702341
G1-shared,47,VA,1,2,750,300,0.05339571408904024,0.004503960867105741
G1-shared,47,expression,0,1,750,750,0.03777482865699749,0.01798946689483039
G1-shared,47,expression,1,2,750,300,0.09896528980647981,0.016678691805707007
G1-shared,48,AU,0,1,750,185,0.08041646867952984,0.01252278822109331
G1-shared,48,VA,0,1,750,185,0.08627340492714153,0.005093210277793516
G1-shared,48,expression,0,1,750,185,0.07930991581115746,0.011849500582220906
G1-shared,49,AU,0,1,750,484,0.06251881979066329,0.0209828968026766
G1-shared,49,VA,0,1,750,484,0.026890309305030845,0.007169117212329125
G1-shared,49,expression,0,1,750,484,0.025303150692787983,0.02740711927293161
G1-shared,50,AU,0,1,750,481,0.04691446683781442,0.014584468745128636
G1-shared,50,VA,0,1,750,481,0.054494523846049046,0.004224385106238961
G1-shared,50,expression,0,1,750,481,0.04754238394806015,0.01304138764817182
G1-shared,51,AU,0,1,750,384,0.13459957779626264,0.01846001188729115
G1-shared,51,VA,0,1,750,384,0.0733298646679075,0.0058264072952142025
G1-shared,51,expression,0,1,750,384,0.08685964391255194,0.01768375960493934
G1-shared,52,AU,0,1,750,750,0.053300066690548986,0.018336078003393683
G1-shared,52,AU,1,2,750,750,0.04135928057631236,0.020793928252494143
G1-shared,52,AU,2,3,750,750,0.04181914546410204,0.024820215061758737
G1-shared,52,AU,3,4,750,750,0.04744762936933336,0.030439527628107768
G1-shared,52,AU,4,5,750,750,0.10093232577591987,0.02121789508288298
G1-shared,52,AU,5,6,750,750,0.07282927327193048,0.020763509402868762
G1-shared,52,AU,6,7,750,446,0.06776552247316953,0.02472868707802478
G1-shared,52,VA,0,1,750,750,0.04299398366615311,0.014265780527337284
G1-shared,52,VA,1,2,750,750,0.030993217530621647,0.01610328210872405
G1-shared,52,VA,2,3,750,750,0.041643460099891436,0.02319915602417836
G1-shared,52,VA,3,4,750,750,0.038568674937663194,0.03062106817927833
G1-shared,52,VA,4,5,750,750,0.08381378394656937,0.024480229000689337
G1-shared,52,VA,5,6,750,750,0.06701135677795858,0.019353989338251235
G1-shared,52,VA,6,7,750,446,0.041113381846524036,0.02433858065134619
G1-shared,52,expression,0,1,750,750,0.041931286524675135,0.01669414072962067
G1-shared,52,expression,1,2,750,750,0.030197356192132173,0.019268908449427538
G1-shared,52,expression,2,3,750,750,0.029723674254915476,0.026273163111097824
G1-shared,52,expression,3,4,750,750,0.03786344303383023,0.031757151842084934
G1-shared,52,expression,4,5,750,750,0.08573225364509143,0.022720375452557073
G1-shared,52,expression,5,6,750,750,0.05367226644485632,0.024312827804255928
G1-shared,52,expression,6,7,750,446,0.08149927991157417,0.024247941246033074
G1-shared,53,AU,0,1,750,750,0.04285548409697508,0.015731931512400252
G1-shared,53,AU,1,2,750,750,0.06718499299533359,0.017068356905169273
G1-shared,53,AU,2,3,750,750,0.03122491709239967,0.01967710250884235
G1-shared,53,AU,3,4,750,750,0.04723337852891613,0.018734408750438303
G1-shared,53,AU,4,5,750,750,0.02699440451326252,0.023042299069485933
G1-shared,53,AU,5,6,750,750,0.038805481752299184,0.02001581063482509
G1-shared,53,AU,6,7,750,693,0.05648468630229845,0.016449578261146337
G1-shared,53,VA,0,1,750,750,0.04238687374493912,0.0033804075267437005
G1-shared,53,VA,1,2,750,750,0.04490814559346231,0.005324795800447003
G1-shared,53,VA,2,3,750,750,0.022675513467302753,0.005532634164511482
G1-shared,53,VA,3,4,750,750,0.03599020375582253,0.004850996598926236
G1-shared,53,VA,4,5,750,750,0.03230224471682644,0.005297995495625791
G1-shared,53,VA,5,6,750,750,0.04748072217260245,0.003705055031705256
G1-shared,53,VA,6,7,750,693,0.05717761378953483,0.004107632562796084
G1-shared,53,expression,0,1,750,750,0.0350382995181414,0.010014569059635072
G1-shared,53,expression,1,2,750,750,0.05057189038237695,0.01599445770964321
G1-shared,53,expression,2,3,750,750,0.03250187842995365,0.020979745541649823
G1-shared,53,expression,3,4,750,750,0.045559530941026834,0.015288566850599221
G1-shared,53,expression,4,5,750,750,0.023185712762396983,0.017161620633182308
G1-shared,53,expression,5,6,750,750,0.029025351159461765,0.017302877763338696
G1-shared,53,expression,6,7,750,693,0.029765388980795494,0.014854411888351814
G1-shared,54,AU,0,1,750,750,0.025602807967238052,0.02424737704490073
G1-shared,54,AU,1,2,750,750,0.09742334148426335,0.01909882059843535
G1-shared,54,AU,2,3,750,750,0.05639367990040995,0.031548461779678405
G1-shared,54,AU,3,4,750,480,0.03366723129018568,0.036909613343913426
G1-shared,54,VA,0,1,750,750,0.03650144264556293,0.012897097281072878
G1-shared,54,VA,1,2,750,750,0.07069571496378921,0.013854646485164521
G1-shared,54,VA,2,3,750,750,0.0542422186106196,0.017618728891117787
G1-shared,54,VA,3,4,750,480,0.029326037095987516,0.01886286067395852
G1-shared,54,expression,0,1,750,750,0.03703512735655933,0.0247703497766021
G1-shared,54,expression,1,2,750,750,0.07018148833541633,0.02167580663093222
G1-shared,54,expression,2,3,750,750,0.049587594115730244,0.027333784681267063
G1-shared,54,expression,3,4,750,480,0.0423253787038831,0.02948160257634236
G1-shared,55,AU,0,1,750,750,0.05467980138259449,0.017107250615674627
G1-shared,55,AU,1,2,750,750,0.05774994311370395,0.02098509901067338
G1-shared,55,AU,2,3,750,750,0.0354390635803937,0.02420972820884599
G1-shared,55,AU,3,4,750,505,0.036098320727147803,0.023674657506326545
G1-shared,55,VA,0,1,750,750,0.041955763563563245,0.008495197639249087
G1-shared,55,VA,1,2,750,750,0.04445366442034017,0.010418337766155724
G1-shared,55,VA,2,3,750,750,0.03249675142563174,0.007009158002697104
G1-shared,55,VA,3,4,750,505,0.02471600613023712,0.005834081346218679
G1-shared,55,expression,0,1,750,750,0.044008424918404176,0.01628977413499626
G1-shared,55,expression,1,2,750,750,0.02966684319253051,0.020013516953947957
G1-shared,55,expression,2,3,750,750,0.03478852687719379,0.015964644775016898
G1-shared,55,expression,3,4,750,505,0.04011307907458669,0.01864904422383311
G1-shared,56,AU,0,1,750,239,0.10210916601215109,0.01991922653745995
G1-shared,56,VA,0,1,750,239,0.05504148237285335,0.005579951997813179
G1-shared,56,expression,0,1,750,239,0.06215877759684437,0.012642203143196026
G1-shared,57,AU,0,1,750,265,0.0964985280035141,0.015738187269912902
G1-shared,57,VA,0,1,750,265,0.05341761936866617,0.013873380800000746
G1-shared,57,expression,0,1,750,265,0.06772088684593931,0.016516282592670056
G1-shared,58,AU,0,1,750,448,0.07752192379254016,0.015088115322892594
G1-shared,58,VA,0,1,750,448,0.022193948493839447,0.007334682015148086
G1-shared,58,expression,0,1,750,448,0.03947057725816139,0.018730881054923026
G1-shared,59,AU,0,1,750,179,0.06574018554899516,0.017865461906581753
G1-shared,59,VA,0,1,750,179,0.031226934561819804,0.003984094048849034
G1-shared,59,expression,0,1,750,179,0.04212727460686446,0.010571425334647853
G1-shared,60,AU,0,1,750,750,0.038051209457290736,0.022957530982689166
G1-shared,60,AU,1,2,750,392,0.040809931514842204,0.02383026063500751
G1-shared,60,VA,0,1,750,750,0.03682617885682996,0.007148791778218352
G1-shared,60,VA,1,2,750,392,0.02644865878491932,0.007958943006420563
G1-shared,60,expression,0,1,750,750,0.02504853683744191,0.018524682401383514
G1-shared,60,expression,1,2,750,392,0.03295815392278937,0.022280040036266383
G1-shared,61,AU,0,1,750,750,0.08506105468920334,0.00995423993185412
G1-shared,61,AU,1,2,750,750,0.0326946353335134,0.014862798747334791
G1-shared,61,AU,2,3,750,750,0.049894440290564356,0.015893238957163557
G1-shared,61,AU,3,4,750,455,0.0410829791931847,0.017353248259639648
G1-shared,61,VA,0,1,750,750,0.0311082251743445,0.006925404883868752
G1-shared,61,VA,1,2,750,750,0.0237396928241993,0.007797611043486508
G1-shared,61,VA,2,3,750,750,0.03433530793338545,0.0077295060815392265
G1-shared,61,VA,3,4,750,455,0.020792048233371996,0.0074879058721695445
G1-shared,61,expression,0,1,750,750,0.050010702344074655,0.008336154644890023
G1-shared,61,expression,1,2,750,750,0.02870426373445119,0.012994553023765197
G1-shared,61,expression,2,3,750,750,0.03055998297676147,0.011693729157638277
G1-shared,61,expression,3,4,750,455,0.032321577397046046,0.011520323142192253
G1-shared,62,AU,0,1,750,750,0.02506895001656261,0.011814349505873517
G1-shared,62,AU,1,2,750,750,0.015973610814401382,0.010835321735589045
G1-shared,62,AU,2,3,750,750,0.01741309530853138,0.011040061845193152
G1-shared,62,AU,3,4,750,334,0.030475809668089687,0.011533967402613416
G1-shared,62,VA,0,1,750,750,0.02579236117555141,0.004781352554415097
G1-shared,62,VA,1,2,750,750,0.020253465182449176,0.004223266475038381
G1-shared,62,VA,2,3,750,750,0.023193406900813597,0.0050898713436676995
G1-shared,62,VA,3,4,750,334,0.03750832000340924,0.005305374490743807
G1-shared,62,expression,0,1,750,750,0.027817293356448114,0.005828553763086045
G1-shared,62,expression,1,2,750,750,0.031131821847155527,0.008538777191523326
G1-shared,62,expression,2,3,750,750,0.029461347556002337,0.01058117601772967
G1-shared,62,expression,3,4,750,334,0.03713372802321381,0.010712495796989536
G1-shared,63,AU,0,1,750,750,0.050406783309044384,0.023876636317616193
G1-shared,63,AU,1,2,750,750,0.021929373492517286,0.02873181225919163
G1-shared,63,AU,2,3,750,750,0.025569404055202232,0.03257236991483305
G1-shared,63,AU,3,4,750,599,0.05532975538215978,0.02740346545857383
G1-shared,63,VA,0,1,750,750,0.02527133895265333,0.005876606981888783
G1-shared,63,VA,1,2,750,750,0.032297467931668024,0.0061377302860333
G1-shared,63,VA,2,3,750,750,0.02044269536655214,0.006873191811376026
G1-shared,63,VA,3,4,750,599,0.03992766456192127,0.006735643027590595
G1-shared,63,expression,0,1,750,750,0.02560612826597382,0.020190631433797252
G1-shared,63,expression,1,2,750,750,0.03009098530518642,0.022710917527540547
G1-shared,63,expression,2,3,750,750,0.03508275837614584,0.030156909353226864
G1-shared,63,expression,3,4,750,599,0.061658935271853746,0.023938267683897077
G1-shared,64,AU,0,1,750,750,0.04041875753126263,0.0152682647206753
G1-shared,64,AU,1,2,750,750,0.039509709489836106,0.017380582130475185
G1-shared,64,AU,2,3,750,360,0.03745416555358677,0.018084247565674685
G1-shared,64,VA,0,1,750,750,0.031040162347405236,0.012821295605060167
G1-shared,64,VA,1,2,750,750,0.06862754312921063,0.011548602692181602
G1-shared,64,VA,2,3,750,360,0.032793205932467984,0.01079530807666154
G1-shared,64,expression,0,1,750,750,0.0474448417636459,0.01851446863674092
G1-shared,64,expression,1,2,750,750,0.07635577387612694,0.01465552124468071
G1-shared,64,expression,2,3,750,360,0.042494570299288825,0.01291797226301523
G1-shared,65,AU,0,1,750,750,0.05119740071352184,0.012648845377787946
G1-shared,65,AU,1,2,750,185,0.07508417245736236,0.017399821886419253
G1-shared,65,VA,0,1,750,750,0.03980694796081505,0.0032547591440374394
G1-shared,65,VA,1,2,750,185,0.05245578008486226,0.0037270629555143913
G1-shared,65,expression,0,1,750,750,0.04241050482638158,0.0062959708138959946
G1-shared,65,expression,1,2,750,185,0.07455689487680388,0.007363373398282304
G1-shared,66,AU,0,1,750,750,0.06281937653211292,0.010594039721491817
G1-shared,66,AU,1,2,750,750,0.03358240352628427,0.015441927799602236
G1-shared,66,AU,2,3,750,363,0.06572195473370832,0.010625347995308267
G1-shared,66,VA,0,1,750,750,0.04604572600313176,0.004874849142821618
G1-shared,66,VA,1,2,750,750,0.01956288773730081,0.00502377306404099
G1-shared,66,VA,2,3,750,363,0.05116698892910081,0.004879845374156745
G1-shared,66,expression,0,1,750,750,0.05418466926179485,0.014033161451633934
G1-shared,66,expression,1,2,750,750,0.021513086372010142,0.018057285668149837
G1-shared,66,expression,2,3,750,363,0.05501598109332997,0.02038452696395935
G1-shared,67,AU,0,1,750,750,0.0703610658935478,0.014172350749303909
G1-shared,67,AU,1,2,750,209,0.046992710427734036,0.02048069922983612
G1-shared,67,VA,0,1,750,750,0.035075492475792544,0.0095457274069143
G1-shared,67,VA,1,2,750,209,0.031131673515390562,0.012953740735225289
G1-shared,67,expression,0,1,750,750,0.055619208912929693,0.016862173827982038
G1-shared,67,expression,1,2,750,209,0.03268159276119638,0.024902641152217173
G1-shared,68,AU,0,1,750,750,0.032391695596051755,0.012811852035289579
G1-shared,68,AU,1,2,750,750,0.02841458424900258,0.012727262775514343
G1-shared,68,AU,2,3,750,750,0.02508661449940038,0.01689499889843173
G1-shared,68,AU,3,4,750,750,0.020443949470534867,0.020102606330250208
G1-shared,68,AU,4,5,750,750,0.025488490730157767,0.01943353398064776
G1-shared,68,AU,5,6,750,58,0.06344567141583808,0.015912566925931834
G1-shared,68,VA,0,1,750,750,0.031218233967608346,0.009346379935771323
G1-shared,68,VA,1,2,750,750,0.027881264446193987,0.009685519701231958
G1-shared,68,VA,2,3,750,750,0.02166554476345573,0.011309265590655716
G1-shared,68,VA,3,4,750,750,0.02217776383523033,0.01233395303887815
G1-shared,68,VA,4,5,750,750,0.021398820631718992,0.011821058728008002
G1-shared,68,VA,5,6,750,58,0.06659266864322674,0.007526087401198799
G1-shared,68,expression,0,1,750,750,0.02896970119289562,0.026323159859149625
G1-shared,68,expression,1,2,750,750,0.02989254665782538,0.031322036154977945
G1-shared,68,expression,2,3,750,750,0.023618882681660555,0.03357744080175743
G1-shared,68,expression,3,4,750,750,0.017551865358052785,0.03375348654443168
G1-shared,68,expression,4,5,750,750,0.019471533548865366,0.03546211024387555
G1-shared,68,expression,5,6,750,58,0.08047089441539643,0.017436461314488057
G1-shared,69,AU,0,1,750,750,0.02475951996378893,0.025405748784405355
G1-shared,69,AU,1,2,750,750,0.013452059339243814,0.03006216915732138
G1-shared,69,AU,2,3,750,750,0.017646120673374985,0.026745163087027908
G1-shared,69,AU,3,4,750,750,0.018638593639687347,0.028962237047056614
G1-shared,69,AU,4,5,750,723,0.021313838440802153,0.03515887502244694
G1-shared,69,VA,0,1,750,750,0.0250833114333703,0.007097114168238276
G1-shared,69,VA,1,2,750,750,0.01354177194062674,0.008035073620047146
G1-shared,69,VA,2,3,750,750,0.013732655641314918,0.008191794785378069
G1-shared,69,VA,3,4,750,750,0.014390074043443547,0.007860437654000005
G1-shared,69,VA,4,5,750,723,0.025397215825951065,0.007675453551278298
G1-shared,69,expression,0,1,750,750,0.02255216097244004,0.014160771433150464
G1-shared,69,expression,1,2,750,750,0.008319123587514046,0.014462908003509491
G1-shared,69,expression,2,3,750,750,0.016311309058505367,0.01301195690179728
G1-shared,69,expression,3,4,750,750,0.013347659937676906,0.011835394920556528
G1-shared,69,expression,4,5,750,723,0.015278887022488247,0.013311369308947923
G1-shared,70,AU,0,1,750,750,0.030837015378258996,0.021775011156911647
G1-shared,70,AU,1,2,750,750,0.018352919334944037,0.023080056067394435
G1-shared,70,AU,2,3,750,750,0.017660550493604026,0.02332407211655468
G1-shared,70,AU,3,4,750,729,0.017998440066836586,0.022295821658550187
G1-shared,70,VA,0,1,750,750,0.024620882629891996,0.0068536092200286265
G1-shared,70,VA,1,2,750,750,0.02099289656407454,0.007471839581739708
G1-shared,70,VA,2,3,750,750,0.020374625047310475,0.008572816110503118
G1-shared,70,VA,3,4,750,729,0.017921851738517416,0.008778446671569651
G1-shared,70,expression,0,1,750,750,0.025494579779729087,0.027064032229855556
G1-shared,70,expression,1,2,750,750,0.02075801256767166,0.029902414346079195
G1-shared,70,expression,2,3,750,750,0.01896790482769982,0.02900733870204026
G1-shared,70,expression,3,4,750,729,0.015208371845071336,0.02735668341011565
G1-shared,71,AU,0,1,750,750,0.017362744547497436,0.014414559466154645
G1-shared,71,AU,1,2,750,750,0.01101529254321243,0.015865566735374634
G1-shared,71,AU,2,3,750,750,0.014543550132012962,0.015608104288875914
G1-shared,71,AU,3,4,750,750,0.019551275437678813,0.0189799538733636
G1-shared,71,AU,4,5,750,750,0.020431458223648055,0.02066525182544214
G1-shared,71,AU,5,6,750,61,0.05656017796324013,0.013152686977216981
G1-shared,71,VA,0,1,750,750,0.01635289101479317,0.012702612147402545
G1-shared,71,VA,1,2,750,750,0.021224671896581643,0.014444460145628921
G1-shared,71,VA,2,3,750,750,0.018966348585958987,0.016674059238127485
G1-shared,71,VA,3,4,750,750,0.023959265631160576,0.0159747600412126
G1-shared,71,VA,4,5,750,750,0.018992890361707152,0.014468619283790016
G1-shared,71,VA,5,6,750,61,0.06025197000080725,0.014298150881135162
G1-shared,71,expression,0,1,750,750,0.01921247863498404,0.021523396729208624
G1-shared,71,expression,1,2,750,750,0.016221141376094,0.025183648479837676
G1-shared,71,expression,2,3,750,750,0.013199189000014933,0.026420299533641296
G1-shared,71,expression,3,4,750,750,0.01912244352924316,0.022033137683062434
G1-shared,71,expression,4,5,750,750,0.009841125428094517,0.019887824784694794
G1-shared,71,expression,5,6,750,61,0.07038729988255099,0.004848396915402275
G1-shared,72,AU,0,1,750,750,0.047759106141430495,0.019909234576655218
G1-shared,72,AU,1,2,750,750,0.03056807539770448,0.025817347124259978
G1-shared,72,AU,2,3,750,750,0.03605632615627891,0.022816832040421127
G1-shared,72,AU,3,4,750,416,0.02630348731490947,0.02217816194743372
G1-shared,72,VA,0,1,750,750,0.03154575698754582,0.015564281855047539
G1-shared,72,VA,1,2,750,750,0.02662273159585926,0.016835075967466688
G1-shared,72,VA,2,3,750,750,0.03340717443458398,0.014424995145558098
G1-shared,72,VA,3,4,750,416,0.02840393369095847,0.013527044819402052
G1-shared,72,expression,0,1,750,750,0.034776175600769635,0.014562929257279335
G1-shared,72,expression,1,2,750,750,0.0374059341752774,0.014481806665962917
G1-shared,72,expression,2,3,750,750,0.02312537688564654,0.013132260711797506
G1-shared,72,expression,3,4,750,416,0.031430945059555924,0.015622369028376893
G1-shared,73,AU,0,1,750,750,0.030054114479176625,0.020251855085197477
G1-shared,73,AU,1,2,750,750,0.02293499376907067,0.021412244394730405
G1-shared,73,AU,2,3,750,750,0.04551832720475286,0.02113343349778069
G1-shared,73,AU,3,4,750,596,0.03613859289167072,0.023636822271803103
G1-shared,73,VA,0,1,750,750,0.028360735776838435,0.009120360277873975
G1-shared,73,VA,1,2,750,750,0.018101072741515723,0.009981120340237674
G1-shared,73,VA,2,3,750,750,0.03359541160838048,0.010475064317369222
G1-shared,73,VA,3,4,750,596,0.035877952764187884,0.010398298998048604
G1-shared,73,expression,0,1,750,750,0.032602766124484664,0.023172300424508394
G1-shared,73,expression,1,2,750,750,0.028005589480594638,0.026927936786659033
G1-shared,73,expression,2,3,750,750,0.04079699817238238,0.02786132030428541
G1-shared,73,expression,3,4,750,596,0.04291665616576072,0.030091377962727688
G1-shared,74,AU,0,1,750,750,0.026417010050477162,0.016980974056441063
G1-shared,74,AU,1,2,750,750,0.04057460820250976,0.015637502534430997
G1-shared,74,AU,2,3,750,750,0.0798024064960624,0.015310182056764031
G1-shared,74,AU,3,4,750,750,0.022854600542427463,0.020800968686183266
G1-shared,74,AU,4,5,750,750,0.017407475867524787,0.019964577051904422
G1-shared,74,AU,5,6,750,750,0.03937488500609977,0.017527549586548317
G1-shared,74,AU,6,7,750,29,0.14060295392951716,0.010358924322388698
G1-shared,74,VA,0,1,750,750,0.020699997156278432,0.005770662682641243
G1-shared,74,VA,1,2,750,750,0.017697392720246775,0.005855636020235628
G1-shared,74,VA,2,3,750,750,0.0530391467165263,0.005932464203217188
G1-shared,74,VA,3,4,750,750,0.021870970807650127,0.005789003851114187
G1-shared,74,VA,4,5,750,750,0.03185086531589788,0.006065363457405201
G1-shared,74,VA,5,6,750,750,0.0481027941691605,0.005852856468751223
G1-shared,74,VA,6,7,750,29,0.14140290999769492,0.006678598630586329
G1-shared,74,expression,0,1,750,750,0.0329798717106546,0.01407029299502616
G1-shared,74,expression,1,2,750,750,0.032110154958270326,0.01598160011469603
G1-shared,74,expression,2,3,750,750,0.07696700598604098,0.009647960352499653
G1-shared,74,expression,3,4,750,750,0.01968827480361875,0.009835313172949675
G1-shared,74,expression,4,5,750,750,0.018395953131083925,0.009446038820223282
G1-shared,74,expression,5,6,750,750,0.019798114993259786,0.008552295702414421
G1-shared,74,expression,6,7,750,29,0.1213472861246915,0.0038220194748964493
G1-shared,75,AU,0,1,750,750,0.07572086857453726,0.016636434876677555
G1-shared,75,AU,1,2,750,750,0.025243065450217483,0.02335045878730309
G1-shared,75,AU,2,3,750,750,0.054158315527540996,0.024849945718988478
G1-shared,75,AU,3,4,750,750,0.0725105444843653,0.02155762132526245
G1-shared,75,AU,4,5,750,750,0.04327110783433486,0.02274148659216421
G1-shared,75,AU,5,6,750,750,0.03205500753592466,0.026130276064265753
G1-shared,75,AU,6,7,750,206,0.06912323811949944,0.028410398095061105
G1-shared,75,VA,0,1,750,750,0.0475884756743784,0.012643930611955503
G1-shared,75,VA,1,2,750,750,0.020561899194893738,0.01260232077331645
G1-shared,75,VA,2,3,750,750,0.03616573674579076,0.015181939013780708
G1-shared,75,VA,3,4,750,750,0.05018979529605409,0.01559883073009448
G1-shared,75,VA,4,5,750,750,0.02954776695091866,0.012747364619060056
G1-shared,75,VA,5,6,750,750,0.04891270019907964,0.013770485813181903
G1-shared,75,VA,6,7,750,206,0.05374808706398102,0.020276954713780965
G1-shared,75,expression,0,1,750,750,0.051657651063668555,0.014227146255871459
G1-shared,75,expression,1,2,750,750,0.02447669979905723,0.02101111619664829
G1-shared,75,expression,2,3,750,750,0.045517700461690645,0.02298774348972908
G1-shared,75,expression,3,4,750,750,0.06001301037095058,0.021742858305844565
G1-shared,75,expression,4,5,750,750,0.02259376796650729,0.021212118928659807
G1-shared,75,expression,5,6,750,750,0.03825546091775194,0.023045902792344537
G1-shared,75,expression,6,7,750,206,0.06890828000951899,0.024689691388195226
G1-shared,76,AU,0,1,750,750,0.07552038215381558,0.012656216435748394
G1-shared,76,AU,1,2,750,750,0.029628491787678738,0.0166769411928259
G1-shared,76,AU,2,3,750,750,0.04934370524770495,0.016395291897746564
G1-shared,76,AU,3,4,750,209,0.04589252990362591,0.019617254048227936
G1-shared,76,VA,0,1,750,750,0.04457299261731005,0.003860036630593772
G1-shared,76,VA,1,2,750,750,0.028073109508052797,0.004271365909736375
G1-shared,76,VA,2,3,750,750,0.026108031627532214,0.004869534263359089
G1-shared,76,VA,3,4,750,209,0.04358373856994398,0.0042002753721064445
G1-shared,76,expression,0,1,750,750,0.0456252456723145,0.015119643584085324
G1-shared,76,expression,1,2,750,750,0.02904725569904696,0.01749653955615739
G1-shared,76,expression,2,3,750,750,0.03650790043734736,0.014971713343955516
G1-shared,76,expression,3,4,750,209,0.037638205672534966,0.01754478522803231
G1-shared,77,AU,0,1,750,750,0.05002924510396301,0.02035398192103425
G1-shared,77,AU,1,2,750,683,0.04945015333366878,0.022575122124211262
G1-shared,77,VA,0,1,750,750,0.03710843640030783,0.01197359161310547
G1-shared,77,VA,1,2,750,683,0.03887427013201261,0.012423654610382518
G1-shared,77,expression,0,1,750,750,0.03716803197430803,0.014446802717728188
G1-shared,77,expression,1,2,750,683,0.035092252360362244,0.018446096663920497
G1-shared,78,AU,0,1,750,750,0.030222609341267307,0.01231102317204147
G1-shared,78,AU,1,2,750,750,0.1110094162211741,0.007325390025615612
G1-shared,78,AU,2,3,750,750,0.060446099993453635,0.0118916366695977
G1-shared,78,AU,3,4,750,750,0.02802163205092551,0.015470748485167897
G1-shared,78,AU,4,5,750,750,0.025903547995620436,0.01639937039890661
G1-shared,78,AU,5,6,750,750,0.0363000240503979,0.014837188935953368
G1-shared,78,AU,6,7,750,750,0.03327040543527951,0.015637126961826373
G1-shared,78,AU,7,8,750,750,0.07267267345456477,0.013797630684729745
G1-shared,78,AU,8,9,750,31,0.12226002428176982,0.007864680218930144
G1-shared,78,VA,0,1,750,750,0.038138115406481606,0.005538554603959624
G1-shared,78,VA,1,2,750,750,0.06443172207295737,0.0053560575610247345
G1-shared,78,VA,2,3,750,750,0.0310362190343328,0.005694645446331224
G1-shared,78,VA,3,4,750,750,0.02787742510906032,0.006103289790725599
G1-shared,78,VA,4,5,750,750,0.023673241205021824,0.006452523562393874
G1-shared,78,VA,5,6,750,750,0.03393109165361941,0.0058870198064997735
G1-shared,78,VA,6,7,750,750,0.03912710330101558,0.006061553103919734
G1-shared,78,VA,7,8,750,750,0.07785844379174985,0.006429517140256589
G1-shared,78,VA,8,9,750,31,0.11215859437267003,0.0065980382469984535
G1-shared,78,expression,0,1,750,750,0.03167698756112256,0.014873840180610153
G1-shared,78,expression,1,2,750,750,0.0900402880505805,0.01770671568949461
G1-shared,78,expression,2,3,750,750,0.0427576072326733,0.021963877024843544
G1-shared,78,expression,3,4,750,750,0.037549687377345535,0.019706196671881906
G1-shared,78,expression,4,5,750,750,0.03148137165504419,0.021770700027133442
G1-shared,78,expression,5,6,750,750,0.03505734852337954,0.01803103937135871
G1-shared,78,expression,6,7,750,750,0.055864009210021305,0.017232965872465485
G1-shared,78,expression,7,8,750,750,0.08388047003322502,0.016008274420534534
G1-shared,78,expression,8,9,750,31,0.11885794093840066,0.010820042781307639
G1-shared,79,AU,0,1,750,750,0.055313875407844576,0.02401465966593289
G1-shared,79,AU,1,2,750,154,0.0812384493619883,0.023299782374810618
G1-shared,79,VA,0,1,750,750,0.0484490109885329,0.008935129721706715
G1-shared,79,VA,1,2,750,154,0.04104963291314843,0.009688486415097952
G1-shared,79,expression,0,1,750,750,0.052821138869556715,0.02117782809494677
G1-shared,79,expression,1,2,750,154,0.05703432375180499,0.019206436015890834
