seed,arm,K,actual_steps,source_occurrences,unique_sources,reference_exposures,parameters,compute_seconds,wall_seconds,sources_per_second,peak_MiB,conditional_loss,conditional_cross_distance,conditional_self_distance,marginal_loss,marginal_cross,marginal_self,spread_within_input_descriptor_self,spread_between_input_descriptor_distance,shuffle_correct,shuffle_shuffled,shuffle_gap,AU_cross_distance,AU_self_distance,AU_ES,AU_prediction_std,AU_boundary_fraction,AU_temporal_mean,AU_temporal_std,AU_velocity_abs_mean,AU_velocity_rms,VA_cross_distance,VA_self_distance,VA_ES,VA_prediction_std,VA_boundary_fraction,VA_temporal_mean,VA_temporal_std,VA_velocity_abs_mean,VA_velocity_rms,expression_cross_distance,expression_self_distance,expression_ES,expression_prediction_std,expression_boundary_fraction,expression_temporal_mean,expression_temporal_std,expression_velocity_abs_mean,expression_velocity_rms,expression_expression_entropy
123,C0,32,2000,8000,1646,0,8729496,79.47934179037111,94.3896947799949,100.65508621221618,471.51220703125,0.24310609148815276,0.3857660859823227,0.28531999075785275,0.9223518878221513,1.560654193162918,1.276604601740837,1.1980147644877435,1.302801214158535,0.24310609148815276,0.25678447512909774,0.013678383640944959,0.35800817310810085,0.14057811442762613,0.28771911477670076,0.08698297671508044,0.07742147207500238,0.17967160684056582,0.041185933991800996,0.010029203147860245,0.02246853273536544,0.7138792995363474,0.8663995370268822,0.2806795310229063,0.6544640485197306,0.0,-0.029652816538873594,0.275151857919991,0.04548869906575419,0.1258082770043984,0.29246418122202156,0.15451504038646818,0.215206660842523,0.09167063729837537,0.16408634185791016,0.125,0.04484774833545088,0.010586784034967423,0.025020408642012625,1.3752218402922154
123,C0,64,2000,8000,1646,0,8729496,79.47934179037111,94.3896947799949,100.65508621221618,471.51220703125,0.24432181594893337,0.3853998830541968,0.2821561312302947,0.9267190009355545,1.5660889863967897,1.2787399679422378,1.1998633805662395,1.3050321637342375,0.24432181594893335,0.25783190835888187,0.013510092409948507,0.3577488140203059,0.1382311388850212,0.2886332438327372,0.08602874614298345,0.07895843895021244,0.17703817267902194,0.04201683741994202,0.010037704078422393,0.022737733958638272,0.7121468216180802,0.8575933407992125,0.2833501512184739,0.6534273386001587,0.0,-0.046394937661534644,0.2786466732621193,0.046248553594341504,0.12804448686074466,0.29245432615280154,0.15249146041460335,0.21620859554968774,0.09126884574070573,0.1673809051513672,0.125,0.04566892493749038,0.010735736601054669,0.025494621333200483,1.3684788167476656
123,C1,32,2000,8000,1646,16000,8729496,86.63409650913673,103.87974932300858,92.34239545807802,506.10302734375,0.24788588611409068,0.37713225837796926,0.258492743037641,0.8225775375962258,1.2905513674020768,0.9359476566314697,0.8970878805965186,0.9489009153097867,0.24788588611409065,0.2657602389653524,0.017874352851261693,0.35812566308304666,0.14184810384176672,0.2872016107663512,0.09911009892821313,0.09086629682569765,0.19596802932210267,0.036347077938262376,0.02123506432690192,0.04043419189401902,0.6546885430812837,0.7204970713704825,0.29444000739604237,0.5632228365167975,0.0,0.012000275350510493,0.11880612755194306,0.02276454898528755,0.05415198183618486,0.2888001770712435,0.13777536456473172,0.21991249481216074,0.08022367912344636,0.19717922210693362,0.12499999990686775,0.033834862615913154,0.01978695730067557,0.04064700769085903,1.3287574246525764
123,C1,64,2000,8000,1646,16000,8729496,86.63409650913673,103.87974932300858,92.34239545807802,506.10302734375,0.2458271567709744,0.3779938573017716,0.26433340143412354,0.8147616714239121,1.2991223186254501,0.9687212839722634,0.9321615535765886,0.9809078607708215,0.24582715677097436,0.2633645300132533,0.01753737324227889,0.35844680164009335,0.14167865733616053,0.2876074736006558,0.10090643051080406,0.09114365106215701,0.1956649761646986,0.035426139237824825,0.021004242298658937,0.039895739156054336,0.6584512080997229,0.7418221175670623,0.28754014931619165,0.5844962149858475,0.0,0.019711597223431455,0.12005449389107525,0.022953015309758483,0.05445645408472046,0.2890875349752605,0.1425438451115042,0.21781561081297696,0.08336722529493273,0.1908848762512207,0.12499999990686775,0.033595977025106555,0.019831039353448432,0.0407387242797995,1.335770248621702
123,C2,32,2000,8000,1646,16000,8729496,87.03247652389109,104.00852890097303,91.91970996946108,506.1025390625,0.2442099609412253,0.3866371762007475,0.2848544316366315,0.7784739419817925,1.3654768586158752,1.1740058347582818,1.115575408935547,1.19348264336586,0.2442099609412253,0.26142390863969917,0.01721394769847393,0.3601325611583889,0.1481017435900867,0.28608168847858906,0.09547814866527915,0.047444155216999205,0.20143820568919182,0.046316382323857395,0.031229038737365045,0.06015857327729464,0.7100014965981245,0.8341592334210872,0.29292188007384534,0.6557008385658265,0.0,-0.05621472775819711,0.13467175504192708,0.024441495205974207,0.05867966895457358,0.289660201407969,0.13795927832834423,0.22068056287243962,0.07584679007995873,0.1411752700805664,0.1249999998137355,0.04676638304954395,0.03117228338378482,0.06570076615316793,1.3817789852619171
123,C2,64,2000,8000,1646,16000,8729496,87.03247652389109,104.00852890097303,91.91970996946108,506.1025390625,0.2441258513368666,0.3871169749647379,0.28598224790766835,0.7796582341194154,1.3666960477828978,1.1740756258368492,1.1144174557179212,1.1939616825431585,0.24412585133686662,0.26120789057264726,0.017082039235780635,0.35919065941125156,0.14449450741522013,0.2869434058666229,0.09529095129109919,0.05054769152393419,0.19889034908264874,0.045736207842128354,0.030797401364543474,0.05962138285976834,0.7184690829366445,0.8425888113677502,0.2971746776252985,0.6671239167451859,0.0,-0.04954443831957178,0.1333285929635167,0.024309337756130846,0.05840623623225838,0.2896406650543213,0.13856786750257016,0.220356731582433,0.07645689360797406,0.1475587844848633,0.125,0.04700810288777575,0.031213656364707278,0.06617476012324913,1.3672838069498539
42,C0,32,2000,8000,1648,0,8729496,78.65172475410509,94.9688535000023,101.71423481190034,471.51220703125,0.24568652492016554,0.39782451111823325,0.3042759742587805,0.9387447744607926,1.7070909887552261,1.5366924196481704,1.432589778676629,1.5713932999720175,0.24568652492016552,0.26288599086304504,0.017199465942879518,0.36521217655390503,0.1530433869920671,0.28869048310443757,0.09968547127209604,0.030693462727094813,0.23951951395720245,0.036699822754599154,0.012010714763891883,0.024972697120392698,0.7692994195967913,0.9282510787248611,0.30517388023436065,0.7018365204334258,0.0,0.014501244007260538,0.24527104878798128,0.056824517576023935,0.1499862692086026,0.2883858562447131,0.14351670406758785,0.21662750374525785,0.08371964355465025,0.14537391662597657,0.12499999990686775,0.030399960256181656,0.010582867180346511,0.02294452557980549,1.3532876823097468
42,C0,64,2000,8000,1648,0,8729496,78.65172475410509,94.9688535000023,101.71423481190034,471.51220703125,0.24442089898511768,0.3957959312945604,0.3027500631287694,0.9513041079044342,1.7248425990343095,1.5470769703388214,1.4432444788515568,1.5816878008345765,0.24442089898511768,0.2615215400854746,0.017100641100356976,0.3634444411844015,0.1523721947334707,0.2872583443298936,0.09960458041168749,0.032829082894022574,0.23373429914936422,0.038429108122363685,0.012172451170044951,0.02585997934220359,0.7626726724207402,0.9256252281367778,0.2998600583523512,0.7048447161912919,0.0,-0.02543654424371198,0.2527081468142569,0.0584289655671455,0.15468417208176105,0.2880055505782366,0.14320687567815182,0.21640211213380098,0.08443062813021243,0.14899606704711915,0.125,0.03138037509052083,0.010823024876299315,0.023588105075759813,1.3605576917529105
42,C1,32,2000,8000,1648,16000,8729496,86.04375328411697,103.27542561700102,92.97595344991464,506.10302734375,0.24527677791193128,0.39144546184688805,0.2923373686149716,0.7899485945701599,1.3772071868181228,1.1745171815156936,1.1347318705171348,1.1877789518485469,0.24527677791193125,0.26236996455118056,0.017093186639249323,0.36385932266712184,0.15193906901404264,0.28788978783413766,0.10443131220526994,0.02766805156625196,0.23439640244469045,0.04607258068863303,0.02411623423395213,0.04440453684073873,0.7211321499198675,0.8610876187682152,0.2905883405357599,0.6694118242710829,0.0,0.07479977510374737,0.14006754253059625,0.02193044808227569,0.05715715065598488,0.29002111023291943,0.1398887843824923,0.22007671780884266,0.08122924123890699,0.1294330596923828,0.12499999995343387,0.040572514617815615,0.02139856756257359,0.04284460248309188,1.393297453224659
42,C1,64,2000,8000,1648,16000,8729496,86.04375328411697,103.27542561700102,92.97595344991464,506.10302734375,0.2466298990882933,0.39316082242876293,0.29306184677407143,0.798103043437004,1.3964185833930969,1.1966310799121858,1.1550799157470464,1.2104814679672318,0.24662989908829333,0.26332159563899044,0.016691696550697088,0.36358018238097434,0.14947045613080262,0.28884495450183745,0.10524233644828201,0.027306621606709314,0.23216694910079239,0.04427270721644163,0.023842450787196868,0.04385510929278098,0.7346375957131386,0.8741035595536233,0.29758581593632694,0.6806146405637264,0.0,0.07957794981775805,0.15054092649370432,0.022479423676850276,0.05925602080533281,0.2902228495106101,0.13636856242083012,0.22203856860287488,0.08133322431240231,0.13028430938720703,0.12499999995343387,0.03941362206824124,0.02125890821334906,0.042363158386433494,1.392972641438246
42,C2,32,2000,8000,1648,16000,8729496,83.91346579059609,100.46901633800007,95.3363077621391,506.1025390625,0.24729426307603716,0.3960490547120571,0.29750958308577535,0.7856889441609383,1.4202341467142106,1.269090411067009,1.1996420200914146,1.2922398747255408,0.24729426307603716,0.26456186597545944,0.01726760289942225,0.36913938764482734,0.14983998062089085,0.2942193976603449,0.10686329784803092,0.04231608295049227,0.24025781452655792,0.05068546247202903,0.03414320402080193,0.06203812460880726,0.7353275708854199,0.8677409570664167,0.30145709253847597,0.6772972371429204,0.0,0.07920303965511266,0.15130806812085212,0.026968590647447853,0.06727730554994196,0.29219464082270863,0.1447633897420019,0.21981294588185846,0.08244371036998926,0.2006359100341797,0.125,0.04166933268425055,0.028907270886702464,0.061593631480354814,1.2786647256463768
42,C2,64,2000,8000,1648,16000,8729496,83.91346579059609,100.46901633800007,95.3363077621391,506.1025390625,0.24731786288321017,0.39535434935241937,0.2960729721933603,0.7836807683110236,1.4064673483371735,1.2455731600522995,1.18328505679965,1.266335861136516,0.24731786288321014,0.2644051626635094,0.017087299780299266,0.36805431023240087,0.14562486079521478,0.29524187967181204,0.10668732975609602,0.04437164519149519,0.23567757131531836,0.04981397576630116,0.03365562291583046,0.06123289426905103,0.734909949079156,0.8685017634183168,0.3006590673699975,0.6809394448995589,0.0,0.09423126074834726,0.1450149986427277,0.025950479187304153,0.06546790478751063,0.2923511673696339,0.14367614244110882,0.2205130962654948,0.08270377465523779,0.20457658767700196,0.125,0.04230398094514385,0.028992118078167553,0.062013718561502174,1.2776331588625909
2026,C0,32,2000,8000,1650,0,8729496,83.15099482337246,99.11397037401912,96.21051458245842,471.51220703125,0.25083443569019437,0.39350146558135746,0.285334062948823,1.0467138558626177,1.860763344168663,1.6280989676713944,1.5140736453235148,1.6661074084540206,0.2508344356901943,0.26993178675572077,0.019097351065526406,0.3642879566177726,0.15191371962428094,0.28833109699189663,0.10116546333301812,0.03590494969430438,0.2390003900974989,0.04330255733802915,0.013265179540030658,0.029057182578253557,0.7447669889777899,0.8705766491591931,0.3094786642119288,0.6593247421085835,0.0,0.026852769377001096,0.28794836727902295,0.06596454092068597,0.17487677140161395,0.2897846187464893,0.1315159653313458,0.22402663617394863,0.07363618304952979,0.11788997650146485,0.12499999986030161,0.03677658811211586,0.011321267434686888,0.027049231200362553,1.3262670435011388
2026,C0,64,2000,8000,1650,0,8729496,83.15099482337246,99.11397037401912,96.21051458245842,471.51220703125,0.2514862518757581,0.39407450668513777,0.28517651008442046,1.0758146211504935,1.8861438661813734,1.6206584811210631,1.4987415857613087,1.6612974462409813,0.2514862518757582,0.2706450492143631,0.019158797338604927,0.36502142567187545,0.15280816778540612,0.2886173425242305,0.10301680292468518,0.036008506005237,0.24129031514748933,0.0436778467730619,0.013377395771385636,0.029464288317831232,0.7463774714618922,0.8710987724363803,0.3108280846849084,0.6666802924126387,0.0,0.04110831949656131,0.2953503493219614,0.06762411976233124,0.17854784324299544,0.28966792123392227,0.1291191099677235,0.22510836641304194,0.07353266726713628,0.11605796813964844,0.12499999995343387,0.03777182304766029,0.011521163098223042,0.027642885275417937,1.3304002456367017
2026,C1,32,2000,8000,1650,16000,8729496,87.11410223541316,105.3053981489793,91.83358141465048,506.10302734375,0.24858350716531277,0.3884877981618047,0.27980858087539673,0.8070876523852348,1.3611507624387742,1.1081262186169625,1.0699638582766058,1.1208470053970814,0.24858350716531274,0.2635680814894537,0.014984574324140945,0.3636162475682795,0.15591551456600428,0.28565848944708705,0.10836716652847826,0.03037109532779141,0.21282037897035477,0.04351007863879204,0.022598639008356257,0.04282713188440539,0.6932528264820577,0.7937463335692883,0.2963796595111489,0.6320801436901093,0.0,-0.019194029574282456,0.15199275817722083,0.018209529347950594,0.05662258539814502,0.29525659130886195,0.1542374874930829,0.21813784632831812,0.08271198435686529,0.13171806335449218,0.125,0.042470487346872685,0.02055985231418163,0.043948210554663095,1.3702261619269849
2026,C1,64,2000,8000,1650,16000,8729496,87.11410223541316,105.3053981489793,91.83358141465048,506.10302734375,0.24741344340145588,0.3905873211100698,0.28634775560349224,0.80226861089468,1.351838591694832,1.0991399630904197,1.0612635541707278,1.111765432730317,0.24741344340145585,0.26214389189456905,0.01473044849311312,0.3659585189074278,0.161587989795953,0.2851645242422819,0.11253454294055701,0.02836186870154052,0.21900339564308524,0.044226735469419506,0.023021939594764264,0.04316066923202015,0.6995099529623985,0.8117666989564896,0.29362660348415376,0.6560890655964613,0.0,-0.010986706681433134,0.14040026422590018,0.017792072595329958,0.05529382100794464,0.29465487096458676,0.153692408837378,0.21780866524204612,0.08338293679989875,0.12842712402343748,0.125,0.04241505382815376,0.020543782730237582,0.0436679587000981,1.3851578310132027
2026,C2,32,2000,8000,1650,16000,8729496,88.54134805756621,106.07851063401904,90.35326630444688,506.1025390625,0.2517226468771696,0.39790109284222125,0.29235689034685497,0.7952516943216323,1.4143426686525344,1.2381819501519202,1.1678373679518699,1.261630144218604,0.25172264687716955,0.27225017954284947,0.020527532665679853,0.36520982189103957,0.15191137343645095,0.2892541355453432,0.10781320712994784,0.04697265890863492,0.2506522189360112,0.04494634422590025,0.03096328700776212,0.0581416423432529,0.7591134276241065,0.8895046606659889,0.3143610978499055,0.690246520191431,0.0,0.11139289256534539,0.11775114834308624,0.02381931714480743,0.06462432128610089,0.2904899292625487,0.12606041333638132,0.22745972289703786,0.07259564341511578,0.14413986206054685,0.12499999995343387,0.0396489167411346,0.02694191791815683,0.05825088392011821,1.328180380538106
2026,C2,64,2000,8000,1650,16000,8729496,88.54134805756621,106.07851063401904,90.35326630444688,506.1025390625,0.24984088586643338,0.39595641121268277,0.29223104948177936,0.7925869837403297,1.4069960683584213,1.2288181647658347,1.1597701240330935,1.2518341783434153,0.2498408858664334,0.27030476573854684,0.020463879872113466,0.36331343427300455,0.14833212392404677,0.2891473716124892,0.10679101983550936,0.04900868993772747,0.24200044157914818,0.04404654772370122,0.030338914819003547,0.05729967568186112,0.7541259005665779,0.8914035648107529,0.30842411797493696,0.697626369073987,0.0,0.07214753488078714,0.11467869682237505,0.02317539262585342,0.06369763407856226,0.2899575668387115,0.12640287303365766,0.2267561306245625,0.07347048621159047,0.14932670593261718,0.12499999986030161,0.039650527434423564,0.02695996731345076,0.058205212361644956,1.3274705238640307
