source,group,left_block,right_block,left_frames,right_frames,candidate_covariance,correlation
0,AU,0,1,750,750,0.020481663537065826,0.5006177677043566
0,AU,1,2,750,426,0.03135770157785373,0.7979162896956837
0,VA,0,1,750,750,0.01810488213104832,1.311185906611648
0,VA,1,2,750,426,0.02221464009640146,1.3293480402510864
0,expression,0,1,750,750,0.025681085869909078,0.9651668025654481
0,expression,1,2,750,426,0.030923228988029898,1.1071685869768753
1,AU,0,1,750,417,0.022928398619904297,0.7901955721179041
1,VA,0,1,750,417,0.005647716678407143,1.0395819189853301
1,expression,0,1,750,417,0.025083736719463155,0.9951764643270476
2,AU,0,1,750,720,0.022695927564664056,0.8594809416278781
2,VA,0,1,750,720,0.008603939143404418,1.1541846258184045
2,expression,0,1,750,720,0.013154726663712419,0.8792446572767766
4,AU,0,1,750,303,0.017536445105420025,0.6229249274571768
4,VA,0,1,750,303,0.00788986693867956,0.812895357657849
4,expression,0,1,750,303,0.014093957086243296,0.8151640562683463
5,AU,0,1,750,298,0.017076732188682355,0.7746736188178389
5,VA,0,1,750,298,0.007288306448734457,0.7246194840855478
5,expression,0,1,750,298,0.013836790714798642,0.715380966629876
6,AU,0,1,750,750,0.018667494284936956,0.8640987559299717
6,AU,1,2,750,750,0.023317147912560596,0.8697163085640949
6,AU,2,3,750,149,0.02882073979936829,0.68609356027526
6,VA,0,1,750,750,0.006509414355584016,0.9289250881182101
6,VA,1,2,750,750,0.008016030732980815,1.046183027595422
6,VA,2,3,750,149,0.010087376045790351,0.8331788705397926
6,expression,0,1,750,750,0.009900736078289878,0.844364469829575
6,expression,1,2,750,750,0.010905196475620303,1.0634030898705207
6,expression,2,3,750,149,0.01520815464153829,0.5901054190438706
7,AU,0,1,750,750,0.024457738929279646,0.8567919257936017
7,AU,1,2,750,422,0.028731520178180724,0.8661430392339873
7,VA,0,1,750,750,0.018881386620750916,0.5703826818020244
7,VA,1,2,750,422,0.022934499705976257,0.9194762734495541
7,expression,0,1,750,750,0.01592095661676666,0.37400053083503787
7,expression,1,2,750,422,0.023337106709990233,0.6290498355737981
8,AU,0,1,750,750,0.018953390423611178,0.8126162708606701
8,AU,1,2,750,568,0.02217952888940701,0.9152973709895371
8,VA,0,1,750,750,0.007748826449107852,0.7090429412172561
8,VA,1,2,750,568,0.007397464594529884,0.6371206290270721
8,expression,0,1,750,750,0.009668208132498517,0.9217941040599448
8,expression,1,2,750,568,0.013547788144569022,0.6521584035851887
9,AU,0,1,750,747,0.01182373207846944,0.5554119532541982
9,VA,0,1,750,747,0.01197640694291173,0.6156107292320634
9,expression,0,1,750,747,0.00799570708282758,0.6032342996825404
10,AU,0,1,750,750,0.026889119894271375,0.6225947675693583
10,AU,1,2,750,58,0.02245486896012275,0.5378051913481591
10,VA,0,1,750,750,0.008056993289533505,1.1900153444801218
10,VA,1,2,750,58,0.009944377135768592,0.8513254345201926
10,expression,0,1,750,750,0.01886394731755661,0.6015917184855955
10,expression,1,2,750,58,0.01823058854639161,0.6112859133823166
11,AU,0,1,750,477,0.009727316512898262,0.44632695189063454
11,VA,0,1,750,477,0.004448377637784176,0.5292103909257049
11,expression,0,1,750,477,0.0032310610690553486,0.3844123999894573
12,AU,0,1,750,750,0.012258076461146843,0.602219471748827
12,AU,1,2,750,750,0.01499315566648643,0.7535802971291332
12,AU,2,3,750,750,0.016858788384141465,0.8030825163152762
12,AU,3,4,750,750,0.013731886281603569,0.5263678888071757
12,AU,4,5,750,397,0.01626783939272573,0.7550289841039256
12,VA,0,1,750,750,0.009692104493221394,0.9768349815523789
12,VA,1,2,750,750,0.010974475917103191,1.0117586762011175
12,VA,2,3,750,750,0.011409783324596674,0.7079502052923355
12,VA,3,4,750,750,0.011662472405081947,0.8688487752297732
12,VA,4,5,750,397,0.01103325175161359,0.9912854461629412
12,expression,0,1,750,750,0.016539559315298494,0.5896301945097411
12,expression,1,2,750,750,0.02525302985185764,0.8962370163601473
12,expression,2,3,750,750,0.024237961265951655,0.9472151725262722
12,expression,3,4,750,750,0.02237607521238661,0.7800268764397182
12,expression,4,5,750,397,0.02214825549667074,0.7942199227124243
13,AU,0,1,750,750,0.019967918217759794,0.9649541682895185
13,AU,1,2,750,750,0.02534767621111487,0.8481682903316996
13,AU,2,3,750,750,0.023751141404530322,0.7098929064207459
13,AU,3,4,750,750,0.031629052587355565,0.9615234371247315
13,AU,4,5,750,750,0.02864898275296487,0.7137665185557092
13,AU,5,6,750,276,0.0209676219029694,0.7211747085371432
13,VA,0,1,750,750,0.010435384037308478,1.320247867492112
13,VA,1,2,750,750,0.010092354144708039,0.7053778263929176
13,VA,2,3,750,750,0.011077328573151283,0.9956830655717451
13,VA,3,4,750,750,0.010937933757357231,1.041305075158512
13,VA,4,5,750,750,0.01155429415937961,0.8866831532389621
13,VA,5,6,750,276,0.008868072505020965,0.6123115445747166
13,expression,0,1,750,750,0.01677887723615822,0.9591872263124097
13,expression,1,2,750,750,0.01985925817182178,0.84962411264533
13,expression,2,3,750,750,0.02172016910684213,0.886279022405112
13,expression,3,4,750,750,0.023659831179261338,0.9197991854694842
13,expression,4,5,750,750,0.026977458957253897,0.9926006010137308
13,expression,5,6,750,276,0.02184189238931785,0.7738350653740355
14,AU,0,1,750,750,0.010867180765222747,0.7319988840059488
14,AU,1,2,750,750,0.01698205319700098,0.9593222111736066
14,AU,2,3,750,750,0.017438286458796602,1.13959905447412
14,AU,3,4,750,750,0.012204139406274838,0.9357883778632708
14,AU,4,5,750,660,0.013963536854050558,0.9114590823032249
14,VA,0,1,750,750,0.007894401982493816,1.0463648170289663
14,VA,1,2,750,750,0.00867751485403831,1.1178083244153176
14,VA,2,3,750,750,0.008370647858919144,1.517537094644904
14,VA,3,4,750,750,0.006523803609191994,0.607641246188902
14,VA,4,5,750,660,0.00656386879240841,1.1724856105283397
14,expression,0,1,750,750,0.006814816008520853,0.68840472968493
14,expression,1,2,750,750,0.008909763011209128,0.8876280033058017
14,expression,2,3,750,750,0.009343228885940007,1.292203333270892
14,expression,3,4,750,750,0.0040928940911589455,0.7399602249797452
14,expression,4,5,750,660,0.005820691735674068,0.879629226020944
15,AU,0,1,750,750,0.01766896979673613,0.7990674348535846
15,AU,1,2,750,480,0.023361533012689586,0.8622940309161139
15,VA,0,1,750,750,0.008315799811642564,1.0373626546173165
15,VA,1,2,750,480,0.009148977120284441,0.9673806533034309
15,expression,0,1,750,750,0.03298535565316391,0.9800525410155625
15,expression,1,2,750,480,0.03341786136176578,0.9484945639995904
16,AU,0,1,750,335,0.017147432988842075,0.7219374089602815
16,VA,0,1,750,335,0.00896966571013676,0.8244279296628284
16,expression,0,1,750,335,0.014270075499695644,0.7377378197554089
17,AU,0,1,750,750,0.016027497421709235,0.8067490818665493
17,AU,1,2,750,750,0.015983708005710275,0.8020872147438801
17,AU,2,3,750,750,0.019351593952205565,0.8868015566858704
17,AU,3,4,750,750,0.019762526863446584,0.7171316427773128
17,AU,4,5,750,96,0.008036003428548181,0.5741946547593285
17,VA,0,1,750,750,0.005468362820979206,1.1236903621195922
17,VA,1,2,750,750,0.00580551101087772,0.9930368367376226
17,VA,2,3,750,750,0.005576494847659946,0.8747965573962619
17,VA,3,4,750,750,0.005761103326234154,1.430378994222326
17,VA,4,5,750,96,0.00539617155070301,0.9920534340422209
17,expression,0,1,750,750,0.010320430366580528,0.6959269194992821
17,expression,1,2,750,750,0.014934781520551069,1.0117577840559944
17,expression,2,3,750,750,0.01703366657195069,0.8447173996247218
17,expression,3,4,750,750,0.012221574296620897,0.9057702343186017
17,expression,4,5,750,96,0.014658569146547508,0.6794975374912146
18,AU,0,1,750,750,0.01091818199132572,0.6194376177569814
18,AU,1,2,750,570,0.015513765573452189,0.580024621151227
18,VA,0,1,750,750,0.008531495273845944,0.9416450266252935
18,VA,1,2,750,570,0.008924661056500905,0.9973907136299851
18,expression,0,1,750,750,0.009737542256235394,0.8653113423399917
18,expression,1,2,750,570,0.016407618839288193,1.0239564780908814
19,AU,0,1,750,750,0.007645056015246794,0.7243776058928647
19,AU,1,2,750,750,0.013251379094109825,0.7870851498127746
19,AU,2,3,750,85,0.016094542353674024,0.6863626472482486
19,VA,0,1,750,750,0.008113626653034934,0.5056466064998991
19,VA,1,2,750,750,0.007942121465624521,0.4106440541364256
19,VA,2,3,750,85,0.009680084190873418,1.017647911212288
19,expression,0,1,750,750,0.0078867790924572,0.932594373430632
19,expression,1,2,750,750,0.00958610296546754,0.8371498250765932
19,expression,2,3,750,85,0.014869592984068503,1.0387311566459025
20,AU,0,1,750,359,0.01205604811329518,0.9221170772898186
20,VA,0,1,750,359,0.007533319623565689,0.87757252532722
20,expression,0,1,750,359,0.0074806307034170185,0.9086302630874155
21,AU,0,1,750,270,0.011039645324661528,0.7150901616812995
21,VA,0,1,750,270,0.004435376862403275,0.465273311498146
21,expression,0,1,750,270,0.020743997622750508,0.9362209298012596
22,AU,0,1,750,185,0.007433305238507169,0.5125149655617978
22,VA,0,1,750,185,0.008139328183613518,0.5627356401996496
22,expression,0,1,750,185,0.018682651694793592,0.804039680043869
23,AU,0,1,750,301,0.01041310311023915,0.5986759029233707
23,VA,0,1,750,301,0.006206429754996828,1.020263346674859
23,expression,0,1,750,301,0.010646446808874195,0.9507395715994229
24,AU,0,1,750,240,0.019311992285331335,0.8124825140659568
24,VA,0,1,750,240,0.005747730173391348,0.8449584051141059
24,expression,0,1,750,240,0.016934826723945688,0.5082290382581451
25,AU,0,1,750,234,0.02628998491424508,0.7745718239384155
25,VA,0,1,750,234,0.00481643659348997,0.977915946984648
25,expression,0,1,750,234,0.02452035972464757,0.9302989295887542
26,AU,0,1,750,663,0.02831484548418654,0.7992451269647909
26,VA,0,1,750,663,0.00949454991237643,0.46483519797892336
26,expression,0,1,750,663,0.02664901136569402,0.9326051738603418
27,AU,0,1,750,506,0.014310710762511383,0.8493688558894134
27,VA,0,1,750,506,0.0055826679684224155,1.366988811737103
27,expression,0,1,750,506,0.019494936752048324,1.1105159536045526
30,AU,0,1,750,482,0.023436392130872404,0.5875453973047595
30,VA,0,1,750,482,0.005989860591569601,1.325799810675952
30,expression,0,1,750,482,0.013373991816585431,0.9369094760103578
31,AU,0,1,750,120,0.015704956253353466,0.7945509834479138
31,VA,0,1,750,120,0.005059481942308557,0.9476014374061406
31,expression,0,1,750,120,0.006550034391489391,0.8459311359430114
34,AU,0,1,750,483,0.01431417568417014,0.7365952809046155
34,VA,0,1,750,483,0.01576112022111406,0.7854720417283605
34,expression,0,1,750,483,0.03299353457633067,0.9233760308514923
42,AU,0,1,750,600,0.020216837441806364,0.6248691998689575
42,VA,0,1,750,600,0.011912568569700847,1.2318141076181597
42,expression,0,1,750,600,0.033602957001145274,0.928220618501907
43,AU,0,1,750,306,0.013633773754685068,0.8649201463048449
43,VA,0,1,750,306,0.011726144939134212,0.9711701314775342
43,expression,0,1,750,306,0.007965627628593819,0.8745322864348105
44,AU,0,1,750,750,0.025885909398508558,0.7889778964270685
44,AU,1,2,750,750,0.025062136187816934,0.5856576356609393
44,AU,2,3,750,153,0.03185217005330063,0.6642709562204842
44,VA,0,1,750,750,0.013947500744009064,0.5482948082579446
44,VA,1,2,750,750,0.015010579990521364,0.9265610926755719
44,VA,2,3,750,153,0.014548130626666437,0.5254645395976261
44,expression,0,1,750,750,0.017259816399194355,0.7095142555973593
44,expression,1,2,750,750,0.022415360068898778,0.7414357181792515
44,expression,2,3,750,153,0.019713851089815396,0.705006939029422
45,AU,0,1,750,750,0.020986780469079813,0.8318569647129228
45,AU,1,2,750,750,0.023519948758955113,0.8435747717004168
45,AU,2,3,750,1,0.01504482504690265,0.25439011579970955
45,VA,0,1,750,750,0.01001784011511469,1.0163446236243834
45,VA,1,2,750,750,0.012869176280174687,0.8553007238105299
45,VA,2,3,750,1,0.01853544654060484,0.005123912934167918
45,expression,0,1,750,750,0.019098617079075324,0.894495981670954
45,expression,1,2,750,750,0.023800568784959578,1.0141158829401284
45,expression,2,3,750,1,0.0028384833178295163,0.15304749588288763
46,AU,0,1,750,750,0.009897650761309485,0.6318230875458736
46,AU,1,2,750,750,0.016999137125479125,0.8090772166186504
46,AU,2,3,750,750,0.013835617088414638,0.9261503175459644
46,AU,3,4,750,687,0.01822730031681739,0.8310523097191743
46,VA,0,1,750,750,0.010011992327221511,0.770950592222259
46,VA,1,2,750,750,0.01203924974696348,1.4931338235411187
46,VA,2,3,750,750,0.011191999241514549,1.0413777860643265
46,VA,3,4,750,687,0.012183434333510672,0.9160726514788798
46,expression,0,1,750,750,0.014652913418333871,0.9790505571998188
46,expression,1,2,750,750,0.018733527560435108,0.9361817693602871
46,expression,2,3,750,750,0.01809352193099373,0.9823750822724022
46,expression,3,4,750,687,0.019407491270987655,0.9775465778063908
47,AU,0,1,750,750,0.013618338119278397,0.8433722843644365
47,AU,1,2,750,300,0.018219650732899564,0.9788584093722337
47,VA,0,1,750,750,0.004664310354661185,0.8767758206975371
47,VA,1,2,750,300,0.005750665864273761,1.0288483280636098
47,expression,0,1,750,750,0.01785938279225475,0.7809717020922603
47,expression,1,2,750,300,0.018705005154573733,0.9611493783494706
48,AU,0,1,750,185,0.01645090894304922,0.891882447592463
48,VA,0,1,750,185,0.004723686391734851,0.6812180911643242
48,expression,0,1,750,185,0.01345217886398189,0.8521398035883425
49,AU,0,1,750,484,0.01993155809132384,0.8323646452390372
49,VA,0,1,750,484,0.007727518818016357,1.1416295861419676
49,expression,0,1,750,484,0.02773756295914578,0.8989234367503767
50,AU,0,1,750,481,0.014696630460855002,0.6636787856222542
50,VA,0,1,750,481,0.004388888364097643,1.0484323448712114
50,expression,0,1,750,481,0.01460228845972786,0.7708593988156631
51,AU,0,1,750,384,0.01664204019897709,0.7426204601291209
51,VA,0,1,750,384,0.006270910487460108,0.9884250406509065
51,expression,0,1,750,384,0.018047526903174568,0.4927072548451341
52,AU,0,1,750,750,0.01934575095793887,1.103346117842182
52,AU,1,2,750,750,0.019674832120148485,0.719306941023197
52,AU,2,3,750,750,0.02281601452268678,0.7317501821150394
52,AU,3,4,750,750,0.03194490368001776,0.9158771290596309
52,AU,4,5,750,750,0.019195043132227117,0.5951044773550437
52,AU,5,6,750,750,0.019331585986073964,0.914165098131238
52,AU,6,7,750,446,0.023925719190203504,0.7914445969665085
52,VA,0,1,750,750,0.014527107770525498,1.2429763214675658
52,VA,1,2,750,750,0.016097137408373027,0.9342226430869046
52,VA,2,3,750,750,0.023083646615460047,0.7545775500068421
52,VA,3,4,750,750,0.03102273662732612,1.301029001061945
52,VA,4,5,750,750,0.02428125025440419,0.8096599910045814
52,VA,5,6,750,750,0.019327572748684654,1.026904221322997
52,VA,6,7,750,446,0.024657065499828303,1.2307684603689386
52,expression,0,1,750,750,0.016308065354264344,0.8484020617460175
52,expression,1,2,750,750,0.019040312902327626,0.8846663597811042
52,expression,2,3,750,750,0.02541570061146152,0.45934068290478935
52,expression,3,4,750,750,0.030880331080691624,0.5556516553060044
52,expression,4,5,750,750,0.02232612479047875,0.6455332192783929
52,expression,5,6,750,750,0.026498687059185934,0.8600939063911024
52,expression,6,7,750,446,0.02481717688529687,0.7292389571778503
53,AU,0,1,750,750,0.017880767463621508,0.9402562026015887
53,AU,1,2,750,750,0.017115185809413753,0.8189293724892391
53,AU,2,3,750,750,0.02067651491009148,0.922093799859193
53,AU,3,4,750,750,0.021337351436352455,1.0590487684952374
53,AU,4,5,750,750,0.02536779721454118,1.1024579963960157
53,AU,5,6,750,750,0.02515346265198213,1.0426768423334272
53,AU,6,7,750,693,0.017989144747816467,0.9519892830870649
53,VA,0,1,750,750,0.0040319455448570955,1.1771460142150172
53,VA,1,2,750,750,0.005563765602040773,1.0192823332480767
53,VA,2,3,750,750,0.005261910750673421,0.7687685589534262
53,VA,3,4,750,750,0.005421156320842391,1.2559940849699671
53,VA,4,5,750,750,0.005131453396926248,1.0151449596025819
53,VA,5,6,750,750,0.0044366998729104285,1.0548262024007329
53,VA,6,7,750,693,0.004005690835365041,0.8562039907993387
53,expression,0,1,750,750,0.010827521997653994,1.0394489271247647
53,expression,1,2,750,750,0.01758573684783827,0.9299133073824989
53,expression,2,3,750,750,0.019334960260476826,0.598335132937801
53,expression,3,4,750,750,0.017873709234669747,1.1287546288818753
53,expression,4,5,750,750,0.01832490948888247,1.1024048227484908
53,expression,5,6,750,750,0.018803939599655053,1.0946091397731497
53,expression,6,7,750,693,0.015380099940272741,1.0096398844066587
54,AU,0,1,750,750,0.02261374554329494,0.8925203162425391
54,AU,1,2,750,750,0.019215804666493794,0.7458368868067686
54,AU,2,3,750,750,0.030719014109192627,0.9483508497952423
54,AU,3,4,750,480,0.03618840563366568,1.0095406532130873
54,VA,0,1,750,750,0.01311274459883266,1.1255627914946065
54,VA,1,2,750,750,0.013996667093173399,1.1273375913916617
54,VA,2,3,750,750,0.017634787446773496,1.0154140890032843
54,VA,3,4,750,480,0.018379946601355942,0.7767949972117427
54,expression,0,1,750,750,0.025968702536133637,1.0115704873884461
54,expression,1,2,750,750,0.022197379807758773,0.9359906227169832
54,expression,2,3,750,750,0.027063422689317617,1.0631506834941116
54,expression,3,4,750,480,0.028418842537957477,1.0030136681316888
55,AU,0,1,750,750,0.017056915107267267,0.686298048236654
55,AU,1,2,750,750,0.022645819548037703,0.6655517110720465
55,AU,2,3,750,750,0.02501803156663238,0.8445094586210455
55,AU,3,4,750,505,0.026631181698824676,0.8794705608690311
55,VA,0,1,750,750,0.00867992808933341,0.8744457696181902
55,VA,1,2,750,750,0.01050940933870629,0.9995732438800934
55,VA,2,3,750,750,0.007521262982207848,1.407168465500594
55,VA,3,4,750,505,0.005452278702019806,0.8082832540386425
55,expression,0,1,750,750,0.016356857265679176,0.7537816266048882
55,expression,1,2,750,750,0.020224731736072702,0.900956698950771
55,expression,2,3,750,750,0.017593441547036646,1.1420440588019625
55,expression,3,4,750,505,0.0168642939939346,0.8941614410740707
56,AU,0,1,750,239,0.02016510898583012,0.7624973626392716
56,VA,0,1,750,239,0.005773496078156822,0.8097573895747123
56,expression,0,1,750,239,0.012931036390929946,0.9517600257610753
57,AU,0,1,750,265,0.018775836182098986,0.863140721840834
57,VA,0,1,750,265,0.014087039236615678,1.1494160983680934
57,expression,0,1,750,265,0.015355878441804307,0.5926946580880873
58,AU,0,1,750,448,0.015300464193266942,0.6877704275709617
58,VA,0,1,750,448,0.006936732359672479,0.5664711054470538
58,expression,0,1,750,448,0.017314020680043216,0.7236654929418889
59,AU,0,1,750,179,0.018944742974811413,0.5480106876149594
59,VA,0,1,750,179,0.004631939114921759,0.7865505733083755
59,expression,0,1,750,179,0.012667096424438248,0.6856920036846283
60,AU,0,1,750,750,0.02194496745754585,0.842476567145507
60,AU,1,2,750,392,0.021143236752863004,0.5821938184309751
60,VA,0,1,750,750,0.007104517685606911,0.9921045180101347
60,VA,1,2,750,392,0.008245279381116126,1.1689168264450716
60,expression,0,1,750,750,0.018064116123835662,0.7847361730254714
60,expression,1,2,750,392,0.01980981665339532,0.5135797588849079
61,AU,0,1,750,750,0.003644991244741955,0.2959769960749879
61,AU,1,2,750,750,0.014848150218136855,0.7053539021228152
61,AU,2,3,750,750,0.014781103208948052,0.8437052362762979
61,AU,3,4,750,455,0.018505780265231697,0.7136659740297043
61,VA,0,1,750,750,0.006212460106987843,0.49117917948212997
61,VA,1,2,750,750,0.0072939328697283114,0.7488537049584939
61,VA,2,3,750,750,0.007947556069172725,1.16433930688375
61,VA,3,4,750,455,0.007521570822389325,0.9883262566869823
61,expression,0,1,750,750,0.007404697743421356,0.6196819582403252
61,expression,1,2,750,750,0.013235361168032164,0.7956865276471351
61,expression,2,3,750,750,0.012658162246411976,0.9517154272169613
61,expression,3,4,750,455,0.011236287045220738,0.7346549838507787
62,AU,0,1,750,750,0.013718436452817392,1.038511511366842
62,AU,1,2,750,750,0.013458391356371733,0.9012996099403696
62,AU,2,3,750,750,0.009702159238070992,0.7016070066865664
62,AU,3,4,750,334,0.010881904121345024,0.913910363654735
62,VA,0,1,750,750,0.0051356142058022036,1.4448417886715574
62,VA,1,2,750,750,0.0042063536586586184,0.9693877671372471
62,VA,2,3,750,750,0.005187811925365963,1.0793776821560213
62,VA,3,4,750,334,0.004528358761230883,0.551093583637869
62,expression,0,1,750,750,0.007102084363847108,0.9356589565377917
62,expression,1,2,750,750,0.012762731458894068,1.1119072015848896
62,expression,2,3,750,750,0.011276488131907991,0.6828687018467057
62,expression,3,4,750,334,0.009077887664994053,0.7486112253329449
63,AU,0,1,750,750,0.02454406490802444,1.0191747015904986
63,AU,1,2,750,750,0.02665920047328579,0.7861739887563852
63,AU,2,3,750,750,0.03060678644693158,0.7564504587781028
63,AU,3,4,750,599,0.029130383723324205,0.8499283533442191
63,VA,0,1,750,750,0.006535422501841689,0.9808970731841589
63,VA,1,2,750,750,0.006384368100660208,0.909705720597125
63,VA,2,3,750,750,0.006784552174152678,1.0914732236414115
63,VA,3,4,750,599,0.006756591749198133,0.8295325786889225
63,expression,0,1,750,750,0.020828919413891093,0.9580897140296483
63,expression,1,2,750,750,0.023721152481152395,0.9224484152297553
63,expression,2,3,750,750,0.030230768237280155,1.0542292014588281
63,expression,3,4,750,599,0.021877055534556083,0.7978480662586158
64,AU,0,1,750,750,0.015352732564409175,0.7206499304966906
64,AU,1,2,750,750,0.01869499215115038,0.9396807848915698
64,AU,2,3,750,360,0.019143676699856463,0.7880638891635973
64,VA,0,1,750,750,0.012431046667025825,0.5493060282972113
64,VA,1,2,750,750,0.011767852569754081,0.9898190963134479
64,VA,2,3,750,360,0.010786920784707825,1.1395448718581378
64,expression,0,1,750,750,0.017968827815123697,0.8169657878097784
64,expression,1,2,750,750,0.01566129842410721,0.8427564294406499
64,expression,2,3,750,360,0.013484991269188265,0.878083464515545
65,AU,0,1,750,750,0.011162620372889719,0.6992108456256461
65,AU,1,2,750,185,0.020177143349918644,0.7717801591111194
65,VA,0,1,750,750,0.00295206276870237,0.7863226975694336
65,VA,1,2,750,185,0.003675304761329018,1.0455321239177666
65,expression,0,1,750,750,0.005729395475060966,0.8136474705085932
65,expression,1,2,750,185,0.00838968827251647,0.8258496645783825
66,AU,0,1,750,750,0.010178719724833928,0.5668651131706233
66,AU,1,2,750,750,0.015731279672463228,0.7165753206308837
66,AU,2,3,750,363,0.011290020902241845,0.6362034142114197
66,VA,0,1,750,750,0.005329653272464078,1.1981341481114116
66,VA,1,2,750,750,0.00458330102459137,0.47894240019260026
66,VA,2,3,750,363,0.004804516012086373,0.9409672062310623
66,expression,0,1,750,750,0.014303073602933807,0.7327692868000191
66,expression,1,2,750,750,0.01752695230068341,0.7703221833379753
66,expression,2,3,750,363,0.020466741272437142,0.8703842475350854
67,AU,0,1,750,750,0.012752882464023705,0.5604999265351628
67,AU,1,2,750,209,0.020981584881857227,0.8166144839462807
67,VA,0,1,750,750,0.00938441820454208,0.845113667869819
67,VA,1,2,750,209,0.01321992980861789,0.9721299415017592
67,expression,0,1,750,750,0.016125171431810508,0.7151460413251963
67,expression,1,2,750,209,0.0255625700878676,0.8243881491713778
68,AU,0,1,750,750,0.010831459744234108,0.38140731414492823
68,AU,1,2,750,750,0.013414469346802483,0.5713589898628663
68,AU,2,3,750,750,0.01365648413591845,0.7398181267301296
68,AU,3,4,750,750,0.021597814636361748,1.0075155072907729
68,AU,4,5,750,750,0.017351863525582607,0.7741363654776994
68,AU,5,6,750,58,0.014501899863523352,0.3599917784383301
68,VA,0,1,750,750,0.009255288527411544,0.9386552234500929
68,VA,1,2,750,750,0.010050412955102327,1.272196046710132
68,VA,2,3,750,750,0.01134175382212303,1.0148257732405832
68,VA,3,4,750,750,0.012634103661491789,1.071633641236108
68,VA,4,5,750,750,0.011728753448499893,0.9642387076236495
68,VA,5,6,750,58,0.007523490247857131,0.7203070438571294
68,expression,0,1,750,750,0.026133130447924667,0.6211937306294344
68,expression,1,2,750,750,0.0320226937463277,0.8926185768055942
68,expression,2,3,750,750,0.034709893319142135,0.8984974766424759
68,expression,3,4,750,750,0.03639648097050737,1.051407619296168
68,expression,4,5,750,750,0.03217502900061788,0.6322198274734822
68,expression,5,6,750,58,0.010947667717629119,0.2985132598080945
69,AU,0,1,750,750,0.02520889450141632,0.6493323778814253
69,AU,1,2,750,750,0.029051036646557244,0.8606826246301552
69,AU,2,3,750,750,0.030987606433658225,0.9030457407181458
69,AU,3,4,750,750,0.030160334818467152,0.8836394345289386
69,AU,4,5,750,723,0.03832173994436927,0.7864907296176339
69,VA,0,1,750,750,0.006774809329636465,0.6307237077418144
69,VA,1,2,750,750,0.00788670458437062,0.7807247780195579
69,VA,2,3,750,750,0.008022053304420374,0.7040041128321577
69,VA,3,4,750,750,0.008044454940975642,1.2703167123627717
69,VA,4,5,750,723,0.007762446891800563,1.0195975536214905
69,expression,0,1,750,750,0.014059051520588166,0.8864483172396002
69,expression,1,2,750,750,0.015043482109511674,0.8717738893632501
69,expression,2,3,750,750,0.012350443686075113,0.8366942037609123
69,expression,3,4,750,750,0.01346390154033243,0.8868388109177676
69,expression,4,5,750,723,0.01508922071597683,0.8736176951037407
70,AU,0,1,750,750,0.021442480667640863,1.0545330405510247
70,AU,1,2,750,750,0.02178045458481291,0.739225089990144
70,AU,2,3,750,750,0.025352870987711044,1.117640533057428
70,AU,3,4,750,729,0.021423629159566245,0.9467645664867879
70,VA,0,1,750,750,0.006753868982049371,0.8934378678665174
70,VA,1,2,750,750,0.007391153615626372,0.9621128758117613
70,VA,2,3,750,750,0.009006603747321354,1.5985808733347666
70,VA,3,4,750,729,0.008750666598302946,0.9282955756189353
70,expression,0,1,750,750,0.026426927428735595,0.6473048430997504
70,expression,1,2,750,750,0.02990713187686377,0.7986652025046279
70,expression,2,3,750,750,0.03032518478950777,0.9869013585093593
70,expression,3,4,750,729,0.0249204535906777,0.6228509401368498
71,AU,0,1,750,750,0.013103537970647937,0.5808388268726872
71,AU,1,2,750,750,0.009747424042604624,0.48209511616560335
71,AU,2,3,750,750,0.015516835297741042,0.6588840710703248
71,AU,3,4,750,750,0.02006123372426653,0.8864384614469716
71,AU,4,5,750,750,0.020027938795504074,0.8145874521319303
71,AU,5,6,750,61,0.006310629140659481,0.46520554456316077
71,VA,0,1,750,750,0.012677340635453607,1.004703956991288
71,VA,1,2,750,750,0.014391168599518282,0.8803805005746985
71,VA,2,3,750,750,0.016645448174907616,0.9622397271752
71,VA,3,4,750,750,0.01575687723532216,0.8985700805140343
71,VA,4,5,750,750,0.014561620013179436,0.9811417907230761
71,VA,5,6,750,61,0.015277603047103374,0.9138383819852145
71,expression,0,1,750,750,0.02058766922170219,0.7100252808092606
71,expression,1,2,750,750,0.024611737250635833,0.8417983362815508
71,expression,2,3,750,750,0.025290443137279364,0.6899257533380725
71,expression,3,4,750,750,0.022178246310166974,0.9202364458228991
71,expression,4,5,750,750,0.018890516737867576,0.9274466570550101
71,expression,5,6,750,61,0.005267356613605504,0.8192943126524579
72,AU,0,1,750,750,0.02005282463940759,0.8660758153619716
72,AU,1,2,750,750,0.02521466817088383,0.7796040376071143
72,AU,2,3,750,750,0.02587903702368542,0.9505050455561789
72,AU,3,4,750,416,0.02372432521831892,0.7457943167661305
72,VA,0,1,750,750,0.015646886868952624,0.9157876315911264
72,VA,1,2,750,750,0.016882390635857645,0.9944140263197183
72,VA,2,3,750,750,0.014581453843273673,1.1478755760505148
72,VA,3,4,750,416,0.01383616901959356,1.1507023467926714
72,expression,0,1,750,750,0.01492700322379835,0.7170367770860404
72,expression,1,2,750,750,0.015000636534704397,1.049294014905886
72,expression,2,3,750,750,0.01443772987211632,0.9437960617251752
72,expression,3,4,750,416,0.017105470935168718,1.070104215678842
73,AU,0,1,750,750,0.021039168299099954,0.7412144643380921
73,AU,1,2,750,750,0.02062795402033173,0.714655504807529
73,AU,2,3,750,750,0.022371951560034332,0.6815304342181302
73,AU,3,4,750,596,0.022939824963435555,0.6905480362554557
73,VA,0,1,750,750,0.009240080279287006,1.0760807986355594
73,VA,1,2,750,750,0.009668196776059752,0.5915897576473188
73,VA,2,3,750,750,0.010454292768602694,0.8761809179618474
73,VA,3,4,750,596,0.010467588302840622,0.9928149769713657
73,expression,0,1,750,750,0.021661212967956624,0.7967075398611437
73,expression,1,2,750,750,0.02616361203791045,0.7891070601010319
73,expression,2,3,750,750,0.02735913346429537,0.9877055515413801
73,expression,3,4,750,596,0.031042067044070715,1.0945551320352203
74,AU,0,1,750,750,0.015566776864622892,0.6168757487789798
74,AU,1,2,750,750,0.01800060694541622,0.8450600336204347
74,AU,2,3,750,750,0.016451878568947125,0.8128653514961728
74,AU,3,4,750,750,0.020686860747777057,0.6670190318918477
74,AU,4,5,750,750,0.020783235650802357,0.8865926969503054
74,AU,5,6,750,750,0.015337932788444293,0.6055005167485671
74,AU,6,7,750,29,0.009268969137301705,0.33026369472807904
74,VA,0,1,750,750,0.005297868592209126,0.531416504959084
74,VA,1,2,750,750,0.005588217179250116,0.596614495020483
74,VA,2,3,750,750,0.006239680053773136,1.12510455289573
74,VA,3,4,750,750,0.00588349547440066,1.0231804980894634
74,VA,4,5,750,750,0.00644661644313971,1.1994685773570053
74,VA,5,6,750,750,0.006289746809237965,1.3202441684390702
74,VA,6,7,750,29,0.008154260342247976,0.9681825841270444
74,expression,0,1,750,750,0.013815373001257672,0.6361180365609356
74,expression,1,2,750,750,0.016337294092126028,0.7565019497657471
74,expression,2,3,750,750,0.010988582447960136,0.9830773598650749
74,expression,3,4,750,750,0.00793132031299092,0.5679699275032506
74,expression,4,5,750,750,0.010038305557816197,0.9363188622951752
74,expression,5,6,750,750,0.009227531821130609,0.7822719287506885
74,expression,6,7,750,29,0.004023581725102709,0.19994089523121575
75,AU,0,1,750,750,0.016041862478007436,0.7592677431245205
75,AU,1,2,750,750,0.022060639874426143,0.7952000808999435
75,AU,2,3,750,750,0.02183646020476942,0.8855537464115851
75,AU,3,4,750,750,0.02176007454836758,0.8905155350146066
75,AU,4,5,750,750,0.0229979708825883,0.8853570409342445
75,AU,5,6,750,750,0.026632280832214812,0.9030467960140163
75,AU,6,7,750,206,0.031123178277516435,0.7238552038221072
75,VA,0,1,750,750,0.012800743100682068,1.2199239719670196
75,VA,1,2,750,750,0.012442444314257265,0.7777207428322568
75,VA,2,3,750,750,0.0149061063188557,0.5940323983262312
75,VA,3,4,750,750,0.015784798392584214,1.1704794854657488
75,VA,4,5,750,750,0.013370932679225957,1.5581739452872445
75,VA,5,6,750,750,0.013544503576570903,0.8702819252664054
75,VA,6,7,750,206,0.0211061402802513,1.2592088016485434
75,expression,0,1,750,750,0.014405344500313912,0.9399566770473587
75,expression,1,2,750,750,0.019440359238025243,0.8270501784219008
75,expression,2,3,750,750,0.0231045617480465,0.9053312011775421
75,expression,3,4,750,750,0.022256676124042165,0.9605049783693864
75,expression,4,5,750,750,0.021522476560001284,0.9441313152688426
75,expression,5,6,750,750,0.02232308962765639,0.8332046514438995
75,expression,6,7,750,206,0.02387513356206501,0.7179886076596795
76,AU,0,1,750,750,0.011528288741576095,0.6491007282748567
76,AU,1,2,750,750,0.01728722842452978,0.5900324991240332
76,AU,2,3,750,750,0.017924395541276776,0.8778138818109588
76,AU,3,4,750,209,0.019879623277902297,0.7749808456519824
76,VA,0,1,750,750,0.003961817080688815,1.0341731308307984
76,VA,1,2,750,750,0.004653234971465373,1.148128902175874
76,VA,2,3,750,750,0.005914408686653607,1.1414963632819501
76,VA,3,4,750,209,0.0047718752713933965,1.1609989379295989
76,expression,0,1,750,750,0.015130045414910566,0.5974163123483588
76,expression,1,2,750,750,0.017823360715121646,0.8250777252746782
76,expression,2,3,750,750,0.017548505081910592,0.8134604227028243
76,expression,3,4,750,209,0.018898717351454236,0.6650112936197853
77,AU,0,1,750,750,0.02161885227369824,0.9306834559443976
77,AU,1,2,750,683,0.024088293799815013,0.8665970024235138
77,VA,0,1,750,750,0.01191342429500314,0.9322835749326561
77,VA,1,2,750,683,0.012506639058440289,0.9911268795074211
77,expression,0,1,750,750,0.014471034311112376,0.9751883674772645
77,expression,1,2,750,683,0.019048799920488038,0.8966496825404792
78,AU,0,1,750,750,0.011111981592132376,0.7249303370832336
78,AU,1,2,750,750,0.012023172320318281,0.7965660337213897
78,AU,2,3,750,750,0.011104460688036505,0.6480021358222655
78,AU,3,4,750,750,0.0141585073413666,0.6996722715663888
78,AU,4,5,750,750,0.01659151979512242,0.7813215788648156
78,AU,5,6,750,750,0.018039952654198402,0.7877325491868206
78,AU,6,7,750,750,0.015398856808055202,0.7529542754000808
78,AU,7,8,750,750,0.01818265187767692,0.8827934000262156
78,AU,8,9,750,31,0.00424665898923252,0.46661361361261183
78,VA,0,1,750,750,0.005650654407395304,1.1072041889605355
78,VA,1,2,750,750,0.005843330288706909,1.1279935780149186
78,VA,2,3,750,750,0.006057036412013032,1.099858421988073
78,VA,3,4,750,750,0.005889530320210791,0.8448705167376327
78,VA,4,5,750,750,0.006224147182743756,0.5854709179215725
78,VA,5,6,750,750,0.005954299107967652,1.0132380658869016
78,VA,6,7,750,750,0.006051610660409492,0.8540063749793968
78,VA,7,8,750,750,0.00689171046069667,0.9702936496048585
78,VA,8,9,750,31,0.004049423337323001,0.4497339778528271
78,expression,0,1,750,750,0.016770127002286597,0.9465475347076319
78,expression,1,2,750,750,0.017842828342834807,0.7448161186078113
78,expression,2,3,750,750,0.024191179366639497,1.055776936070635
78,expression,3,4,750,750,0.01899079520942607,0.774981315048051
78,expression,4,5,750,750,0.021986709730354246,0.8395489140313415
78,expression,5,6,750,750,0.018046712461126265,0.6759349027675098
78,expression,6,7,750,750,0.016833282733171927,0.9081388853724434
78,expression,7,8,750,750,0.015951514042539038,0.7645414054349793
78,expression,8,9,750,31,0.009642819528059867,0.3506827050198431
79,AU,0,1,750,750,0.02424721080118353,0.7885624123829917
79,AU,1,2,750,154,0.021762074609158775,0.6025243367348232
79,VA,0,1,750,750,0.008912465807816126,0.9042270368114218
79,VA,1,2,750,154,0.009303900382116616,0.7513561834584431
79,expression,0,1,750,750,0.019539067221418068,0.7441053564521385
79,expression,1,2,750,154,0.01904248341711139,0.7962092586517863
