pairing,comparison,group,source,r_contribution,scale_contribution,mean_contribution
A_native,G1-minus-T0,AU,0,0.002521196386108688,0.0016545234024243946,-0.00865021444751691
A_native,G1-minus-T0,AU,1,-0.019626476549727045,-0.0045080970381651845,-0.0012780679888605949
A_native,G1-minus-T0,AU,2,-0.0010826474889900994,-0.00902373580589937,-0.005072458668769083
A_native,G1-minus-T0,AU,3,-0.019285480785886756,-0.0009988119487771507,-1.4760957092747745e-05
A_native,G1-minus-T0,AU,4,-0.016443427999973146,-0.015043956638642185,-0.003525004227124877
A_native,G1-minus-T0,AU,5,-0.04868951084822582,-0.005925959304449425,-0.004423779004340771
A_native,G1-minus-T0,AU,6,-7.499537739422875e-05,-0.00037618847210169005,-0.0016053197154998193
A_native,G1-minus-T0,AU,7,-0.018509475540556496,-0.010946492701418072,-0.009746650760932916
A_native,G1-minus-T0,AU,8,-0.021688000706668178,-0.012220481037683341,0.001384720068644712
A_native,G1-minus-T0,AU,9,-0.044434817398544005,-0.013091063859326896,-0.002629858693934993
A_native,G1-minus-T0,AU,10,-0.011848017548713561,-0.0006295314612235263,-0.004411245057118379
A_native,G1-minus-T0,AU,11,-0.022639078246454433,-0.011927398175762131,-0.003320619715505182
A_native,G1-minus-T0,AU,12,-0.01039527033713699,-0.0009125958077728914,-0.003966863169608681
A_native,G1-minus-T0,AU,13,-0.011384598556299148,-0.01252363661383685,-0.0016323492775717988
A_native,G1-minus-T0,AU,14,-0.005581868189482286,0.00011446539602802915,-0.0032368505856721196
A_native,G1-minus-T0,AU,15,-0.019284317179591778,-0.014514958405949864,-0.0034491363682697504
A_native,G1-minus-T0,AU,16,-0.03233648598586293,-0.003233591590012538,-0.002101910316306639
A_native,G1-minus-T0,AU,17,-0.02666604602067886,-0.007277530330303964,-0.0008723707633575807
A_native,G1-minus-T0,AU,18,-0.013294347708706734,-0.0041083000816991,-0.004014288862125411
A_native,G1-minus-T0,AU,19,-0.009690829953458765,-0.004874646302322682,-0.0027452724595297046
A_native,G1-minus-T0,AU,20,-0.04070078842810271,-0.014198960207308143,-0.004700889124621085
A_native,G1-minus-T0,AU,21,-0.034273334195914266,-0.01262807669374779,-0.008572573187825625
A_native,G1-minus-T0,AU,22,-0.05774592967850749,-0.028387367488216075,-0.003983792212352196
A_native,G1-minus-T0,AU,23,-0.03950605958732497,-0.018553599561175485,-0.0026949339288401208
A_native,G1-minus-T0,AU,24,-0.038750044169435956,-0.0057263365597062955,-0.01717117698686702
A_native,G1-minus-T0,AU,25,-0.02527969689897257,-0.0031424471068130723,-0.011122331896628933
A_native,G1-minus-T0,AU,26,-0.019698239745575375,-0.009407295963221826,-0.013839393728820627
A_native,G1-minus-T0,AU,27,0.008223209183245542,-0.009685298067799815,-0.002207600834392209
A_native,G1-minus-T0,AU,28,-0.003070727773122751,-0.016906561647388074,0.0036692018896528457
A_native,G1-minus-T0,AU,29,0.005376208959326383,-0.002313355628553387,-0.0013907103427040816
A_native,G1-minus-T0,AU,30,-0.00015178091779365985,-0.01095406075373951,9.466406395322295e-05
A_native,G1-minus-T0,AU,31,-0.023796473217867962,-0.009622630200218267,-0.0093518347571965
A_native,G1-minus-T0,AU,32,-0.009074732953789329,-0.003151974051525293,-0.00608481243539905
A_native,G1-minus-T0,AU,33,-0.002237473013032789,0.0042637240835243255,-0.000428665735735941
A_native,G1-minus-T0,AU,34,-0.006918159102528009,-0.010737631611692978,-0.004655157281785166
A_native,G1-minus-T0,AU,35,0.0023048457463177097,-0.00110817443479221,-0.0054867873791924785
A_native,G1-minus-T0,AU,36,0.02350142996752162,0.0030839469202712084,0.007143885768956665
A_native,G1-minus-T0,AU,37,-0.007700291551253991,-0.009659366035752544,-0.0002806517973626916
A_native,G1-minus-T0,AU,38,-0.0012216129351402668,-0.008257247988138598,0.0013439681328104964
A_native,G1-minus-T0,AU,39,0.04971399497883633,0.003189799414712661,0.006456726882138578
A_native,G1-minus-T0,AU,40,-0.008550004546012643,-0.0007273397125251013,-0.0031971292799014258
A_native,G1-minus-T0,AU,41,-0.015543541315121973,-0.01925470607422587,-0.0035817284666697993
A_native,G1-minus-T0,AU,42,-0.0026164737295692273,0.007735890188483461,-0.004926274233749994
A_native,G1-minus-T0,AU,43,-0.03148447510999345,-0.013163301920025827,-0.003132516946336109
A_native,G1-minus-T0,AU,44,-0.011222127385387515,-0.011990578600568333,-0.0008840585581510688
A_native,G1-minus-T0,AU,45,-0.0018090280238751448,-0.0024731073086086716,-0.0023240826594976296
A_native,G1-minus-T0,AU,46,-0.03836887631463212,-0.009883183406446693,-0.003024074803966695
A_native,G1-minus-T0,AU,47,-0.0322790665526453,-0.016800513192778872,-0.008956278001645394
A_native,G1-minus-T0,AU,48,-0.027455921113290205,-0.04673997130017153,0.001014226256495008
A_native,G1-minus-T0,AU,49,-0.012367628056988647,-0.014053543683958466,0.0024837217279825665
A_native,G1-minus-T0,AU,50,-0.0010741360797741062,-0.009848306608732536,-0.0016251335773606614
A_native,G1-minus-T0,AU,51,-0.013342917977648104,-0.011595101049093696,-0.010398562193388812
A_native,G1-minus-T0,AU,52,-0.024575561338828465,-0.008202909230333913,-0.0028702791682438107
A_native,G1-minus-T0,AU,53,0.009867423207962533,-0.0030619860498830947,0.00010718180951557479
A_native,G1-minus-T0,AU,54,0.00810366354446972,-0.008704760840419446,-0.002967879818283431
A_native,G1-minus-T0,AU,55,0.019231303953553856,-0.005839723080108169,-0.0007462531386559976
A_native,G1-minus-T0,AU,56,-0.03126224984866377,-0.022876854212925905,-0.017001543895637555
A_native,G1-minus-T0,AU,57,-0.03458605263567774,-0.010140074504204618,-0.01200255626082425
A_native,G1-minus-T0,AU,58,-0.0773418170287746,-0.002752003666371509,-0.029931984223376597
A_native,G1-minus-T0,AU,59,-0.04164418239937694,-0.019137085515372354,-0.028470420679073623
A_native,G1-minus-T0,AU,60,-0.008835930748703688,-0.005440316701705874,-0.007724027663308019
A_native,G1-minus-T0,AU,61,-0.004919484049560798,-0.0035633894238143856,-0.0019344508623458342
A_native,G1-minus-T0,AU,62,-0.011940605327608302,-0.0037478784440433894,-0.0015689769371015827
A_native,G1-minus-T0,AU,63,-0.006053118781847545,-0.009754040628913586,-0.0038313206884664462
A_native,G1-minus-T0,AU,64,0.01616423657349564,-0.008231323217357851,-0.0006477275614452655
A_native,G1-minus-T0,AU,65,-0.027802850353447706,-0.006770253688940636,-0.00402724578440386
A_native,G1-minus-T0,AU,66,-0.011573582473751629,-0.005698681739492604,-0.0006766347516341354
A_native,G1-minus-T0,AU,67,-0.007742729531251894,-0.00030964951559169537,0.00653688167322307
A_native,G1-minus-T0,AU,68,-0.004952027551618987,0.00016928407590842797,-0.0004482393923977183
A_native,G1-minus-T0,AU,69,0.0005163289983840163,-0.0037323996601814143,-0.0014267650280892455
A_native,G1-minus-T0,AU,70,-0.003612569927702801,0.000546765721935168,-0.0013967985801443309
A_native,G1-minus-T0,AU,71,-0.006278476029409575,-0.0032257768906060334,-0.0020241919559170177
A_native,G1-minus-T0,AU,72,-0.011722621245343255,-0.008410521347577977,-0.0008319159251966537
A_native,G1-minus-T0,AU,73,-0.013150877170301903,-0.0021512247160806915,-0.0019354054636386822
A_native,G1-minus-T0,AU,74,-0.006257610790310713,-0.004468649285710882,-0.006247563103903641
A_native,G1-minus-T0,AU,75,0.00011461269892245717,-0.0025348032977309137,-0.003807801242904792
A_native,G1-minus-T0,AU,76,-0.002033823136322146,-0.0073929002442234696,-0.005335585693007766
A_native,G1-minus-T0,AU,77,0.003454589836296758,-0.004399828844475355,-0.0006348006666287075
A_native,G1-minus-T0,AU,78,-0.014253428990434903,-0.01037977457703851,-0.0076289808497596165
A_native,G1-minus-T0,AU,79,-0.018394833749340273,-0.0034342840582060117,0.001126841539579914
A_native,G1-minus-T0,VA,0,0.020442596579030747,0.00014310639180575803,-0.011994933108453381
A_native,G1-minus-T0,VA,1,-0.03636755403317072,-0.0005691162709343682,0.020209573538124897
A_native,G1-minus-T0,VA,2,0.04028360685927497,-0.016908590328355178,0.006367627669357614
A_native,G1-minus-T0,VA,3,-0.03311176718982287,-0.0008939771346526352,0.020148198370632704
A_native,G1-minus-T0,VA,4,-0.04458538627749377,-0.012411549644169496,0.02204585846216491
A_native,G1-minus-T0,VA,5,-0.0696913655481669,0.008183582860659292,-0.02404898781200258
A_native,G1-minus-T0,VA,6,-0.019497592093285842,-0.009387465775804398,0.02152382895217659
A_native,G1-minus-T0,VA,7,-0.0237385303953662,-0.011048158015094112,-0.00426193769358531
A_native,G1-minus-T0,VA,8,0.027540833844684937,0.002769952266006557,-0.009833050389685034
A_native,G1-minus-T0,VA,9,0.033755975770090874,0.0030274254695141917,0.0012234855865057629
A_native,G1-minus-T0,VA,10,-0.009712053657828885,-0.008152513854567434,0.010178515678136874
A_native,G1-minus-T0,VA,11,-0.07037497822862746,-0.000768638739006317,-0.0077835114744325
A_native,G1-minus-T0,VA,12,-0.025505879856377173,-0.001177923136011548,0.002742440893346039
A_native,G1-minus-T0,VA,13,-0.02423772812003529,0.003732934148773094,-0.008045017072873733
A_native,G1-minus-T0,VA,14,-0.018645301157499346,-0.003273765840451143,-0.02029879900838182
A_native,G1-minus-T0,VA,15,0.02153195592901975,-0.0018607280066925982,-0.0045631292303800275
A_native,G1-minus-T0,VA,16,0.007218939796799578,0.010353088587410075,0.013291437975115955
A_native,G1-minus-T0,VA,17,0.01342877230496679,-0.0036738125126156373,0.012251318475151488
A_native,G1-minus-T0,VA,18,-0.0034539683222169827,0.0029589645743377836,-0.005199184607659872
A_native,G1-minus-T0,VA,19,-0.0037330199934090813,-0.0024697865085495214,-0.018144130331931494
A_native,G1-minus-T0,VA,20,-0.019865465768038788,-0.006955564702664172,-0.0014561930161234252
A_native,G1-minus-T0,VA,21,-0.003979758211609667,0.008918585971675018,-0.01692934154463734
A_native,G1-minus-T0,VA,22,0.006392458123037054,0.015798905386992648,-0.025050373552474046
A_native,G1-minus-T0,VA,23,0.05723466157120788,0.008214604991882918,-0.02029337921478086
A_native,G1-minus-T0,VA,24,0.0019185518241844148,-0.0073385681696989296,0.01562280419811366
A_native,G1-minus-T0,VA,25,0.004304883120566959,-0.010651669448417125,0.036577125971328464
A_native,G1-minus-T0,VA,26,0.01080144063481557,-0.015036391986302761,0.044767093003097225
A_native,G1-minus-T0,VA,27,0.10139448985635931,-0.013193684267207314,-0.003472664818038637
A_native,G1-minus-T0,VA,28,0.04299268968258116,-0.007351507632226711,-0.011190258754543776
A_native,G1-minus-T0,VA,29,-0.0038218287415877515,0.007858743735259115,0.02325198562337861
A_native,G1-minus-T0,VA,30,-0.035591500372859394,0.0038017483276935396,-0.049538192269347955
A_native,G1-minus-T0,VA,31,0.018017264738991658,-0.009100953120072627,0.017232219213519702
A_native,G1-minus-T0,VA,32,0.09818599977628666,-0.0013863178562956613,-0.019169906847965573
A_native,G1-minus-T0,VA,33,0.016238074671939818,0.0038562541576426927,0.021311005974562893
A_native,G1-minus-T0,VA,34,0.007333812291566544,-0.01750282019014931,0.01111744481208676
A_native,G1-minus-T0,VA,35,0.010803955331298151,-0.004069293492093389,0.00445927997227265
A_native,G1-minus-T0,VA,36,0.07932347974336508,-0.02308340713470877,-0.024305659879204456
A_native,G1-minus-T0,VA,37,0.0534264827465028,0.006978595570895146,0.007665053259082853
A_native,G1-minus-T0,VA,38,0.03790639947013337,-0.010279622143609893,0.04491427668033919
A_native,G1-minus-T0,VA,39,0.054594409215755216,-0.04470553114571062,0.02493294726542821
A_native,G1-minus-T0,VA,40,-0.0017369406042150668,0.002375196061147365,0.0011015400161155388
A_native,G1-minus-T0,VA,41,0.03879577474631739,-0.026318786963812475,-0.024151366703072583
A_native,G1-minus-T0,VA,42,0.005233996351278336,-0.015382852100484656,-0.016458176552550514
A_native,G1-minus-T0,VA,43,-0.05307662458413389,0.0027560428724976776,-0.01194708963289224
A_native,G1-minus-T0,VA,44,0.041051844925335465,-0.013270329162919595,-0.014373075632114093
A_native,G1-minus-T0,VA,45,-0.002689580273410426,-0.0013208067777139667,-0.006919565050319756
A_native,G1-minus-T0,VA,46,-0.06123360647992856,-0.001277968828295668,-0.01850214227311945
A_native,G1-minus-T0,VA,47,-0.03482233337093693,-0.00645465624886174,-0.013749199251838106
A_native,G1-minus-T0,VA,48,-0.06173636863394333,-0.0033239670914952447,-0.008573541178582894
A_native,G1-minus-T0,VA,49,-0.005660714610670906,-0.002303616086601311,-0.022116878522922993
A_native,G1-minus-T0,VA,50,-0.03340851157507776,-0.013246439510611904,-0.026583572107295644
A_native,G1-minus-T0,VA,51,-0.09766397826071646,-0.007292063487488695,-0.019262170463784662
A_native,G1-minus-T0,VA,52,0.034982810580106286,0.00875163498354489,0.009545402241169594
A_native,G1-minus-T0,VA,53,0.005286297813813879,-0.004148957619231033,-0.007124544974121028
A_native,G1-minus-T0,VA,54,0.008887947038900109,-0.006580917766067422,-0.004753916385064665
A_native,G1-minus-T0,VA,55,0.05311070342924671,-0.007898823759644128,-0.0035787174312635005
A_native,G1-minus-T0,VA,56,-0.047588858194432655,-0.011334387015336702,0.01136358026521539
A_native,G1-minus-T0,VA,57,-0.008794279318313048,-0.006946781120708012,0.022266050571707822
A_native,G1-minus-T0,VA,58,-0.006720973491160615,-0.009292298391491613,0.02235316448766704
A_native,G1-minus-T0,VA,59,-0.014289728101799005,-0.008703643103441825,0.004683690567947696
A_native,G1-minus-T0,VA,60,-0.0017746443804976958,-0.008471142453957376,-0.013261997961202702
A_native,G1-minus-T0,VA,61,-0.015652437808448123,-0.003995803047632083,-0.023847770969638336
A_native,G1-minus-T0,VA,62,0.008840679205525368,-0.008829876946388433,-0.005189449986724464
A_native,G1-minus-T0,VA,63,-0.02500001596841648,-0.001866409456544951,-0.028485832971986695
A_native,G1-minus-T0,VA,64,0.02000805273910888,-0.0001739145786763218,0.031920116558011684
A_native,G1-minus-T0,VA,65,-0.054179328379000656,-0.0066808997873570395,0.0061609000337133416
A_native,G1-minus-T0,VA,66,0.0018676914471968484,-0.0028684761956537493,-0.006246087192638255
A_native,G1-minus-T0,VA,67,0.018268025847849055,-0.0006387873842071944,-0.0176660107568203
A_native,G1-minus-T0,VA,68,-0.01389227729431274,-0.00042933814010051656,-0.002949633936466828
A_native,G1-minus-T0,VA,69,4.06691135590824e-06,0.014365654474825037,-0.010977957298415955
A_native,G1-minus-T0,VA,70,0.049731767041145396,-0.0004007329195161128,8.128046605043079e-05
A_native,G1-minus-T0,VA,71,-0.015098177825418696,0.003825972991928244,-0.01209936931829587
A_native,G1-minus-T0,VA,72,-0.03116739874209336,-0.00462629953489856,0.0020004895237310596
A_native,G1-minus-T0,VA,73,-0.04614355044654356,-0.00438867276164088,-0.0155835091089692
A_native,G1-minus-T0,VA,74,-0.005665438524488912,-0.0022658788552118196,-0.006706303945869757
A_native,G1-minus-T0,VA,75,0.000614381294001605,-0.0018762010033161584,-0.007237504809984559
A_native,G1-minus-T0,VA,76,0.015980606594638222,0.004109960284066201,-0.0020550330429003473
A_native,G1-minus-T0,VA,77,-0.0005644844655039068,-0.011644339032336422,-0.01318924002043706
A_native,G1-minus-T0,VA,78,-0.005379768766246479,-0.0008640844328880612,-0.005038313925889772
A_native,G1-minus-T0,VA,79,0.029464379569819676,0.006316703611546857,0.003755596085647296
A_native,G1-minus-T0,expression,0,0.004635271222358806,-0.01007122078492726,-0.00437018580461559
A_native,G1-minus-T0,expression,1,-0.006387868142692796,0.001152887809959919,-0.00459983739332038
A_native,G1-minus-T0,expression,2,-0.0009565102672584036,0.0009059601461080524,-0.013281406408417106
A_native,G1-minus-T0,expression,3,-0.017107182610122118,0.0028692093550384745,-0.0034245981346619574
A_native,G1-minus-T0,expression,4,-0.02229107689595395,-0.006499303382150148,-0.006839026043089039
A_native,G1-minus-T0,expression,5,-0.008163623086643076,-0.004875913357393271,-0.0018050009590422778
A_native,G1-minus-T0,expression,6,0.011408515145411498,0.001617915262961745,0.0012272648589154477
A_native,G1-minus-T0,expression,7,0.00404249541607137,-0.0037416277448066907,0.0003115884262953079
A_native,G1-minus-T0,expression,8,0.005491923407213131,-0.0006757434126921122,0.00027592265537340925
A_native,G1-minus-T0,expression,9,0.01343283253597088,0.00014800584343156904,9.098805843283818e-05
A_native,G1-minus-T0,expression,10,-0.007599990049962688,-0.006827497587368364,-0.00217933759968153
A_native,G1-minus-T0,expression,11,0.020884938325530292,-0.005432485057454602,-0.002334987391118042
A_native,G1-minus-T0,expression,12,-0.006392032288114459,-0.0030846812722689224,-0.0028626416753690436
A_native,G1-minus-T0,expression,13,-0.017118402603118105,-0.009127414583655576,-0.0037881662690361583
A_native,G1-minus-T0,expression,14,-0.008968152615936305,-0.004855834742328198,-0.002874183728163588
A_native,G1-minus-T0,expression,15,0.009861407499920571,-0.002445403108503381,0.003494838499371049
A_native,G1-minus-T0,expression,16,-0.003460788458263571,-0.00498267264004884,-0.01422039045764482
A_native,G1-minus-T0,expression,17,0.0078523461912182,0.005019688879434751,0.0012543621104543997
A_native,G1-minus-T0,expression,18,0.006864633213515009,0.0019322444600061513,0.0016784373611238163
A_native,G1-minus-T0,expression,19,-0.01314035111424278,-0.004104780878661106,-0.002779639383204537
A_native,G1-minus-T0,expression,20,0.005257793740730456,-0.0076680351357991065,-0.01156588135511603
A_native,G1-minus-T0,expression,21,-0.01698235027539729,0.00016084479837857185,-0.01021710586875026
A_native,G1-minus-T0,expression,22,0.005030558280043065,-0.007926104624653348,-0.007557921414291022
A_native,G1-minus-T0,expression,23,0.015989481940099574,-0.0008283304542266217,-0.00011082415113840421
A_native,G1-minus-T0,expression,24,-0.0024405926166748667,0.0037964506942539306,-0.013577010161188823
A_native,G1-minus-T0,expression,25,-0.014574089977863969,-0.004959388542448582,-0.008273165212549765
A_native,G1-minus-T0,expression,26,-0.001424953276714793,0.0030694623386293514,-0.004562082900038775
A_native,G1-minus-T0,expression,27,0.004803373213110984,-0.00418761237023269,-0.00939896109607247
A_native,G1-minus-T0,expression,28,0.01463637427292298,-0.005082207219414587,-0.0007385272168987121
A_native,G1-minus-T0,expression,29,-0.012754639119942901,0.0013185702291798635,0.00045225999107566044
A_native,G1-minus-T0,expression,30,0.0065507550251075325,-0.0057616425926744685,-0.009251287346043035
A_native,G1-minus-T0,expression,31,0.015002304352923584,0.005718616135392503,-0.0011422008891660944
A_native,G1-minus-T0,expression,32,0.007130083980206761,-0.007589808699832229,-0.004528866824342734
A_native,G1-minus-T0,expression,33,0.0012793257313335345,-0.0063455878489301456,-0.004850198488995741
A_native,G1-minus-T0,expression,34,-0.01608672862502807,-0.001375921144814829,-0.013578046372204954
A_native,G1-minus-T0,expression,35,-0.011720737172181143,-0.01309617266813147,-0.007850139728267312
A_native,G1-minus-T0,expression,36,0.021724951415790766,-0.006079208188112355,0.0013335752273009097
A_native,G1-minus-T0,expression,37,0.03560589422649683,-0.00973979120447714,0.009014639290273664
A_native,G1-minus-T0,expression,38,-0.027865952029261322,0.002309892477880605,0.0007170899763455708
A_native,G1-minus-T0,expression,39,0.02175052625666101,-0.010617981163662745,-0.002648070131525296
A_native,G1-minus-T0,expression,40,-0.009800983616519179,-0.0007819548989414053,-0.0016419235687095079
A_native,G1-minus-T0,expression,41,-0.007480949338690786,-0.003980013051873957,-0.015273756204334498
A_native,G1-minus-T0,expression,42,-0.004246061527559624,-0.0014282117494881102,-0.008418593887193862
A_native,G1-minus-T0,expression,43,-0.0035647862081651326,-0.018364865981268998,-0.005540662569628614
A_native,G1-minus-T0,expression,44,0.02192219852878244,-0.00043722406380487946,-0.00015996364994573883
A_native,G1-minus-T0,expression,45,0.0006670068693409595,-0.005934090754395553,-0.0070953193286643155
A_native,G1-minus-T0,expression,46,-0.005254376156177966,-0.004935929678086813,-0.014084795560213529
A_native,G1-minus-T0,expression,47,-0.00983910326595187,-0.010034187417006528,-0.009532562804091885
A_native,G1-minus-T0,expression,48,-0.005914630454805526,-0.01707376553655885,-0.001916025242263003
A_native,G1-minus-T0,expression,49,0.008586671906752327,-0.007237278582447079,-0.013302101598352217
A_native,G1-minus-T0,expression,50,0.013499387983330549,-0.004862654940888275,0.006107860037601018
A_native,G1-minus-T0,expression,51,0.0019126463018969344,-0.005493882750238119,-0.0114866198880161
A_native,G1-minus-T0,expression,52,0.014224174445268727,0.003942988685172509,-0.0014366993566298173
A_native,G1-minus-T0,expression,53,0.03059933887429696,-0.002779216175453113,-0.0029603471917269237
A_native,G1-minus-T0,expression,54,0.015566062435652044,-0.0020575339417893018,-0.0026194148098748833
A_native,G1-minus-T0,expression,55,0.011915780081297542,-0.002057834660885413,-0.0029254634028727
A_native,G1-minus-T0,expression,56,-0.009130028260307996,-0.0006964086778777172,-0.00974107931475984
A_native,G1-minus-T0,expression,57,0.010460495387510368,-0.0020310731239495438,-0.014108640313173718
A_native,G1-minus-T0,expression,58,-0.057721057917200135,0.008172084666769459,-0.019032898855686826
A_native,G1-minus-T0,expression,59,-0.004582271974956038,-0.0007220912697933652,-0.019684257431212007
A_native,G1-minus-T0,expression,60,-0.00668388094194561,-0.007791770834613504,-0.003892132195949774
A_native,G1-minus-T0,expression,61,-0.012723823786596481,-0.007555433808546355,-0.009827797262837435
A_native,G1-minus-T0,expression,62,-0.0039155074543231186,-0.0020474723563925446,0.0006147392187094705
A_native,G1-minus-T0,expression,63,-0.0183000589216647,-0.001679098693108409,-0.002981706589970116
A_native,G1-minus-T0,expression,64,0.0010855253636592233,0.00450087238421631,0.0039046644050215367
A_native,G1-minus-T0,expression,65,-0.03640070049195539,-0.00779428177161858,-0.005281487280753454
A_native,G1-minus-T0,expression,66,0.00709701292577979,-0.00459340738392945,-0.01103511897436999
A_native,G1-minus-T0,expression,67,0.007385002920720289,9.535130359272218e-06,-0.0011375922459307137
A_native,G1-minus-T0,expression,68,-0.00585348276332192,-0.00662826673718768,-0.0008757738144831023
A_native,G1-minus-T0,expression,69,0.031982963960748415,-0.010791997840596385,0.005836506398305262
A_native,G1-minus-T0,expression,70,0.01711242253694408,-0.013114503530019195,-0.0016743139727533993
A_native,G1-minus-T0,expression,71,0.03195212041615415,-0.0013791838068331866,0.00034659761961261786
A_native,G1-minus-T0,expression,72,-0.03470132230671744,-0.009980822377379295,-0.0019596269846839844
A_native,G1-minus-T0,expression,73,-0.001643266804101018,-0.0009816916633693528,-0.0006991476283089932
A_native,G1-minus-T0,expression,74,-0.0038095378990751472,-0.0031269454024595716,-0.004386037398155626
A_native,G1-minus-T0,expression,75,-0.005629702955872662,-0.002275834801210975,-0.003711442808045278
A_native,G1-minus-T0,expression,76,0.023104457634875897,-0.005273582207728434,-0.005935115934164741
A_native,G1-minus-T0,expression,77,-0.019557281134584232,-0.011634177453968319,-0.00735275218860307
A_native,G1-minus-T0,expression,78,-0.00498660595224344,-0.0058547109233228825,-0.002672413443006879
A_native,G1-minus-T0,expression,79,0.026553084870932386,-0.0048854504786957605,-0.0060498176525433465
A_native,G1-minus-T0,all,0,0.004631412349142489,-0.002218628098377626,-0.007548182774663408
A_native,G1-minus-T0,all,1,-0.01672940805815158,-0.002381463425386687,-0.000622022876128886
A_native,G1-minus-T0,all,2,0.0022670167698252497,-0.006477021463053459,-0.006784115038406316
A_native,G1-minus-T0,all,3,-0.01969452828195696,0.00024734165357380997,0.0005071278923031414
A_native,G1-minus-T0,all,4,-0.020566032308888652,-0.012099075037006916,-0.0025398221930902267
A_native,G1-minus-T0,all,5,-0.03740137514051463,-0.004461181228182758,-0.005155786734458197
A_native,G1-minus-T0,all,6,0.002045920252632275,-0.0004589774611776072,0.0011514392417271788
A_native,G1-minus-T0,all,7,-0.011711169222820355,-0.008649069140396511,-0.006089237175632075
A_native,G1-minus-T0,all,8,-0.009052118226117909,-0.007326930333390957,0.00013248325973151575
A_native,G1-minus-T0,all,9,-0.01966190596600845,-0.007565082408136901,-0.0014509201907420266
A_native,G1-minus-T0,all,10,-0.010317771637842508,-0.0032147192130573873,-0.0025298538119181676
A_native,G1-minus-T0,all,11,-0.012530264941993165,-0.008956325222963258,-0.0033622487124154833
A_native,G1-minus-T0,all,12,-0.010323082922988995,-0.001628889342670714,-0.00307676796641562
A_native,G1-minus-T0,all,13,-0.014247666216380106,-0.010136319903170045,-0.002835224138464548
A_native,G1-minus-T0,all,14,-0.007710553843388936,-0.001747089147164297,-0.004485753065086166
A_native,G1-minus-T0,all,15,-0.006692383433458901,-0.009640362278826406,-0.0013161838395935167
A_native,G1-minus-T0,all,16,-0.019931828714418134,-0.0027063631118303456,-0.00474835609822105
A_native,G1-minus-T0,all,17,-0.012412575046820152,-0.0030541227577725095,0.0008580788953429781
A_native,G1-minus-T0,all,18,-0.006056243462676594,-0.001609944655870469,-0.002287408130328415
A_native,G1-minus-T0,all,19,-0.010318051928105674,-0.004435900583249126,-0.003988178504897794
A_native,G1-minus-T0,all,20,-0.024327216321270977,-0.011529592544053734,-0.006638110949699654
A_native,G1-minus-T0,all,21,-0.02631673326260446,-0.00681188880303353,-0.009767365114266445
A_native,G1-minus-T0,all,22,-0.03252638250764774,-0.018304861541859306,-0.006812840064182369
A_native,G1-minus-T0,all,23,-0.014008228605866485,-0.010740057082707175,-0.0032758944228508313
A_native,G1-minus-T0,all,24,-0.02387753199306278,-0.0028080231672384347,-0.013397525107851542
A_native,G1-minus-T0,all,25,-0.01948713628265466,-0.00432460615354476,-0.0063946419282870075
A_native,G1-minus-T0,all,26,-0.011410813645108714,-0.005865060988475924,-0.0061821353250570065
A_native,G1-minus-T0,all,27,0.014582564126651586,-0.008206709540530936,-0.004610041236821607
A_native,G1-minus-T0,all,28,0.006280618278068194,-0.012358363909223652,0.001069971724020617
A_native,G1-minus-T0,all,29,-0.0011615054421129178,-0.0003373714049737471,0.0011704558413920515
A_native,G1-minus-T0,all,30,-0.0008421469724705377,-0.008112022215684054,-0.006866668893909675
A_native,G1-minus-T0,all,31,-0.0080357653586659,-0.004671697206411169,-0.004598027601769476
A_native,G1-minus-T0,all,32,0.004691667083495497,-0.004430828643365144,-0.0066337173928663505
A_native,G1-minus-T0,all,33,0.000365946399962243,0.0008361466710683636,-0.00010438247995517003
A_native,G1-minus-T0,all,34,-0.00871194363820046,-0.008283099348568477,-0.006248673623209745
A_native,G1-minus-T0,all,35,-0.001503412020803487,-0.005181223394044869,-0.0054473747427792145
A_native,G1-minus-T0,all,36,0.027398720813035224,-0.0019416510388099296,0.0027686227437739345
A_native,G1-minus-T0,all,37,0.011047829841446817,-0.0083540651612126,0.0033294977551965857
A_native,G1-minus-T0,all,38,-0.006617560452837111,-0.005037552971450157,0.0046289918065440154
A_native,G1-minus-T0,all,39,0.041156118126693744,-0.0050603168152013305,0.005021289468429309
A_native,G1-minus-T0,all,40,-0.00840527273323093,-0.00049661371028452,-0.002355569908638655
A_native,G1-minus-T0,all,41,-0.008616366597748846,-0.014931930778240184,-0.008968748401634728
A_native,G1-minus-T0,all,42,-0.002509904218458348,0.002953878185215109,-0.006966368708356073
A_native,G1-minus-T0,all,43,-0.024277546619339622,-0.01355425483622176,-0.0046082893607142005
A_native,G1-minus-T0,all,44,0.00356597469200471,-0.008395885193792129,-0.0017314695534424054
A_native,G1-minus-T0,all,45,-0.001087141038008812,-0.003488437968788897,-0.004218516984896739
A_native,G1-minus-T0,all,46,-0.029601414677150502,-0.007611645047119448,-0.007801750843497901
A_native,G1-minus-T0,all,47,-0.025301739646366735,-0.013807620389018354,-0.009524122838443687
A_native,G1-minus-T0,all,48,-0.023305143904227353,-0.03377350511912137,-0.0006904756179137874
A_native,G1-minus-T0,all,49,-0.0051256989928861124,-0.01093234464368625,-0.004535789756517008
A_native,G1-minus-T0,all,50,0.0010026415807950914,-0.008524748707172722,-0.001147250702967722
A_native,G1-minus-T0,all,51,-0.015206822230839166,-0.009298468188531512,-0.011455829317301209
A_native,G1-minus-T0,all,52,-0.007394976134402582,-0.002959858360261554,-0.0014182791157742603
A_native,G1-minus-T0,all,53,0.016135146189657654,-0.003058457415613336,-0.0014529656135729527
A_native,G1-minus-T0,all,54,0.010554373869202495,-0.0064077407869096385,-0.002999253940935195
A_native,G1-minus-T0,all,55,0.01960068827248726,-0.004794246840319762,-0.0016701975666139424
A_native,G1-minus-T0,all,56,-0.025486067608051437,-0.01485571426590335,-0.012408985296888449
A_native,G1-minus-T0,all,57,-0.01810781540286837,-0.007289730591843263,-0.009935014610973512
A_native,G1-minus-T0,all,58,-0.06541350663006165,0.0002204810222239919,-0.02226146500883238
A_native,G1-minus-T0,all,59,-0.027596014719756014,-0.012409611963832634,-0.023006519539996204
A_native,G1-minus-T0,all,60,-0.007582371901084625,-0.006435248084416436,-0.006940858737584955
A_native,G1-minus-T0,all,61,-0.008275509066123203,-0.004875436716834032,-0.006213387319086546
A_native,G1-minus-T0,all,62,-0.0077100712455063485,-0.003610308376182723,-0.0011598256112118766
A_native,G1-minus-T0,all,63,-0.011487891401514549,-0.006539048715666439,-0.00553180515962924
A_native,G1-minus-T0,all,64,0.011646554279597045,-0.0035124279337595955,0.003414465397380667
A_native,G1-minus-T0,all,65,-0.03266428063981439,-0.007090794363270891,-0.003613551397786354
A_native,G1-minus-T0,all,66,-0.004523690032225698,-0.005118577502205285,-0.004436905898189938
A_native,G1-minus-T0,all,67,-0.0008209947162927192,-0.00023384145837662524,0.002144818624690389
A_native,G1-minus-T0,all,68,-0.005955713198779426,-0.0020538219615630422,-0.0007851619709905702
A_native,G1-minus-T0,all,69,0.010544671219378379,-0.004543626747113688,0.0001333864467308599
A_native,G1-minus-T0,all,70,0.007286974618492059,-0.003900640330006329,-0.0013673571820836522
A_native,G1-minus-T0,all,71,0.00524973868949009,-0.002070727113195981,-0.002071553480737842
A_native,G1-minus-T0,all,72,-0.020631387784723003,-0.008610279932100045,-0.0009661910283183822
A_native,G1-minus-T0,all,73,-0.01210785571521695,-0.001955969982857878,-0.0026316512479596234
A_native,G1-minus-T0,all,74,-0.005426853683849588,-0.0038630824086305373,-0.0056885741454215655
A_native,G1-minus-T0,all,75,-0.0016835868230056495,-0.0023992451952913525,-0.004051342829116129
A_native,G1-minus-T0,all,76,0.007451581088938055,-0.005794489630281885,-0.005264991158169405
A_native,G1-minus-T0,all,77,-0.004230734818529212,-0.007294381214541987,-0.0037889003019651716
A_native,G1-minus-T0,all,78,-0.010578152800278559,-0.008170498996317475,-0.005835625925689153
A_native,G1-minus-T0,all,79,-0.00018276272532022776,-0.003118578299182502,-0.0009593890382141389
B_fixed_G0,G1-minus-T0,AU,0,-0.004541554803848465,-0.001996374222061026,-0.005917589416372617
B_fixed_G0,G1-minus-T0,AU,1,0.03264570212859164,-0.0006938200007663517,-0.0021721520003533464
B_fixed_G0,G1-minus-T0,AU,2,0.008980244698279082,-0.006429684201594569,-0.00607895613191539
B_fixed_G0,G1-minus-T0,AU,3,0.013103702315557993,0.0054443519988099385,0.0001327682532266598
B_fixed_G0,G1-minus-T0,AU,4,-0.026750840717659513,-0.009124293063276478,-0.007002547326558428
B_fixed_G0,G1-minus-T0,AU,5,-0.04342055730353711,-0.006758062276982317,-0.00895483038210268
B_fixed_G0,G1-minus-T0,AU,6,0.000669652143358958,-0.0014081009618270596,-0.004090564434194752
B_fixed_G0,G1-minus-T0,AU,7,-0.018726085477666507,-0.007573458250415731,-0.010042428638203734
B_fixed_G0,G1-minus-T0,AU,8,-0.020502621337801577,-0.013084044315706476,0.0021957971287185473
B_fixed_G0,G1-minus-T0,AU,9,-0.022362252491289255,-0.009590420724253939,-0.00025596105729651885
B_fixed_G0,G1-minus-T0,AU,10,-0.007266948391633938,-0.0017601776400864699,-0.0017670119945790048
B_fixed_G0,G1-minus-T0,AU,11,-0.026874986652134593,-0.009293936723169312,-0.0053732323247928145
B_fixed_G0,G1-minus-T0,AU,12,-0.01615377747363913,-0.007547635931022613,-0.004395448052103403
B_fixed_G0,G1-minus-T0,AU,13,-0.0176311570243375,-0.003051588535384282,-0.001757580199372761
B_fixed_G0,G1-minus-T0,AU,14,-0.00838186527109768,9.94287631300426e-05,-0.004005805451746791
B_fixed_G0,G1-minus-T0,AU,15,-0.029303304991747433,-0.0036600613461807083,-0.004024693955116067
B_fixed_G0,G1-minus-T0,AU,16,-0.03028965506841204,-0.0032086238607135797,-0.008825288912109278
B_fixed_G0,G1-minus-T0,AU,17,-0.019775485382295857,-0.004185705083340283,-0.00454370515450074
B_fixed_G0,G1-minus-T0,AU,18,-0.012093350781481663,0.000929321206062602,-0.003275241558453917
B_fixed_G0,G1-minus-T0,AU,19,-0.0197744324028045,-0.004812137487258423,-0.0039057260099353863
B_fixed_G0,G1-minus-T0,AU,20,-0.037102800511214444,-0.0161959473211489,-0.010833775759729169
B_fixed_G0,G1-minus-T0,AU,21,-0.022109213043825945,-0.013478741771201931,-0.0088599625667231
B_fixed_G0,G1-minus-T0,AU,22,-0.0367621112500546,-0.02350840370873501,-0.0130468743604783
B_fixed_G0,G1-minus-T0,AU,23,-0.013655114023134794,-0.011710562434685622,-0.008774034900359754
B_fixed_G0,G1-minus-T0,AU,24,-0.005826630303767408,-0.00594158397512362,-0.02021834045634892
B_fixed_G0,G1-minus-T0,AU,25,0.006114360441495504,-0.00973220072900862,-0.010222005598535346
B_fixed_G0,G1-minus-T0,AU,26,-0.006820520002212724,-0.009531390094248974,-0.010107080953034447
B_fixed_G0,G1-minus-T0,AU,27,0.008748630389279748,-0.008274436711908537,-0.004894544051285709
B_fixed_G0,G1-minus-T0,AU,28,0.012561279025658541,-0.013720088377074375,-0.00043575419377937113
B_fixed_G0,G1-minus-T0,AU,29,0.012249038558303225,0.002835538626113094,-0.002236866564965952
B_fixed_G0,G1-minus-T0,AU,30,-0.012160496092211825,-0.006255746707053536,0.0015807095334867598
B_fixed_G0,G1-minus-T0,AU,31,-0.015313443729768469,-0.0027240082532135747,-0.006960646410945018
B_fixed_G0,G1-minus-T0,AU,32,0.05297998980950949,-0.0006354041229003158,0.0024986887330265446
B_fixed_G0,G1-minus-T0,AU,33,-0.0039060590080882184,0.0033448985427999966,-0.004575171091362791
B_fixed_G0,G1-minus-T0,AU,34,-0.011284980664029704,-0.009760442164775382,-0.0058842708163078196
B_fixed_G0,G1-minus-T0,AU,35,-0.009001436930651344,-0.006145869257986418,-0.003233671958825079
B_fixed_G0,G1-minus-T0,AU,36,0.03152035042030693,0.005373734546053712,0.002727962025144312
B_fixed_G0,G1-minus-T0,AU,37,0.011572491181903354,-0.0047360363660317525,-0.0005014732342989046
B_fixed_G0,G1-minus-T0,AU,38,0.007299531422762597,-0.011213364707135059,-0.0025881078310155442
B_fixed_G0,G1-minus-T0,AU,39,0.09206410128423885,0.0030611351584894867,0.00022327963856303765
B_fixed_G0,G1-minus-T0,AU,40,-0.0029338140761527866,-0.001387823546104396,-0.0017135442791366606
B_fixed_G0,G1-minus-T0,AU,41,-0.015543541315121973,-0.01925470607422587,-0.0035817284666697993
B_fixed_G0,G1-minus-T0,AU,42,-0.008977314960452882,0.007493087178528724,-0.0027583330452314167
B_fixed_G0,G1-minus-T0,AU,43,-0.015478304462875094,-0.004316896830940684,-0.00999666410972503
B_fixed_G0,G1-minus-T0,AU,44,0.014726017425142424,-0.003933588689052898,-0.0029463195634403345
B_fixed_G0,G1-minus-T0,AU,45,0.004566138049870504,-0.0023765073844445165,-0.0025202288927568795
B_fixed_G0,G1-minus-T0,AU,46,-0.018222016344871157,-0.004271212270529559,-8.26071602682423e-05
B_fixed_G0,G1-minus-T0,AU,47,0.001070874472227333,-0.010869601506577719,-0.005124294774039151
B_fixed_G0,G1-minus-T0,AU,48,-0.010393564166317737,-0.056855049384368035,-0.0034982744427240844
B_fixed_G0,G1-minus-T0,AU,49,0.0067987833671343595,-0.017159300136040095,0.0014029376346306353
B_fixed_G0,G1-minus-T0,AU,50,0.008362752938256104,-0.004103278356569426,0.0013842409916883813
B_fixed_G0,G1-minus-T0,AU,51,-0.007361553557592671,-0.0079953860886826,-0.010014680825134941
B_fixed_G0,G1-minus-T0,AU,52,-0.01929651407924227,-0.006279035138874133,-0.005782991432460832
B_fixed_G0,G1-minus-T0,AU,53,0.011854055651370527,-0.0007910975125744439,-0.0005793836625793658
B_fixed_G0,G1-minus-T0,AU,54,0.012707706818007418,-0.01015848816122683,-0.003800872201636593
B_fixed_G0,G1-minus-T0,AU,55,0.028927100990970792,-0.007448448397692611,-0.0033761001650647977
B_fixed_G0,G1-minus-T0,AU,56,-0.03224839379567528,-0.01993440225615783,-0.011389359845897807
B_fixed_G0,G1-minus-T0,AU,57,-0.024126336104870232,-0.011126761648703616,-0.018308103864579543
B_fixed_G0,G1-minus-T0,AU,58,-0.06281589171179727,-0.002758888797577241,-0.04232576465703519
B_fixed_G0,G1-minus-T0,AU,59,-0.030152373750353796,-0.009619758514828432,-0.02309618667043643
B_fixed_G0,G1-minus-T0,AU,60,-0.013259576895842534,-0.008612724965386828,-0.007027322283227243
B_fixed_G0,G1-minus-T0,AU,61,0.0022196794524322054,-0.003568139759953024,-0.0029865053497940657
B_fixed_G0,G1-minus-T0,AU,62,-0.009446494547254991,-0.004421708059784791,-0.0032892334631341993
B_fixed_G0,G1-minus-T0,AU,63,-0.013367015226402252,-0.009708526371187564,-0.0017671015303895666
B_fixed_G0,G1-minus-T0,AU,64,-0.020846652983789078,-0.009090236241886025,-0.0031288847343634084
B_fixed_G0,G1-minus-T0,AU,65,-0.025663619819445652,-0.005758372054531375,-0.004191844516726911
B_fixed_G0,G1-minus-T0,AU,66,-0.010006249654026573,-0.0037901193311135335,-0.0007397605038214742
B_fixed_G0,G1-minus-T0,AU,67,-0.0040225160624663674,0.0012713031444821397,0.0025530204152260875
B_fixed_G0,G1-minus-T0,AU,68,-0.004366043282005625,-0.0008723054180811822,-0.0021407935739660385
B_fixed_G0,G1-minus-T0,AU,69,0.0006901148709320478,-0.002227577677795446,-0.0010530643990131713
B_fixed_G0,G1-minus-T0,AU,70,0.0019445969166013344,-0.00032135124324062767,-0.0005710116185328803
B_fixed_G0,G1-minus-T0,AU,71,0.0016506225393985313,-0.0033954038022871685,-0.0006398170497768308
B_fixed_G0,G1-minus-T0,AU,72,-0.012379595718950219,-0.015202449956134696,-0.004777521150840552
B_fixed_G0,G1-minus-T0,AU,73,-0.010594045036014004,-0.0017067810014717607,-0.0041880571003434005
B_fixed_G0,G1-minus-T0,AU,74,-0.015574145429672693,-0.004394288398565403,-0.0005766237336638199
B_fixed_G0,G1-minus-T0,AU,75,-0.00564797971991364,-0.0032973956448994085,-0.004318431064714244
B_fixed_G0,G1-minus-T0,AU,76,0.005021828631389161,-0.011671568072410824,-0.00302536125263646
B_fixed_G0,G1-minus-T0,AU,77,-0.0034005083558948904,-0.004511587061904826,-0.004438334091265441
B_fixed_G0,G1-minus-T0,AU,78,-0.006093243079034792,-0.009664751837927237,-0.005762395510214409
B_fixed_G0,G1-minus-T0,AU,79,0.014441296448635225,-0.0023938474720284608,6.393082086365983e-05
B_fixed_G0,G1-minus-T0,VA,0,0.008470645466857116,0.0011934087251390755,-0.007845012584895
B_fixed_G0,G1-minus-T0,VA,1,0.0598557537878478,-0.0016615794156024989,-0.0016405445303791174
B_fixed_G0,G1-minus-T0,VA,2,0.04495848640604152,-0.010067134227726083,-0.010578310284118125
B_fixed_G0,G1-minus-T0,VA,3,0.07795694402063238,0.003224244851668628,0.004318320154573908
B_fixed_G0,G1-minus-T0,VA,4,-0.04829863783700651,-0.011507915782411591,0.012829255678047102
B_fixed_G0,G1-minus-T0,VA,5,-0.07507306998725376,-0.003798176281091209,-0.01835109546270279
B_fixed_G0,G1-minus-T0,VA,6,-0.003754153829024201,-0.008655577326382146,-0.005704169884442042
B_fixed_G0,G1-minus-T0,VA,7,-0.039354494514222293,-0.010345940555348746,-0.009916050714874159
B_fixed_G0,G1-minus-T0,VA,8,-0.015817668020502575,0.0022695122623345235,-0.015694850460650313
B_fixed_G0,G1-minus-T0,VA,9,0.045932618258300674,-0.0023425548364401196,-0.008226991758730486
B_fixed_G0,G1-minus-T0,VA,10,-0.030089677445126257,-0.006216222915821573,-0.00442077761934655
B_fixed_G0,G1-minus-T0,VA,11,-0.04659118423890896,-0.005586786950029977,-0.001494553447207807
B_fixed_G0,G1-minus-T0,VA,12,-0.024579285352024166,-0.0015192349878658431,0.002026178546630143
B_fixed_G0,G1-minus-T0,VA,13,-0.01881182366435799,-0.005574494061403328,0.001830757695869547
B_fixed_G0,G1-minus-T0,VA,14,-0.020790414447943863,-0.002679170072940527,-0.011138208631041011
B_fixed_G0,G1-minus-T0,VA,15,-0.004818885316402291,0.0017389342296083403,0.0009928480023551531
B_fixed_G0,G1-minus-T0,VA,16,-0.017137695468127385,-0.004264893232793934,-0.01846393788819843
B_fixed_G0,G1-minus-T0,VA,17,-0.031355075038172434,-0.005656589450482129,-0.004403093196669861
B_fixed_G0,G1-minus-T0,VA,18,-0.0014213332711859835,0.0011895324817418288,-0.009783769918019772
B_fixed_G0,G1-minus-T0,VA,19,-0.01262002183509664,-0.011713284949796727,-0.018120006345217873
B_fixed_G0,G1-minus-T0,VA,20,-0.0211625373438328,-0.0075960650863995,-0.007207764464761781
B_fixed_G0,G1-minus-T0,VA,21,-0.05623648173842921,-0.006285132769777822,-0.008312487658247035
B_fixed_G0,G1-minus-T0,VA,22,-0.03894269055160077,-0.01488279941213736,0.005019132699839131
B_fixed_G0,G1-minus-T0,VA,23,-0.04091212615354562,-0.00800143454146241,-0.018475954413614142
B_fixed_G0,G1-minus-T0,VA,24,0.04042803617725948,-0.0033828152883037766,-0.0007823928571293607
B_fixed_G0,G1-minus-T0,VA,25,0.067760003760972,-0.006813001452026311,-0.002969658012018576
B_fixed_G0,G1-minus-T0,VA,26,0.026667554054336885,-0.01929877605623123,0.006273985654749206
B_fixed_G0,G1-minus-T0,VA,27,0.08417380669942984,-0.016222169099248167,-0.010027995936377935
B_fixed_G0,G1-minus-T0,VA,28,0.010602373154909374,-0.007543559122744546,0.014172233361733882
B_fixed_G0,G1-minus-T0,VA,29,-0.021389448781093008,-0.004388700380709412,-0.0013237720158332232
B_fixed_G0,G1-minus-T0,VA,30,-0.054086335700856615,-0.010348862916599262,-0.006683313841402752
B_fixed_G0,G1-minus-T0,VA,31,-0.022923378552609664,-0.005999796288281469,0.002799768432797065
B_fixed_G0,G1-minus-T0,VA,32,0.08441290381520558,0.0015851030227131782,-0.019528054296293236
B_fixed_G0,G1-minus-T0,VA,33,-0.0029051748326811874,-0.001417075144070779,0.052963372774072495
B_fixed_G0,G1-minus-T0,VA,34,0.03429085308627123,-0.020313754095286265,0.007138546328939721
B_fixed_G0,G1-minus-T0,VA,35,-0.044832634481087506,-0.010460211818153636,0.0076937550798269125
B_fixed_G0,G1-minus-T0,VA,36,0.0640339224146541,-0.014349514782172737,0.00667529053882133
B_fixed_G0,G1-minus-T0,VA,37,0.026534088968945147,-0.004083787712327614,0.0019397222784919368
B_fixed_G0,G1-minus-T0,VA,38,0.013401535341369583,-0.011285272097736028,0.09299094644022973
B_fixed_G0,G1-minus-T0,VA,39,0.04898423330391848,-0.0023704981464740668,0.02855737100294751
B_fixed_G0,G1-minus-T0,VA,40,-0.019663976454645665,0.001981907153852565,-0.0015145047470135492
B_fixed_G0,G1-minus-T0,VA,41,0.03879577474631739,-0.026318786963812475,-0.024151366703072583
B_fixed_G0,G1-minus-T0,VA,42,0.01484774074727146,-0.011288684976663198,-0.01699744647775831
B_fixed_G0,G1-minus-T0,VA,43,-0.008238726583119693,-0.0033721584032694965,0.024177684016654082
B_fixed_G0,G1-minus-T0,VA,44,0.041876638000646296,-0.009580234409287472,-0.0039452831859592054
B_fixed_G0,G1-minus-T0,VA,45,0.002922024673616587,-0.005538975223814566,-0.00880768115609264
B_fixed_G0,G1-minus-T0,VA,46,-0.031216107500910466,-0.002090573448755457,-0.016331316059330105
B_fixed_G0,G1-minus-T0,VA,47,0.0046885011718510086,-0.003646685774152681,-0.0019053958564007162
B_fixed_G0,G1-minus-T0,VA,48,-0.06728082478804105,0.0010471919786921326,0.0026545934962618717
B_fixed_G0,G1-minus-T0,VA,49,-0.013451592835408074,-0.00537651992114182,-0.01932648685942671
B_fixed_G0,G1-minus-T0,VA,50,0.017823277836825573,-0.0065191064746763115,0.008431663919254928
B_fixed_G0,G1-minus-T0,VA,51,-0.09186530873759487,-0.006057471862772808,-0.015303396635634906
B_fixed_G0,G1-minus-T0,VA,52,0.04586238961573762,0.0014986081610078774,0.00797356652579709
B_fixed_G0,G1-minus-T0,VA,53,0.017501424418024568,-0.010664340089783172,-0.005151439581831149
B_fixed_G0,G1-minus-T0,VA,54,0.045601056139033355,-0.00537757266375093,-0.0013137858854675875
B_fixed_G0,G1-minus-T0,VA,55,0.057248929782499944,-0.006718784886767304,-0.0081131973137609
B_fixed_G0,G1-minus-T0,VA,56,-0.039045386820639974,-0.0050435498746491106,0.02527905497027323
B_fixed_G0,G1-minus-T0,VA,57,-0.015275044218041578,-0.0036269118971991266,0.025472463124067212
B_fixed_G0,G1-minus-T0,VA,58,-0.01580335752146989,-0.017874646150263337,-0.03001092054474777
B_fixed_G0,G1-minus-T0,VA,59,0.01470296243329331,-0.01729929786723985,0.015388326057344342
B_fixed_G0,G1-minus-T0,VA,60,0.012264319197677651,-0.01523222847737784,0.006079924520308015
B_fixed_G0,G1-minus-T0,VA,61,-0.006805673581906015,-0.0018996036462118697,-0.029573707930126064
B_fixed_G0,G1-minus-T0,VA,62,-0.010494044483082455,-0.005449060663462496,-0.005710358201543838
B_fixed_G0,G1-minus-T0,VA,63,-0.01444750575272678,-0.009733018170682346,-0.013229712760487445
B_fixed_G0,G1-minus-T0,VA,64,-0.008420847376752071,0.0012188623173393063,-0.00422644569004332
B_fixed_G0,G1-minus-T0,VA,65,-0.043774910994490344,-0.0029137260195737013,-0.002618800000679893
B_fixed_G0,G1-minus-T0,VA,66,-0.02669437295910439,-0.0016359689989676504,-0.005846430655116812
B_fixed_G0,G1-minus-T0,VA,67,0.03624153604912968,0.0002720679533243873,-0.006827892863969433
B_fixed_G0,G1-minus-T0,VA,68,-0.02207250298743148,-0.0033594504707225525,-0.007828423852912297
B_fixed_G0,G1-minus-T0,VA,69,0.012998395163716328,-0.006680964117262966,-0.012279738442996718
B_fixed_G0,G1-minus-T0,VA,70,0.056675415546249296,-0.0017635655745075907,-0.014074041053128598
B_fixed_G0,G1-minus-T0,VA,71,0.010498108881563937,-0.010447152284695086,-0.018795000361862855
B_fixed_G0,G1-minus-T0,VA,72,-0.0019963147217776965,-0.006360275356678931,-0.009206193981284427
B_fixed_G0,G1-minus-T0,VA,73,-0.052153046418004154,-0.0011790878757604942,-0.014869544397112253
B_fixed_G0,G1-minus-T0,VA,74,-0.015312520916383379,-0.000260175653643678,-0.0029269581049994964
B_fixed_G0,G1-minus-T0,VA,75,-0.008666823752964906,-0.0009511212673317757,0.004290925291095074
B_fixed_G0,G1-minus-T0,VA,76,-0.0031121482377852033,0.0002447839021794436,-0.021630755782474483
B_fixed_G0,G1-minus-T0,VA,77,-0.009924412434431918,-0.01673295716035919,-0.017232469001860252
B_fixed_G0,G1-minus-T0,VA,78,-0.015876903676146307,-0.008984977474416418,-0.018687584308289297
B_fixed_G0,G1-minus-T0,VA,79,0.04089912119858785,-0.0015289683161075372,0.010423523175043362
B_fixed_G0,G1-minus-T0,expression,0,-0.001461130819311237,-0.0036452009884702825,0.0007812128858652536
B_fixed_G0,G1-minus-T0,expression,1,0.02563128501501214,0.0050760032923359445,0.006766365885358744
B_fixed_G0,G1-minus-T0,expression,2,0.01163242967755356,-0.0015005166371098702,-0.009660825726110777
B_fixed_G0,G1-minus-T0,expression,3,0.015780153207214074,0.0006788054556868015,0.003157965773589048
B_fixed_G0,G1-minus-T0,expression,4,-0.009958675280069511,-0.011844966964006831,-0.008764380410009705
B_fixed_G0,G1-minus-T0,expression,5,-0.020733213126449115,-0.0054155948688346615,-0.009925898746923265
B_fixed_G0,G1-minus-T0,expression,6,0.001298701979780617,0.0023036009194003734,-0.006866837578320827
B_fixed_G0,G1-minus-T0,expression,7,-0.014609746967585949,-0.006866238886640175,-0.008760972350310639
B_fixed_G0,G1-minus-T0,expression,8,0.0134229309720366,0.0012383333823820296,-0.0015109501185381056
B_fixed_G0,G1-minus-T0,expression,9,0.01306723567578685,-0.004696119578809507,-0.0020059095557261202
B_fixed_G0,G1-minus-T0,expression,10,-0.007809306670144197,-0.008865037175926228,-0.003759691898795691
B_fixed_G0,G1-minus-T0,expression,11,-0.004385695203608975,-0.007859525621247797,-0.006191385338587404
B_fixed_G0,G1-minus-T0,expression,12,0.002165083215733406,0.0016330315874890995,-0.00028424055673236464
B_fixed_G0,G1-minus-T0,expression,13,-0.013353624539463104,-0.006372168821671917,-0.003131859742405099
B_fixed_G0,G1-minus-T0,expression,14,-0.0030320800843151455,-0.0009722013471348219,-0.003717613600449982
B_fixed_G0,G1-minus-T0,expression,15,-0.011902000865589965,-0.0031578594725770147,-0.003706437488213029
B_fixed_G0,G1-minus-T0,expression,16,-0.018391724061574573,-0.0041415604095034805,-0.01552534623444543
B_fixed_G0,G1-minus-T0,expression,17,-0.0056469528748218315,0.004128867285111438,-0.0011491674976130241
B_fixed_G0,G1-minus-T0,expression,18,-0.010156374567306847,-0.0012559642393137754,-0.0020405635327953547
B_fixed_G0,G1-minus-T0,expression,19,-0.012342767699436734,-0.008840699522126285,-0.0040703086091683684
B_fixed_G0,G1-minus-T0,expression,20,-0.0092596375201042,0.001189778710910458,-0.013884155058540886
B_fixed_G0,G1-minus-T0,expression,21,-0.02391354740107337,-0.002677496876826233,-0.007549212317033651
B_fixed_G0,G1-minus-T0,expression,22,-0.018660735504550524,-0.010869363831076347,-0.008146988432496905
B_fixed_G0,G1-minus-T0,expression,23,-0.01990716618630937,-0.008460824016612231,-0.007402645840335775
B_fixed_G0,G1-minus-T0,expression,24,0.009840273537949492,-0.005779802297627529,-0.016012419002606117
B_fixed_G0,G1-minus-T0,expression,25,0.009972031866635785,-0.007534338513264516,-0.014261834143178734
B_fixed_G0,G1-minus-T0,expression,26,-0.0010898344851666118,-0.0035287041182087723,-0.009647074399957763
B_fixed_G0,G1-minus-T0,expression,27,0.024435959553511213,-0.0048735087223409235,-0.011723664044346752
B_fixed_G0,G1-minus-T0,expression,28,0.00433692709858983,-0.00605325772353455,0.00024531742223943276
B_fixed_G0,G1-minus-T0,expression,29,-0.019421927071902968,-0.0008028213526347899,-0.006214774238830771
B_fixed_G0,G1-minus-T0,expression,30,-0.022189661855026733,-0.003182803507490889,-0.0048042502649705415
B_fixed_G0,G1-minus-T0,expression,31,-0.011426576744137303,0.008194950262136975,-0.00901591653020323
B_fixed_G0,G1-minus-T0,expression,32,0.012269994266790738,0.004312989202236296,0.0008792125294303694
B_fixed_G0,G1-minus-T0,expression,33,-0.003522529215253263,0.005066973741597816,0.0007415124884414788
B_fixed_G0,G1-minus-T0,expression,34,-0.027147078524302665,-0.004356762819328125,-0.010985293373071236
B_fixed_G0,G1-minus-T0,expression,35,-0.004171569350054245,-0.0019058483575942766,-0.002051218545225051
B_fixed_G0,G1-minus-T0,expression,36,0.03688860513946772,-0.007878582612513741,-0.0011501291591391855
B_fixed_G0,G1-minus-T0,expression,37,0.007147683615818403,-0.010386948723679085,0.003995206367026971
B_fixed_G0,G1-minus-T0,expression,38,-0.03245778467117017,-0.0019781054403773383,-0.00925761702148713
B_fixed_G0,G1-minus-T0,expression,39,0.07499339001147123,0.009868008835759024,0.00027015621379680466
B_fixed_G0,G1-minus-T0,expression,40,-0.016381131608570687,-0.0057837122321984435,-0.003647867878909243
B_fixed_G0,G1-minus-T0,expression,41,-0.007480949338690786,-0.003980013051873957,-0.015273756204334498
B_fixed_G0,G1-minus-T0,expression,42,0.013484150594151234,-0.008484536419257447,-0.00618477272900331
B_fixed_G0,G1-minus-T0,expression,43,0.01129095416380774,-0.004481688090307874,0.007513026819822856
B_fixed_G0,G1-minus-T0,expression,44,0.012509025330943927,-0.00012280406786580365,-0.003457041688411594
B_fixed_G0,G1-minus-T0,expression,45,-0.005427398254534694,-7.115124452708212e-05,-0.005842047676692693
B_fixed_G0,G1-minus-T0,expression,46,-0.010109278949794473,-0.00029455575260248527,-0.009738335403055019
B_fixed_G0,G1-minus-T0,expression,47,0.010265623566681212,-0.005529005943155222,-0.0023539720474435254
B_fixed_G0,G1-minus-T0,expression,48,-0.018418620120953598,-0.012922391660843063,-0.00800623449300269
B_fixed_G0,G1-minus-T0,expression,49,-0.006927818284131677,-0.009519059765859202,-0.0074717475601098595
B_fixed_G0,G1-minus-T0,expression,50,0.026037788651953782,0.000450669257637543,0.0014386603441998358
B_fixed_G0,G1-minus-T0,expression,51,-2.915706709199911e-05,-0.003779637524558177,-0.010741307479648871
B_fixed_G0,G1-minus-T0,expression,52,0.005202712902427216,-0.0013868009004912058,-0.005619207644601746
B_fixed_G0,G1-minus-T0,expression,53,0.015385227089079963,-0.005581993424135344,-0.0017874742199457088
B_fixed_G0,G1-minus-T0,expression,54,0.015684753513366463,-0.006436779600869451,-0.005038202844090753
B_fixed_G0,G1-minus-T0,expression,55,0.02736670779430934,-0.0038055259314367243,-0.0018400312297078291
B_fixed_G0,G1-minus-T0,expression,56,-0.01851351623492593,-0.0027062764692507573,-0.010027379756457925
B_fixed_G0,G1-minus-T0,expression,57,0.007817160148611616,-0.004504795195536019,-0.013566430534577895
B_fixed_G0,G1-minus-T0,expression,58,-0.052644523117569196,-0.0023246135965413884,-0.02559077193096539
B_fixed_G0,G1-minus-T0,expression,59,-0.0007437139360540856,-0.005823127989185665,-0.01658113327315824
B_fixed_G0,G1-minus-T0,expression,60,-0.0014962761788523537,-0.0070061106868621065,-0.00516977698548079
B_fixed_G0,G1-minus-T0,expression,61,-0.018970241487215617,-0.00648058470529945,-0.008981400972660442
B_fixed_G0,G1-minus-T0,expression,62,-0.00503257215387861,-0.0036656784943624823,0.0013869729740515493
B_fixed_G0,G1-minus-T0,expression,63,-0.008356072635279963,-0.0011509147336990616,-0.003833045098586705
B_fixed_G0,G1-minus-T0,expression,64,-0.006494884901152553,-0.003178055558125318,-0.0022752973597180886
B_fixed_G0,G1-minus-T0,expression,65,-0.03665764067854166,-0.00765015048239185,-0.00493682692338448
B_fixed_G0,G1-minus-T0,expression,66,0.004232489546940703,-0.00213743485721406,-0.010649505183596449
B_fixed_G0,G1-minus-T0,expression,67,-0.00188024962482358,0.0013955050948230162,-0.0005154878452932499
B_fixed_G0,G1-minus-T0,expression,68,-0.01243431718352185,-0.006448686266344048,-0.000592341415253189
B_fixed_G0,G1-minus-T0,expression,69,0.024793884372228885,-0.010874840693500693,0.0012972540238870376
B_fixed_G0,G1-minus-T0,expression,70,0.006388885416072661,-0.011257609207436483,-0.0015746902022052965
B_fixed_G0,G1-minus-T0,expression,71,0.0038519162590653065,-0.013989311137601611,-0.001389127743504395
B_fixed_G0,G1-minus-T0,expression,72,-0.023011936229755073,-0.01357701818234049,-0.0038484662185663517
B_fixed_G0,G1-minus-T0,expression,73,-0.01421338745020155,0.0021267541904412958,0.000668589303550957
B_fixed_G0,G1-minus-T0,expression,74,9.575237956065477e-05,-0.004147603552388702,-0.002722620239688895
B_fixed_G0,G1-minus-T0,expression,75,-0.013977186497732658,-0.003279293064891449,-0.0027847180120191732
B_fixed_G0,G1-minus-T0,expression,76,0.014794967234483706,-0.004509793809045991,-0.001405073843161107
B_fixed_G0,G1-minus-T0,expression,77,-0.0010910009792086063,-0.012251019147964688,-0.011796144841838252
B_fixed_G0,G1-minus-T0,expression,78,-0.004559761460780113,-0.008593898372172632,-0.004514794145304399
B_fixed_G0,G1-minus-T0,expression,79,0.011580617670004017,-0.0003116444839863239,-0.003963455608519579
B_fixed_G0,G1-minus-T0,all,0,-0.0025148431071401064,-0.00226881615153598,-0.00392816653313829
B_fixed_G0,G1-minus-T0,all,1,0.032577892784986705,0.0010751026998394905,0.0007307023206724609
B_fixed_G0,G1-minus-T0,all,2,0.012707203228267912,-0.005143346583049985,-0.007585102734234134
B_fixed_G0,G1-minus-T0,all,3,0.019148425937293885,0.00374176853323923,0.001435675611850404
B_fixed_G0,G1-minus-T0,all,4,-0.023101171547178473,-0.010185598529041003,-0.005979789672894395
B_fixed_G0,G1-minus-T0,all,5,-0.03869280818156628,-0.006091681826703777,-0.010017273465293275
B_fixed_G0,G1-minus-T0,all,6,0.0005170436132232354,-0.000800154468998688,-0.00510806027633488
B_fixed_G0,G1-minus-T0,all,7,-0.01905912987736519,-0.007568946638402194,-0.00962225239221158
B_fixed_G0,G1-minus-T0,all,8,-0.00927164833326944,-0.007272598926074874,-0.00042161379755309024
B_fixed_G0,G1-minus-T0,all,9,-0.005561226617857706,-0.0074444150866866165,-0.0014536270329087086
B_fixed_G0,G1-minus-T0,all,10,-0.009266321365036606,-0.004390216313613999,-0.002616970813909748
B_fixed_G0,G1-minus-T0,all,11,-0.021255709195548346,-0.008538353188703279,-0.005324746979000283
B_fixed_G0,G1-minus-T0,all,12,-0.01096578268331072,-0.004127550249646323,-0.0025661315256859866
B_fixed_G0,G1-minus-T0,all,13,-0.01635679996037933,-0.0043160066690778485,-0.0019102826215237248
B_fixed_G0,G1-minus-T0,all,14,-0.007662617945474964,-0.00046578077904035984,-0.00448417631367535
B_fixed_G0,G1-minus-T0,all,15,-0.021776134097349426,-0.003067437100564402,-0.0035214485291093977
B_fixed_G0,G1-minus-T0,all,16,-0.02543016037820128,-0.003591665106092776,-0.011740399173343977
B_fixed_G0,G1-minus-T0,all,17,-0.016180722152374295,-0.00164271267480708,-0.0034462041476702003
B_fixed_G0,G1-minus-T0,all,18,-0.010619756992122066,0.0002508467655964989,-0.003400826859008445
B_fixed_G0,G1-minus-T0,all,19,-0.016823946852310187,-0.006653369135419203,-0.00509553486851254
B_fixed_G0,G1-minus-T0,all,20,-0.02691776730066863,-0.009944524412109957,-0.011519816231751528
B_fixed_G0,G1-minus-T0,all,21,-0.025416781533713382,-0.00944685468488778,-0.00839672449414439
B_fixed_G0,G1-minus-T0,all,22,-0.031144117355616986,-0.01877386260415643,-0.01003363029869886
B_fixed_G0,G1-minus-T0,all,23,-0.017836331685783528,-0.010373915909444281,-0.009111343962212434
B_fixed_G0,G1-minus-T0,all,24,0.0028871522440641513,-0.005685112343379284,-0.017317569783213655
B_fixed_G0,G1-minus-T0,all,25,0.012280466763098513,-0.008795348877811922,-0.01093456292589989
B_fixed_G0,G1-minus-T0,all,26,-0.002307654712234,-0.00839192145887469,-0.008649393527427216
B_fixed_G0,G1-minus-T0,all,27,0.019802589826645827,-0.007821958346234071,-0.007490538599872621
B_fixed_G0,G1-minus-T0,all,28,0.009772773939336619,-0.010772580227595245,0.0009508277277877064
B_fixed_G0,G1-minus-T0,all,29,-0.000576749430514457,0.0010933243123679706,-0.003436749456672075
B_fixed_G0,G1-minus-T0,all,30,-0.018723896305004182,-0.005599854179957147,-0.0011235994720107377
B_fixed_G0,G1-minus-T0,all,31,-0.014678441080193791,0.0005079954288931702,-0.006837499661608281
B_fixed_G0,G1-minus-T0,all,32,0.04246742435629518,0.0011257223127924792,0.0002183169055301858
B_fixed_G0,G1-minus-T0,all,33,-0.0037032587403484723,0.003515004711465636,0.0017292511634093971
B_fixed_G0,G1-minus-T0,all,34,-0.012714785279292979,-0.00887552972867313,-0.006474772662852308
B_fixed_G0,G1-minus-T0,all,35,-0.010322375108895165,-0.00513420997467431,-0.00198109270338091
B_fixed_G0,G1-minus-T0,all,36,0.03583927768998616,-0.00044486689094598916,0.0018027591272677546
B_fixed_G0,G1-minus-T0,all,37,0.011353480583719511,-0.006492148428182569,0.0011327598791486429
B_fixed_G0,G1-minus-T0,all,38,-0.004934649413807329,-0.008263834333020664,0.0029239735697331715
B_fixed_G0,G1-minus-T0,all,39,0.08315508423852759,0.004804804070818656,0.0025050074517885997
B_fixed_G0,G1-minus-T0,all,40,-0.008575368676805945,-0.0025249294696579336,-0.002316604668494038
B_fixed_G0,G1-minus-T0,all,41,-0.008616366597748846,-0.014931930778240184,-0.008968748401634728
B_fixed_G0,G1-minus-T0,all,42,0.00011635847363838403,0.0008777058548217946,-0.004993922818640573
B_fixed_G0,G1-minus-T0,all,43,-0.006332975471956155,-0.00429405095972449,-0.0016596151621593766
B_fixed_G0,G1-minus-T0,all,44,0.016188629601039214,-0.003165869267891793,-0.003189667733232647
B_fixed_G0,G1-minus-T0,all,45,0.0012366773623605277,-0.0018917908468205412,-0.0040862070846832
B_fixed_G0,G1-minus-T0,all,46,-0.01666546767092976,-0.002824231079050967,-0.004472336909884959
B_fixed_G0,G1-minus-T0,all,47,0.004302604318422468,-0.008582777667688514,-0.0039802795881174755
B_fixed_G0,G1-minus-T0,all,48,-0.01751256292153908,-0.038164419603795234,-0.004448592223694362
B_fixed_G0,G1-minus-T0,all,49,0.0007862407425258326,-0.013771800800390345,-0.003095315587210912
B_fixed_G0,G1-minus-T0,all,50,0.014775606358524917,-0.002839281369471747,0.0019654490186973707
B_fixed_G0,G1-minus-T0,all,51,-0.011775487095032632,-0.0064913134100900004,-0.010670298619419394
B_fixed_G0,G1-minus-T0,all,52,-0.006244049149509643,-0.0040913087186010355,-0.004630055983685292
B_fixed_G0,G1-minus-T0,all,53,0.01343582001276987,-0.00311404361045063,-0.0013317371144767384
B_fixed_G0,G1-minus-T0,all,54,0.016291829706204387,-0.008585068182114398,-0.003997851101928404
B_fixed_G0,G1-minus-T0,all,55,0.03069352147136147,-0.006224340127616703,-0.0032635258776462558
B_fixed_G0,G1-minus-T0,all,56,-0.028396992418232667,-0.01323013381382687,-0.008020053031983363
B_fixed_G0,G1-minus-T0,all,57,-0.013196313952809745,-0.008407744403569627,-0.013288323039887277
B_fixed_G0,G1-minus-T0,all,58,-0.0558000510264181,-0.0038291813214606555,-0.035985379455709864
B_fixed_G0,G1-minus-T0,all,59,-0.017153175715086122,-0.00901919989481566,-0.017932608565084947
B_fixed_G0,G1-minus-T0,all,60,-0.0074534089789240615,-0.008628168677218197,-0.005384328043665556
B_fixed_G0,G1-minus-T0,all,61,-0.005283123491002156,-0.004366639253364588,-0.007031848155537866
B_fixed_G0,G1-minus-T0,all,62,-0.008117843376240746,-0.004261966807143867,-0.0019865373823075307
B_fixed_G0,G1-minus-T0,all,63,-0.011849952839349082,-0.006972049991150826,-0.003345212370620481
B_fixed_G0,G1-minus-T0,all,64,-0.015260022748782435,-0.006373610538344572,-0.002943541650931299
B_fixed_G0,G1-minus-T0,all,65,-0.03063060978835995,-0.006136169468650112,-0.0043043953255735715
B_fixed_G0,G1-minus-T0,all,66,-0.00678490297412327,-0.0030889282728940315,-0.004319412413453092
B_fixed_G0,G1-minus-T0,all,67,-0.00011586663349299009,0.0012311089532985999,0.0008206247095242575
B_fixed_G0,G1-minus-T0,all,68,-0.008364407706924884,-0.0028557188937366087,-0.0021002993054936273
B_fixed_G0,G1-minus-T0,all,69,0.009387983534769781,-0.005350972757978527,-0.0011990964272037882
B_fixed_G0,G1-minus-T0,all,70,0.007745234726803996,-0.0039363309382846575,-0.001972431120075711
B_fixed_G0,G1-minus-T0,all,71,0.0030628354370651318,-0.007349594028180423,-0.0023320111367365333
B_fixed_G0,G1-minus-T0,all,72,-0.014951282202633972,-0.013974937820564087,-0.004834517398948318
B_fixed_G0,G1-minus-T0,all,73,-0.01507695471911323,-0.0004378342900026815,-0.0034884492348387143
B_fixed_G0,G1-minus-T0,all,74,-0.010538848169654877,-0.00398462022819512,-0.001451369365298698
B_fixed_G0,G1-minus-T0,all,75,-0.008554833411459826,-0.003103900869091451,-0.0031388943793870757
B_fixed_G0,G1-minus-T0,all,76,0.007498514834845466,-0.008426492150166855,-0.003995300843991388
B_fixed_G0,G1-minus-T0,all,77,-0.003183378321638242,-0.00796591493732033,-0.007816364324296325
B_fixed_G0,G1-minus-T0,all,78,-0.006385221808962215,-0.009267696779804897,-0.006397178177289197
B_fixed_G0,G1-minus-T0,all,79,0.015642505219469447,-0.0016583521833813029,-0.0003960654482046004
