model,source,target_side_mean,candidate_best_mean
MAM,0,0.0284918184144331,0.07461312490210537
MAM,1,0.05291503098071263,0.07186469842796342
MAM,2,0.07071994528155914,0.1417341478024676
MAM,3,0.04514616258289702,0.0810026363210211
MAM,4,0.07227779473015064,0.0984788233699399
MAM,5,0.0565116110687678,0.1437814620985494
MAM,6,0.054963704462228626,0.11493316294375963
MAM,7,0.031203264539896775,0.04746413532859744
MAM,8,0.06392749234498987,0.06941407684951326
MAM,9,0.03708184560902998,0.07202335127787297
MAM,10,0.017205625182266385,0.0179381589411991
MAM,11,0.05015472322099971,0.07646990001766747
MAM,12,0.033580082712963574,0.0834421286566979
MAM,13,0.0254847752821032,0.036027774007085914
MAM,14,0.020882948592138108,0.023459857737687113
MAM,15,0.05532415248114908,0.09624777428524336
MAM,16,0.06496760243022537,0.0990824491360223
MAM,17,0.044226916818849896,0.05820525184898852
MAM,18,0.03487016144553912,0.05513448540868291
MAM,19,0.04022629716493283,0.04868052621784482
MAM,20,0.04365461265644612,0.08067856241738448
MAM,21,0.05883711878619744,0.08553373394945181
MAM,22,0.03071033806191025,0.059877743412719044
MAM,23,0.04906584751122291,0.0853846838400808
MAM,24,0.09053835078839387,0.10054185403907598
MAM,25,0.05563062229362874,0.09055790053285234
MAM,26,0.058317127856531335,0.06142539728659642
MAM,27,0.050486614361500357,0.06802501463354496
MAM,28,0.0783272668789984,0.15642263338028678
MAM,29,0.053835311339032965,0.07027486524575752
MAM,30,0.01742513263079212,0.02503903312595928
MAM,31,0.0210355912938582,0.05027867832678899
MAM,32,0.04324383383707909,0.10201056512220026
MAM,33,0.04077342919681475,0.0701253554200584
MAM,34,0.04624127284792742,0.13095254775838627
MAM,35,0.031896563785737526,0.0974928692082258
MAM,36,0.05935221628838559,0.15634001221160856
MAM,37,0.011769515284339893,0.07074431288835065
MAM,38,0.07018511812955493,0.14726134950373998
MAM,39,0.042074511543409424,0.16090423270365303
MAM,40,0.03593915557737757,0.07254039201343856
MAM,41,0.06978732456704076,0.14737532591987848
MAM,42,0.03963714392838796,0.06964961706944811
MAM,43,0.05969668744650484,0.16731437169361932
MAM,44,0.044107900786328716,0.0871285916923519
MAM,45,0.023088593270475022,0.04093586305245239
MAM,46,0.041231570215647766,0.05571851932989839
MAM,47,0.085338398489752,0.10570342305828548
MAM,48,0.04689233998482197,0.09594658215035799
MAM,49,0.02725732206174093,0.02761119284445058
MAM,50,0.057952388817934866,0.11023351912603685
MAM,51,0.04032923953723076,0.13699409294269518
MAM,52,0.0416893972460558,0.09153314470234067
MAM,53,0.027093656219978925,0.04935762030279976
MAM,54,0.06125676232206088,0.11529120582480146
MAM,55,0.070959492373909,0.1751761349180425
MAM,56,0.030580598803608233,0.06134673588538272
MAM,57,0.0761312485987291,0.10460725731731298
MAM,58,0.06777809535198824,0.16411792495524638
MAM,59,0.05213104028902271,0.08841345691122574
MAM,60,0.03147008842966566,0.08250003215706411
MAM,61,0.03155350204456549,0.08059843457324722
MAM,62,0.014298544467912755,0.028971915911357293
MAM,63,0.020790675649935815,0.0462909035278299
MAM,64,0.03194589838302281,0.051253659706422906
MAM,65,0.022201437221451393,0.04077453795831322
MAM,66,0.0438063109676891,0.06043109843638657
MAM,67,0.0336044347173438,0.14830294411996633
MAM,68,0.013095270486820451,0.021030272726514747
MAM,69,0.03471070745912343,0.05778409234625988
MAM,70,0.014835830034017856,0.017464174552531082
MAM,71,0.02588205925670935,0.03987204314726901
MAM,72,0.019960612674347563,0.050172927127952294
MAM,73,0.013928314960062981,0.0288187246413427
MAM,74,0.0077102131785998255,0.028319927580494553
MAM,75,0.02552912260313705,0.023624016654448306
MAM,76,0.05591324600933352,0.09788475472837199
MAM,77,0.04371649806442709,0.06880310405157755
MAM,78,0.03180469281085092,0.08607814251874839
MAM,79,0.05488853962947603,0.0818586025678387
R2,0,0.030911566508377987,0.10500475821883022
R2,1,0.07588780952447731,0.15936764418239407
R2,2,0.05937682939140464,0.09804942065504577
R2,3,0.0825341762622737,0.15889434176663983
R2,4,0.09241828243392122,0.134870823109706
R2,5,0.0777964735577134,0.14881141376296333
R2,6,0.06590003645254139,0.1444844097514167
R2,7,0.07231475937542173,0.11784464980667478
R2,8,0.058347529803646415,0.09324602085410101
R2,9,0.05000325125742596,0.09640529999499246
R2,10,0.022502339816186268,0.03189663748821041
R2,11,0.06033870169082413,0.12312317867034198
R2,12,0.05161785142415035,0.10946841564496208
R2,13,0.037399490353489696,0.048072722241743734
R2,14,0.028305833533347435,0.04006519761311155
R2,15,0.0597247570829072,0.10786532447693786
R2,16,0.08700810396202832,0.11497055643659955
R2,17,0.05286303435373434,0.09447737121300541
R2,18,0.047900151930115854,0.0781999519387225
R2,19,0.06554291583772795,0.08537577740415078
R2,20,0.07408343053129761,0.1011313077853317
R2,21,0.07949217387074742,0.13564835495610406
R2,22,0.05128164337396927,0.07903290244106165
R2,23,0.0713573386798705,0.10449063179290315
R2,24,0.12448054777319992,0.21103034844741067
R2,25,0.12504159267142975,0.1945795495612583
R2,26,0.07738693880018335,0.16911410795923296
R2,27,0.057315547900315775,0.07220456460427035
R2,28,0.10198162308867412,0.21519587332104262
R2,29,0.0861498170916142,0.16567301191872064
R2,30,0.048665500618893374,0.07781658082594285
R2,31,0.052526457011634,0.08828962831892848
R2,32,0.06619039760018776,0.14720925287545106
R2,33,0.08364576278136954,0.14403273104255948
R2,34,0.07364374905487497,0.15463868726181737
R2,35,0.06786620834561428,0.15478827855467386
R2,36,0.09651084812789215,0.20371559742319176
R2,37,0.06409075476091422,0.13922311344988395
R2,38,0.07978389633732888,0.21156661445442465
R2,39,0.08788055867458155,0.2518384305599891
R2,40,0.048549918019911306,0.11469818081552141
R2,41,0.08773329922711738,0.19527440907210925
R2,42,0.0553696467997984,0.0757831060355019
R2,43,0.0731448269134478,0.22678919917775137
R2,44,0.07324790589072643,0.12555984362671824
R2,45,0.060460861289902045,0.0854062345888859
R2,46,0.048849004147370825,0.09110140114909976
R2,47,0.08053168312587641,0.14213678907563645
R2,48,0.057263236158549134,0.13573567031529593
R2,49,0.035513715079952476,0.06932882106779271
R2,50,0.08444043514397455,0.1882394267021751
R2,51,0.04254914640530062,0.1323291182683782
R2,52,0.06868322853931527,0.13944555646381487
R2,53,0.051948243623825,0.08008988446804306
R2,54,0.06377365197670362,0.1431849483133699
R2,55,0.08431554741598091,0.22615251373360162
R2,56,0.0764601556829443,0.14366231289615256
R2,57,0.09688957694388561,0.11046866711170278
R2,58,0.0748870829953743,0.18479050021050647
R2,59,0.07905751108900771,0.09407321912724818
R2,60,0.059155779356740636,0.1008552002696084
R2,61,0.035749700352448996,0.11885526753891688
R2,62,0.020038709937851208,0.039476936879587386
R2,63,0.032038788166199775,0.07144921337181764
R2,64,0.029454203838601745,0.05877606545308136
R2,65,0.029303455507843183,0.0610316137511527
R2,66,0.05260281134528801,0.10235458484716545
R2,67,0.039731670682329044,0.13828752823947585
R2,68,0.013101163629036617,0.02847754015221271
R2,69,0.03672044456583592,0.07665216776181168
R2,70,0.04658056149313167,0.12295507147855722
R2,71,0.02096979366702343,0.027399436800391412
R2,72,0.039272910087270615,0.08514681912114477
R2,73,0.018873926435866863,0.05356277064857725
R2,74,0.014452853644458558,0.0522608248084638
R2,75,0.03474287911777065,0.058178526425480416
R2,76,0.06819639780263753,0.13377188289581107
R2,77,0.07842501707319145,0.08725178529960315
R2,78,0.051375543103667695,0.12071973183808979
R2,79,0.0811264233429447,0.09832322685468906
A12000,0,0.025287055994422776,0.026684834261940966
A12000,1,0.03765454591704027,0.040407780746862125
A12000,2,0.05422112248631925,0.07764645263512912
A12000,3,0.05211937121202563,0.0374851165261587
A12000,4,0.04564815057820547,0.04230182446342854
A12000,5,0.062457347384741,0.05723130839761477
A12000,6,0.036066792909994476,0.0487338342043653
A12000,7,0.047838402977918915,0.04285040406763009
A12000,8,0.03426226876049421,0.037357523178012095
A12000,9,0.035652902617515324,0.044613325970995564
A12000,10,0.03277875711231547,0.025864606365934312
A12000,11,0.031390371885968556,0.03192758704190612
A12000,12,0.015857902659784096,0.01739816209469924
A12000,13,0.030296700954222582,0.04318586531215999
A12000,14,0.0110410705132972,0.014352183208043346
A12000,15,0.027112936192696956,0.018576859143589707
A12000,16,0.03401902140925123,0.035953865902233116
A12000,17,0.017213389991752582,0.023707063143861007
A12000,18,0.03090982300661251,0.02957397334821666
A12000,19,0.03076254717236147,0.03468218876923079
A12000,20,0.03886281904073303,0.041121009551029174
A12000,21,0.04506071730040777,0.05790052696073657
A12000,22,0.05381163839090375,0.0456954204234878
A12000,23,0.028140732969030996,0.027388803678300433
A12000,24,0.0498103258377018,0.07248085638075254
A12000,25,0.03577403027196874,0.03756540473828661
A12000,26,0.04931050520242832,0.051762665599153976
A12000,27,0.028999696511411398,0.024946946332657476
A12000,28,0.04729194750619835,0.049064076099574264
A12000,29,0.03814431646210544,0.04009148065622858
A12000,30,0.03503356675903178,0.04004603493811079
A12000,31,0.04108432291661599,0.04592067117915406
A12000,32,0.05006544365780182,0.042554617682969705
A12000,33,0.062426049396029235,0.05999544934009925
A12000,34,0.032087450760580394,0.03489853349567694
A12000,35,0.04415319830642981,0.04645796687765758
A12000,36,0.06969860970462864,0.0647945602707217
A12000,37,0.046411693098479326,0.0522241520861525
A12000,38,0.06319598620392156,0.04961234492120352
A12000,39,0.05347071759733726,0.05954377927974415
A12000,40,0.04393022239663671,0.05075117589259535
A12000,41,0.06712927680717895,0.06676179792187935
A12000,42,0.04133638079498125,0.04147236159239081
A12000,43,0.030330817140055654,0.041208121651870086
A12000,44,0.051583254649959095,0.0562898182458351
A12000,45,0.055302666604847076,0.06878098140212707
A12000,46,0.017542402658598577,0.04204443920040518
A12000,47,0.06585067989993082,0.0745142178820897
A12000,48,0.06666143094162554,0.05860098393707612
A12000,49,0.03274860521229374,0.03144323829185141
A12000,50,0.03462000315594151,0.03197734689462233
A12000,51,0.04339363284028657,0.03505970300121942
A12000,52,0.027457750561696758,0.022354186375872467
A12000,53,0.009185020991220327,0.0131078536797684
A12000,54,0.029591518969609088,0.030967252192942264
A12000,55,0.034798190925483634,0.036186671771681125
A12000,56,0.04698663667230123,0.05847271396828
A12000,57,0.060369775244872505,0.06591086960342533
A12000,58,0.04053401041313973,0.059075954170745584
A12000,59,0.035639887055988445,0.037717932832927056
A12000,60,0.0338553673393753,0.04204100951156092
A12000,61,0.02906464116724556,0.035456692532345326
A12000,62,0.03279018740266042,0.03060015950828099
A12000,63,0.02125408191344418,0.02535148706295694
A12000,64,0.03671665580745885,0.04394893320237688
A12000,65,0.04370104719440511,0.04819903053619979
A12000,66,0.02915811068466733,0.029403357879911263
A12000,67,0.03229755614230929,0.04062594196063622
A12000,68,0.02890135112785991,0.046613892820844785
A12000,69,0.01747686795162165,0.024717401950864748
A12000,70,0.018802954414193076,0.03419703159825742
A12000,71,0.034830836851629805,0.06357211867596298
A12000,72,0.030320358453496177,0.033252738028113155
A12000,73,0.014607401585558025,0.021237867456620867
A12000,74,0.011921313301826577,0.014581898741451932
A12000,75,0.012811141105108951,0.018567977101257894
A12000,76,0.03872124491315448,0.05145775363439222
A12000,77,0.04322759233122593,0.04321578295050884
A12000,78,0.023034113781980607,0.026844257551543776
A12000,79,0.043376445517012724,0.046519818656072597
T0,0,0.012526157134593586,0.03488348233593677
T0,1,0.018692780166783496,0.05929344429730239
T0,2,0.027910847376500698,0.05619032572070835
T0,3,0.019107921584262357,0.053384955905873055
T0,4,0.09879249825308417,0.1195358618572893
T0,5,0.08548937147866627,0.11953232115899182
T0,6,0.07410165368679811,0.08291906388251842
T0,7,0.0767780523721763,0.10630572341418162
T0,8,0.05254857772197371,0.06548323721081538
T0,9,0.047883904127832944,0.07700878252477332
T0,10,0.05104661151441734,0.06578399512861974
T0,11,0.0707299662386817,0.10076181616815194
T0,12,0.03839241410655887,0.04711377780362629
T0,13,0.04210971297687953,0.05914551556948457
T0,14,0.029456168891745526,0.0332170128621284
T0,15,0.06060994984102126,0.07225848067863719
T0,16,0.0742012511038315,0.09340636498440838
T0,17,0.042761434862753675,0.052156107916916813
T0,18,0.059512718153735746,0.05856340109842277
T0,19,0.045181054370864795,0.05213642139824032
T0,20,0.06343380791783798,0.12115132678092351
T0,21,0.0789662405337315,0.1356909803007393
T0,22,0.09245401091045936,0.13335795994950161
T0,23,0.08738992618247451,0.1047013035392235
T0,24,0.08143107650853394,0.15836509730243734
T0,25,0.09449800821284164,0.14672861353570746
T0,26,0.0752461866886871,0.10428010989039782
T0,27,0.07239555457058769,0.09228328223711575
T0,28,0.0892937242307219,0.11176641947755503
T0,29,0.04768100866124875,0.07348341181602548
T0,30,0.05539470128300513,0.06564310189660053
T0,31,0.0554672266160667,0.07469736541632477
T0,32,0.06581887560953945,0.1063470421168988
T0,33,0.08620026655316408,0.11935810263523414
T0,34,0.08002058622849254,0.12881591882793125
T0,35,0.08417277943737232,0.12022192415876012
T0,36,0.08841847490720366,0.15336557036525464
T0,37,0.07464219118147646,0.12477938056816551
T0,38,0.09070711300889434,0.16014968050220127
T0,39,0.09569566171423888,0.13924335938374993
T0,40,0.06466893462842144,0.06604325060623359
T0,41,0.09041201335128479,0.18893379552783263
T0,42,0.04346879576402322,0.05199345855314791
T0,43,0.07972010933011162,0.15894473612963386
T0,44,0.05084806022648517,0.06474398322151335
T0,45,0.0602969994338,0.07540517273279325
T0,46,0.03932924308343808,0.09059414104317727
T0,47,0.08545640884660421,0.13705606871367443
T0,48,0.08802563370383311,0.11634521913635601
T0,49,0.0369332362696941,0.08008552021372614
T0,50,0.05966470844006324,0.06943664216552226
T0,51,0.05724102574639992,0.1065151031826816
T0,52,0.046461820762196085,0.06589321889215506
T0,53,0.02991405717476972,0.029821283604835574
T0,54,0.03994031753756722,0.04508333367588933
T0,55,0.05191592377085543,0.06329748717280717
T0,56,0.08678948139799161,0.15312049192473562
T0,57,0.11658654717775556,0.15375319351133013
T0,58,0.09236780978472088,0.18400195212512724
T0,59,0.07933826916718117,0.14036059791430963
T0,60,0.06180334930744631,0.07118238920939446
T0,61,0.052708006685164996,0.07398220380213269
T0,62,0.026029791682047353,0.025818445449496484
T0,63,0.04427815963386609,0.05242401453699754
T0,64,0.038916556337162206,0.05723967201863757
T0,65,0.04372127591640611,0.08014385242269383
T0,66,0.039342618059212034,0.059963529093702686
T0,67,0.023345483908863155,0.04617745279541339
T0,68,0.022862609233230125,0.03251961611788617
T0,69,0.026038836381640486,0.03159213281246892
T0,70,0.02582744185718156,0.02926525264548192
T0,71,0.01983869885144479,0.026996310926192608
T0,72,0.050298015728521064,0.06520327375564433
T0,73,0.02991529156106707,0.03765990367891765
T0,74,0.035187747970759624,0.036580983510968536
T0,75,0.03698295281517395,0.03633013805374261
T0,76,0.05461777335420185,0.06990858162123327
T0,77,0.06636187327189333,0.0778852183687249
T0,78,0.04058880211612937,0.05419325262900494
T0,79,0.07545261426281946,0.08697569485272513
T1,0,0.014811193370182829,0.0354772145846892
T1,1,0.020087299144671604,0.05217262744873761
T1,2,0.030932061982506094,0.052898661166350315
T1,3,0.02092981316123099,0.049334408519452186
T1,4,0.09560208855435506,0.11774785277955277
T1,5,0.08301593224947677,0.11535105829259913
T1,6,0.07371781269689111,0.08239271737344714
T1,7,0.0753792140285714,0.09873593709272101
T1,8,0.05182053042690481,0.06038249697498087
T1,9,0.051037015116167074,0.0795610234383776
T1,10,0.0514774529998955,0.06440286349431307
T1,11,0.07008807091888422,0.09875644795040102
T1,12,0.03695193120406578,0.04549891107800973
T1,13,0.0428193221624915,0.06211260847474063
T1,14,0.029716236618651637,0.03377274825515021
T1,15,0.05856598017600574,0.06805282028127263
T1,16,0.07506403867578766,0.08990364277115945
T1,17,0.04196333641832381,0.05097360560996343
T1,18,0.059013595371210405,0.05811183138122252
T1,19,0.04565560406927501,0.05175719934480103
T1,20,0.06540447454994078,0.10987181629924037
T1,21,0.08161022170433276,0.12530789796084704
T1,22,0.0909639890529126,0.12212525298738283
T1,23,0.08501529529351054,0.09679558845485975
T1,24,0.08802982277999398,0.15331295456906452
T1,25,0.094767978240508,0.13938256119322998
T1,26,0.07798723645007896,0.10091020989444288
T1,27,0.07202319304962293,0.08842858206710927
T1,28,0.09094528834720951,0.11378026803717914
T1,29,0.04603107283483887,0.07200177853376301
T1,30,0.05403924721648018,0.06166189408891569
T1,31,0.05491492217310816,0.0731442025535696
T1,32,0.06533333739727784,0.10776076823747452
T1,33,0.08446842930615629,0.11143891929891062
T1,34,0.0807681757594602,0.1262136180352927
T1,35,0.08545405862168405,0.11644254085947578
T1,36,0.0899702379809124,0.15874333773597296
T1,37,0.07496210402001267,0.12597623468618319
T1,38,0.09566923325719981,0.15392181157610968
T1,39,0.09243115619781928,0.1395619096121036
T1,40,0.06334510630599051,0.0635214937656752
T1,41,0.09241951819161623,0.1906390196623772
T1,42,0.047222121296517275,0.05325864669744847
T1,43,0.07776132177709835,0.15011797219465173
T1,44,0.05334520687394797,0.06353661024021741
T1,45,0.06056315357861972,0.07359331389949636
T1,46,0.04373025399713102,0.0878776190368231
T1,47,0.08521138489472144,0.12904160545888854
T1,48,0.08592918557034004,0.10873653920381773
T1,49,0.03364129629305162,0.06607623499874127
T1,50,0.06354899364498923,0.07152912106947804
T1,51,0.05796681851283888,0.09480617017583638
T1,52,0.04991494669232285,0.0681057234161849
T1,53,0.03103294686369462,0.03175855831089841
T1,54,0.042129850167214836,0.04556375994567361
T1,55,0.05337251448678439,0.06461626716773182
T1,56,0.08389921778750259,0.1472448156271847
T1,57,0.1167363827810269,0.1463724025113639
T1,58,0.09382003686148366,0.18065319238777727
T1,59,0.07923626605591849,0.127550934768013
T1,60,0.06230430457083451,0.07035337524434918
T1,61,0.05212928963096279,0.0750589322748636
T1,62,0.02523912955454786,0.025564338591555824
T1,63,0.04287374464888288,0.05107195438875038
T1,64,0.040497971849927775,0.056338403804660306
T1,65,0.045578484050408624,0.07258150751297902
T1,66,0.04079368162101366,0.059155794710221546
T1,67,0.025967158466519702,0.0452621737602449
T1,68,0.024482342414132944,0.03323701444051051
T1,69,0.028140891469919944,0.033837515807808936
T1,70,0.02649434962879167,0.031775921410306246
T1,71,0.023841270763102877,0.029092217086384774
T1,72,0.047550708934498045,0.060318953135133926
T1,73,0.029956550866241126,0.03601573656021426
T1,74,0.03422873159576282,0.03442160424088132
T1,75,0.03443080927745266,0.03326313888185548
T1,76,0.055710622969542524,0.07161380035255564
T1,77,0.06334243798806535,0.07494802384226004
T1,78,0.04177067797175683,0.05695649922142558
T1,79,0.07146518617981612,0.08480901843639344
