T,arm,step,bank,group,statistics
128,C0,1000,0,overall,"{""cross_distance"": 0.37850515469908713, ""self_distance"": 0.2513199580833316, ""ES"": 0.2528451755642891, ""prediction_std"": 0.11860391227528452, ""boundary_fraction"": 0.046742308704415335, ""temporal_mean"": 0.17113355901092292, ""temporal_std"": 0.0528117866255343, ""velocity_abs_mean"": 0.02973976053763181, ""velocity_rms"": 0.08750950122484938, ""expression_entropy"": 1.368534828722477}"
128,C0,1000,0,AU,"{""cross_distance"": 0.3545531924813986, ""self_distance"": 0.12218814427033067, ""ES"": 0.2934591190889478, ""prediction_std"": 0.07646024883724749, ""boundary_fraction"": 0.007093913071526003, ""temporal_mean"": 0.2347114436328411, ""temporal_std"": 0.03783793931361288, ""velocity_abs_mean"": 0.020049502607434988, ""velocity_rms"": 0.04006404806859791}"
128,C0,1000,0,VA,"{""cross_distance"": 0.6936535000801086, ""self_distance"": 0.7766355209052562, ""ES"": 0.30533573888242244, ""prediction_std"": 0.6262249924242497, ""boundary_fraction"": 0.0, ""temporal_mean"": -0.1211661798413843, ""temporal_std"": 0.23994293701834976, ""velocity_abs_mean"": 0.14504219086375086, ""velocity_rms"": 0.27532079359516504}"
128,C0,1000,0,expression,"{""cross_distance"": 0.28177561741322277, ""self_distance"": 0.1220636373385787, ""ES"": 0.22074379855766893, ""prediction_std"": 0.07071802588179707, ""boundary_fraction"": 0.1327686309814453, ""temporal_mean"": 0.125, ""temporal_std"": 0.0341049708542414, ""velocity_abs_mean"": 0.019083384823170492, ""velocity_rms"": 0.043629093025811014, ""expression_entropy"": 1.368534828722477}"
750,C0,1000,0,overall,"{""cross_distance"": 0.3801470879465342, ""self_distance"": 0.25126152113080025, ""ES"": 0.25451632756739856, ""prediction_std"": 0.11791226109489798, ""boundary_fraction"": 0.050469115795567634, ""temporal_mean"": 0.17623297814279795, ""temporal_std"": 0.07304719747044146, ""velocity_abs_mean"": 0.029425855627050624, ""velocity_rms"": 0.08910108760464937, ""expression_entropy"": 1.4198122128844262}"
750,C0,1000,0,AU,"{""cross_distance"": 0.36193668711930516, ""self_distance"": 0.126961369253695, ""ES"": 0.2984560031443834, ""prediction_std"": 0.07928080726414918, ""boundary_fraction"": 0.0072285251096218415, ""temporal_mean"": 0.23977727349847555, ""temporal_std"": 0.05457372253295034, ""velocity_abs_mean"": 0.02031209571287036, ""velocity_rms"": 0.042578095372300596}"
750,C0,1000,0,VA,"{""cross_distance"": 0.6810964196920395, ""self_distance"": 0.7760323375463486, ""ES"": 0.2930802509188652, ""prediction_std"": 0.6020171321928501, ""boundary_fraction"": 0.0, ""temporal_mean"": -0.09541729618213139, ""temporal_std"": 0.31745172552764417, ""velocity_abs_mean"": 0.14083112902007996, ""velocity_rms"": 0.2785010778345168}"
750,C0,1000,0,expression,"{""cross_distance"": 0.28633399326354264, ""self_distance"": 0.1203826286830008, ""ES"": 0.22614267859607934, ""prediction_std"": 0.06932002482935787, ""boundary_fraction"": 0.1441625020466745, ""temporal_mean"": 0.125, ""temporal_std"": 0.04658384078647941, ""velocity_abs_mean"": 0.01866284018033184, ""velocity_rms"": 0.044389126624446364, ""expression_entropy"": 1.4198122128844262}"
128,C0,128,0,overall,"{""cross_distance"": 0.3483303477987647, ""self_distance"": 0.1397139792330563, ""ES"": 0.2784733589738607, ""prediction_std"": 0.030614254670217632, ""boundary_fraction"": 2.05078119506652e-05, ""temporal_mean"": 0.1498056733980775, ""temporal_std"": 0.02536012784112245, ""velocity_abs_mean"": 0.01153356732102111, ""velocity_rms"": 0.022370059229433536, ""expression_entropy"": 1.6473802715539931}"
128,C0,128,0,AU,"{""cross_distance"": 0.3461061669513583, ""self_distance"": 0.008114678779384122, ""ES"": 0.34204882737249137, ""prediction_std"": 0.004876686059287749, ""boundary_fraction"": 0.0, ""temporal_mean"": 0.17370334174484015, ""temporal_std"": 0.02087222021073103, ""velocity_abs_mean"": 0.009582645416958257, ""velocity_rms"": 0.01585395133588463}"
128,C0,128,0,VA,"{""cross_distance"": 0.4979475449770689, ""self_distance"": 0.49171099327504636, ""ES"": 0.25209204740822316, ""prediction_std"": 0.3172912713140249, ""boundary_fraction"": 0.0, ""temporal_mean"": 0.06979597992030903, ""temporal_std"": 0.09010851355269552, ""velocity_abs_mean"": 0.04218626995570958, ""velocity_rms"": 0.06126588652841747}"
128,C0,128,0,expression,"{""cross_distance"": 0.27354884818196296, ""self_distance"": 0.012184523686300963, ""ES"": 0.2674565873108804, ""prediction_std"": 0.007202944805612788, ""boundary_fraction"": 6.40869140625e-05, ""temporal_mean"": 0.125, ""temporal_std"": 0.017587861942593007, ""velocity_abs_mean"": 0.0075283699261490256, ""velocity_rms"": 0.011997311416780575, ""expression_entropy"": 1.6473802715539931}"
750,C0,128,0,overall,"{""cross_distance"": 0.3546277418732643, ""self_distance"": 0.14241645894944668, ""ES"": 0.28341951239854096, ""prediction_std"": 0.03158966845367104, ""boundary_fraction"": 4.0402530112260136e-05, ""temporal_mean"": 0.14677009917795658, ""temporal_std"": 0.029962191940285265, ""velocity_abs_mean"": 0.0111644251155667, ""velocity_rms"": 0.02210476092295721, ""expression_entropy"": 1.6563151195645331}"
750,C0,128,0,AU,"{""cross_distance"": 0.3533724803477526, ""self_distance"": 0.00862311795935966, ""ES"": 0.3490609221160412, ""prediction_std"": 0.005192481720587239, ""boundary_fraction"": 0.0, ""temporal_mean"": 0.1677074221894145, ""temporal_std"": 0.024813121487386524, ""velocity_abs_mean"": 0.009161021586623973, ""velocity_rms"": 0.015684957761550322}"
750,C0,128,0,VA,"{""cross_distance"": 0.513724921271205, ""self_distance"": 0.5010604593902827, ""ES"": 0.2631946921348572, ""prediction_std"": 0.3251770481467247, ""boundary_fraction"": 0.0, ""temporal_mean"": 0.07682058180653258, ""temporal_std"": 0.102363246306777, ""velocity_abs_mean"": 0.0410498169483617, ""velocity_rms"": 0.06045339752454311}"
750,C0,128,0,expression,"{""cross_distance"": 0.2811066823080182, ""self_distance"": 0.012982778041623533, ""ES"": 0.27461529355496167, ""prediction_std"": 0.0076875472732353956, ""boundary_fraction"": 0.00012625790554920968, ""temporal_mean"": 0.125, ""temporal_std"": 0.02151644031982869, ""velocity_abs_mean"": 0.007449459831696004, ""velocity_rms"": 0.012123207416152582, ""expression_entropy"": 1.6563151195645331}"
128,C0,2000,0,overall,"{""cross_distance"": 0.3843281105160713, ""self_distance"": 0.2818115482106805, ""ES"": 0.24342233557254075, ""prediction_std"": 0.13098781341686844, ""boundary_fraction"": 0.11978649669326842, ""temporal_mean"": 0.15192953376099466, ""temporal_std"": 0.054303703259211036, ""velocity_abs_mean"": 0.03170932062203065, ""velocity_rms"": 0.10476023545488715, ""expression_entropy"": 1.1531304329633714}"
128,C0,2000,0,AU,"{""cross_distance"": 0.35377703458070753, ""self_distance"": 0.1385063510388136, ""ES"": 0.2845238586887717, ""prediction_std"": 0.08700440037064254, ""boundary_fraction"": 0.07330220880103297, ""temporal_mean"": 0.19610357973724604, ""temporal_std"": 0.0377472732681781, ""velocity_abs_mean"": 0.020751779832062313, ""velocity_rms"": 0.050938421895261855}"
128,C0,2000,0,VA,"{""cross_distance"": 0.702151333540678, ""self_distance"": 0.856302548199892, ""ES"": 0.274000059440732, ""prediction_std"": 0.6492420136928558, ""boundary_fraction"": 0.0, ""temporal_mean"": -0.07165754731540801, ""temporal_std"": 0.254935160651803, ""velocity_abs_mean"": 0.15509815304540098, ""velocity_rms"": 0.3250145442783833}"
128,C0,2000,0,expression,"{""cross_distance"": 0.2952444567345083, ""self_distance"": 0.15400190288200974, ""ES"": 0.2182435051072389, ""prediction_std"": 0.08389318035915494, ""boundary_fraction"": 0.23689117431640624, ""temporal_mean"": 0.125, ""temporal_std"": 0.03518915031454526, ""velocity_abs_mean"": 0.021407500430359504, ""velocity_rms"": 0.05401665425742976, ""expression_entropy"": 1.1531304329633714}"
128,C0,2000,1,overall,"{""cross_distance"": 0.38512183874845507, ""self_distance"": 0.2828963501378894, ""ES"": 0.2436736635863781, ""prediction_std"": 0.1309973631054163, ""boundary_fraction"": 0.1214272439479828, ""temporal_mean"": 0.15542651070281863, ""temporal_std"": 0.05522685328032821, ""velocity_abs_mean"": 0.03259114222601056, ""velocity_rms"": 0.10665172438602895, ""expression_entropy"": 1.1457184873521329}"
128,C0,2000,1,AU,"{""cross_distance"": 0.35351436361670496, ""self_distance"": 0.13894929392263294, ""ES"": 0.2840397167950869, ""prediction_std"": 0.08568754652515054, ""boundary_fraction"": 0.07489583728602156, ""temporal_mean"": 0.19386887578293682, ""temporal_std"": 0.039534451672807336, ""velocity_abs_mean"": 0.022011789050884543, ""velocity_rms"": 0.05324222402414307}"
128,C0,2000,1,VA,"{""cross_distance"": 0.7072196185588837, ""self_distance"": 0.8607852354645729, ""ES"": 0.2768270008265972, ""prediction_std"": 0.6585617445409297, ""boundary_fraction"": 0.0, ""temporal_mean"": -0.011185056687099858, ""temporal_std"": 0.25399335687980057, ""velocity_abs_mean"": 0.15653398612048477, ""velocity_rms"": 0.3299946774728596}"
128,C0,2000,1,expression,"{""cross_distance"": 0.29606074560433626, ""self_distance"": 0.15403520418331026, ""ES"": 0.21904314276762307, ""prediction_std"": 0.08406219175085425, ""boundary_fraction"": 0.23903045654296876, ""temporal_mean"": 0.12499999990686775, ""temporal_std"": 0.03495848749298602, ""velocity_abs_mean"": 0.021441717207198962, ""velocity_rms"": 0.05388414927292615, ""expression_entropy"": 1.1457184873521329}"
750,C0,2000,0,overall,"{""cross_distance"": 0.38799628987908363, ""self_distance"": 0.2893467886373401, ""ES"": 0.2433228947222233, ""prediction_std"": 0.1325157405808568, ""boundary_fraction"": 0.11766244685277343, ""temporal_mean"": 0.14751210855320096, ""temporal_std"": 0.07847648542374372, ""velocity_abs_mean"": 0.03173143924213946, ""velocity_rms"": 0.10828855668660253, ""expression_entropy"": 1.2426571056246758}"
750,C0,2000,0,AU,"{""cross_distance"": 0.3602010138332844, ""self_distance"": 0.14577925251796842, ""ES"": 0.28731138706207277, ""prediction_std"": 0.08890356090851129, ""boundary_fraction"": 0.07865473011042923, ""temporal_mean"": 0.18410588381811976, ""temporal_std"": 0.05554674745071679, ""velocity_abs_mean"": 0.020949984714388848, ""velocity_rms"": 0.052633956726640466}"
750,C0,2000,0,VA,"{""cross_distance"": 0.71461381316185, ""self_distance"": 0.8799036793410778, ""ES"": 0.27466197349131105, ""prediction_std"": 0.6488423883914948, ""boundary_fraction"": 0.0, ""temporal_mean"": -0.03689274701246177, ""temporal_std"": 0.3578984756022692, ""velocity_abs_mean"": 0.15029011932201683, ""velocity_rms"": 0.3348802249878645}"
750,C0,2000,0,expression,"{""cross_distance"": 0.30099278278648856, ""self_distance"": 0.15750685511156917, ""ES"": 0.22223935555666685, ""prediction_std"": 0.08520691739395261, ""boundary_fraction"": 0.22021752838045358, ""temporal_mean"": 0.125, ""temporal_std"": 0.051614256110042334, ""velocity_abs_mean"": 0.022306999130523763, ""velocity_rms"": 0.05784234806196764, ""expression_entropy"": 1.2426571056246758}"
750,C0,2000,1,overall,"{""cross_distance"": 0.3885976321995258, ""self_distance"": 0.289487012848258, ""ES"": 0.24385412447154522, ""prediction_std"": 0.13236957155168055, ""boundary_fraction"": 0.12014162195846438, ""temporal_mean"": 0.15050855604931712, ""temporal_std"": 0.0798581647220999, ""velocity_abs_mean"": 0.0333498275722377, ""velocity_rms"": 0.11251545124687254, ""expression_entropy"": 1.2312114492058754}"
750,C0,2000,1,AU,"{""cross_distance"": 0.35957548674196005, ""self_distance"": 0.1462325372733176, ""ES"": 0.28645921815186737, ""prediction_std"": 0.0877002918627113, ""boundary_fraction"": 0.08137887094635517, ""temporal_mean"": 0.1822064402513206, ""temporal_std"": 0.05858852686360479, ""velocity_abs_mean"": 0.022634357938659377, ""velocity_rms"": 0.05628438072744757}"
750,C0,2000,1,VA,"{""cross_distance"": 0.7192378595471383, ""self_distance"": 0.8807188183069229, ""ES"": 0.27887845039367676, ""prediction_std"": 0.6534606754779816, ""boundary_fraction"": 0.0, ""temporal_mean"": 0.014808651709608966, ""temporal_std"": 0.35484615452587603, ""velocity_abs_mean"": 0.15671829932834952, ""velocity_rms"": 0.34752859026193617}"
750,C0,2000,1,expression,"{""cross_distance"": 0.3019996276125312, ""self_distance"": 0.15812967298552394, ""ES"": 0.22293479051440954, ""prediction_std"": 0.08585169706493616, ""boundary_fraction"": 0.22285718359053136, ""temporal_mean"": 0.125, ""temporal_std"": 0.05099174869246781, ""velocity_abs_mean"": 0.022599219091353005, ""velocity_rms"": 0.05796554912813008, ""expression_entropy"": 1.2312114492058754}"
128,C0,4000,0,overall,"{""cross_distance"": 0.4023640412837267, ""self_distance"": 0.317512433603406, ""ES"": 0.2436078254133463, ""prediction_std"": 0.14086492406204343, ""boundary_fraction"": 0.16195763843134045, ""temporal_mean"": 0.1827549733221531, ""temporal_std"": 0.07918884749524295, ""velocity_abs_mean"": 0.03924689937848598, ""velocity_rms"": 0.14101110114715992, ""expression_entropy"": 1.050671860575676}"
128,C0,4000,0,AU,"{""cross_distance"": 0.36440949272364376, ""self_distance"": 0.1588139334693551, ""ES"": 0.28500252570956947, ""prediction_std"": 0.09546898305416107, ""boundary_fraction"": 0.09880351322972274, ""temporal_mean"": 0.24157283026725054, ""temporal_std"": 0.057731890305876735, ""velocity_abs_mean"": 0.029038867529015987, ""velocity_rms"": 0.07092918632552028}"
128,C0,4000,0,VA,"{""cross_distance"": 0.7789507150650025, ""self_distance"": 0.9741022914648056, ""ES"": 0.29189956933259964, ""prediction_std"": 0.7187055744230747, ""boundary_fraction"": 0.0, ""temporal_mean"": -0.02735891519114375, ""temporal_std"": 0.3834139986895025, ""velocity_abs_mean"": 0.1797795155318454, ""velocity_rms"": 0.43597181625664233}"
128,C0,4000,0,expression,"{""cross_distance"": 0.30098536536097525, ""self_distance"": 0.16246474902145563, ""ES"": 0.21975299036130308, ""prediction_std"": 0.08152216651942581, ""boundary_fraction"": 0.3208610534667969, ""temporal_mean"": 0.12499999990686775, ""temporal_std"": 0.04336436666781083, ""velocity_abs_mean"": 0.023253801238024608, ""velocity_rms"": 0.06919921590015292, ""expression_entropy"": 1.050671860575676}"
750,C0,4000,0,overall,"{""cross_distance"": 0.40304942093789575, ""self_distance"": 0.32140845581889155, ""ES"": 0.24234519321471454, ""prediction_std"": 0.14181818924844264, ""boundary_fraction"": 0.1615860459394753, ""temporal_mean"": 0.1788408190011978, ""temporal_std"": 0.11922839749604464, ""velocity_abs_mean"": 0.03559397571953014, ""velocity_rms"": 0.13139951331540942, ""expression_entropy"": 1.1194746546447276}"
750,C0,4000,0,AU,"{""cross_distance"": 0.37001983225345614, ""self_distance"": 0.17022378211840988, ""ES"": 0.2849079418927431, ""prediction_std"": 0.09848464764654637, ""boundary_fraction"": 0.11014571295818314, ""temporal_mean"": 0.23182493690401315, ""temporal_std"": 0.09024647939950228, ""velocity_abs_mean"": 0.027717775834025814, ""velocity_rms"": 0.07022663217503577}"
750,C0,4000,0,VA,"{""cross_distance"": 0.7768461264669895, ""self_distance"": 0.9748574577271938, ""ES"": 0.2894173976033926, ""prediction_std"": 0.6990078203380108, ""boundary_fraction"": 0.0, ""temporal_mean"": -0.0031767469699843787, ""temporal_std"": 0.5459489606320858, ""velocity_abs_mean"": 0.14818155439570546, ""velocity_rms"": 0.3981476277112961}"
750,C0,4000,0,expression,"{""cross_distance"": 0.3065542811527848, ""self_distance"": 0.1705286159645766, ""ES"": 0.22128997361287475, ""prediction_std"": 0.0837711704429239, ""boundary_fraction"": 0.29843318201601504, ""temporal_mean"": 0.125, ""temporal_std"": 0.06688937013968825, ""velocity_abs_mean"": 0.02221495982958004, ""velocity_rms"": 0.06984892296604812, ""expression_entropy"": 1.1194746546447276}"
128,C0,500,0,overall,"{""cross_distance"": 0.3707772459834814, ""self_distance"": 0.23145823813974858, ""ES"": 0.25504812579602004, ""prediction_std"": 0.09888248490169645, ""boundary_fraction"": 0.009958862067014707, ""temporal_mean"": 0.1600779273547232, ""temporal_std"": 0.04844380588037893, ""velocity_abs_mean"": 0.02219391874386929, ""velocity_rms"": 0.07070278723258525, ""expression_entropy"": 1.4873344905674457}"
128,C0,500,0,AU,"{""cross_distance"": 0.35009897612035273, ""self_distance"": 0.09161082557402551, ""ES"": 0.3042935622856021, ""prediction_std"": 0.054722476797178385, ""boundary_fraction"": 0.00010925293634045374, ""temporal_mean"": 0.21816790103912354, ""temporal_std"": 0.03295612969668582, ""velocity_abs_mean"": 0.014155904785729945, ""velocity_rms"": 0.026115342770935968}"
128,C0,500,0,VA,"{""cross_distance"": 0.6624032571911812, ""self_distance"": 0.7433629713952541, ""ES"": 0.29072177074849603, ""prediction_std"": 0.5964586347341537, ""boundary_fraction"": 0.0, ""temporal_mean"": -0.1352850576164201, ""temporal_std"": 0.2458768866956234, ""velocity_abs_mean"": 0.12090120166540146, ""velocity_rms"": 0.23378846691921354}"
128,C0,500,0,expression,"{""cross_distance"": 0.27635413091629746, ""self_distance"": 0.09644360351376235, ""ES"": 0.22813232885673643, ""prediction_std"": 0.05728847803547978, ""boundary_fraction"": 0.030916595458984376, ""temporal_mean"": 0.12499999990686775, ""temporal_std"": 0.028124936687527226, ""velocity_abs_mean"": 0.012588371531455778, ""velocity_rms"": 0.024986658204579727, ""expression_entropy"": 1.4873344905674457}"
750,C0,500,0,overall,"{""cross_distance"": 0.37359358333051207, ""self_distance"": 0.2325066914781928, ""ES"": 0.2573402373120189, ""prediction_std"": 0.09901671241968871, ""boundary_fraction"": 0.011296751172631047, ""temporal_mean"": 0.15491518788039685, ""temporal_std"": 0.06435033082962036, ""velocity_abs_mean"": 0.0220649984839838, ""velocity_rms"": 0.07226087350863963, ""expression_entropy"": 1.5357743859291078}"
750,C0,500,0,AU,"{""cross_distance"": 0.35635637678205967, ""self_distance"": 0.09627604987472296, ""ES"": 0.30821835063397884, ""prediction_std"": 0.056561013450846076, ""boundary_fraction"": 0.0002443047349856897, ""temporal_mean"": 0.2083563758060336, ""temporal_std"": 0.04447288807714358, ""velocity_abs_mean"": 0.014102027684566565, ""velocity_rms"": 0.027284972148481756}"
750,C0,500,0,VA,"{""cross_distance"": 0.6581314310431481, ""self_distance"": 0.7451008304953575, ""ES"": 0.2855810157954693, ""prediction_std"": 0.5751682035624981, ""boundary_fraction"": 0.0, ""temporal_mean"": -0.1262329638004303, ""temporal_std"": 0.3208461612462997, ""velocity_abs_mean"": 0.11943656178191304, ""velocity_rms"": 0.23853542399592698}"
750,C0,500,0,expression,"{""cross_distance"": 0.28431583642959596, ""self_distance"": 0.10177676491439343, ""ES"": 0.23342745434492826, ""prediction_std"": 0.059583274833858016, ""boundary_fraction"": 0.03484427573857829, ""temporal_mean"": 0.125, ""temporal_std"": 0.03749658699380234, ""velocity_abs_mean"": 0.012652679090388119, ""velocity_rms"": 0.025828488048864527, ""expression_entropy"": 1.5357743859291078}"
128,C0,6000,0,overall,"{""cross_distance"": 0.39775496274232863, ""self_distance"": 0.3100140031427145, ""ES"": 0.24274796098470688, ""prediction_std"": 0.14015914145857095, ""boundary_fraction"": 0.142163327569142, ""temporal_mean"": 0.20149350464344024, ""temporal_std"": 0.08091254397295415, ""velocity_abs_mean"": 0.04528407232137397, ""velocity_rms"": 0.14258125638589264, ""expression_entropy"": 1.1402605324983597}"
128,C0,6000,0,AU,"{""cross_distance"": 0.36593515910208224, ""self_distance"": 0.155852132383734, ""ES"": 0.2880090931430459, ""prediction_std"": 0.09744136449880898, ""boundary_fraction"": 0.08333720314133189, ""temporal_mean"": 0.263545632455498, ""temporal_std"": 0.06435257352422923, ""velocity_abs_mean"": 0.0364424783794675, ""velocity_rms"": 0.08114412457216531}"
128,C0,6000,0,VA,"{""cross_distance"": 0.7455486081540584, ""self_distance"": 0.9419900223612785, ""ES"": 0.2745535969734192, ""prediction_std"": 0.6877137206494808, ""boundary_fraction"": 0.0, ""temporal_mean"": 0.04207673102791887, ""temporal_std"": 0.3427905857563019, ""velocity_abs_mean"": 0.1844634495675564, ""velocity_rms"": 0.4270499812439084}"
128,C0,6000,0,expression,"{""cross_distance"": 0.30003117956221104, ""self_distance"": 0.16110725225880743, ""ES"": 0.21947755450382828, ""prediction_std"": 0.08336634887382388, ""boundary_fraction"": 0.28800315856933595, ""temporal_mean"": 0.125, ""temporal_std"": 0.046492989244870844, ""velocity_abs_mean"": 0.02706721394788474, ""velocity_rms"": 0.07132780989632011, ""expression_entropy"": 1.1402605324983597}"
128,C0,6000,1,overall,"{""cross_distance"": 0.39375508651137353, ""self_distance"": 0.2999563701450825, ""ES"": 0.24377690050750972, ""prediction_std"": 0.1351412578485906, ""boundary_fraction"": 0.14706103182397784, ""temporal_mean"": 0.19460424659773706, ""temporal_std"": 0.0799254251876846, ""velocity_abs_mean"": 0.045197888615075496, ""velocity_rms"": 0.14401641050353647, ""expression_entropy"": 1.1370692506432534}"
128,C0,6000,1,AU,"{""cross_distance"": 0.362496242672205, ""self_distance"": 0.14644528375938534, ""ES"": 0.2892736015841365, ""prediction_std"": 0.09279909618198871, ""boundary_fraction"": 0.08644857253204918, ""temporal_mean"": 0.25640894649550316, ""temporal_std"": 0.06229262275155634, ""velocity_abs_mean"": 0.03541836236254312, ""velocity_rms"": 0.0805681441212073}"
128,C0,6000,1,VA,"{""cross_distance"": 0.7332050062716007, ""self_distance"": 0.913518289476633, ""ES"": 0.2764458615332842, ""prediction_std"": 0.6673213139176368, ""boundary_fraction"": 0.0, ""temporal_mean"": 0.009486121515510603, ""temporal_std"": 0.35041641257703304, ""velocity_abs_mean"": 0.1916844886727631, ""velocity_rms"": 0.4349911015480757}"
128,C0,6000,1,expression,"{""cross_distance"": 0.2983751969411969, ""self_distance"": 0.15649710446596146, ""ES"": 0.2201266447082162, ""prediction_std"": 0.08148781578056515, ""boundary_fraction"": 0.29747467041015624, ""temporal_mean"": 0.12499999990686775, ""temporal_std"": 0.04536419480573386, ""velocity_abs_mean"": 0.02691284619504586, ""velocity_rms"": 0.06979441734729334, ""expression_entropy"": 1.1370692506432534}"
750,C0,6000,0,overall,"{""cross_distance"": 0.3960724737495184, ""self_distance"": 0.3135832570493221, ""ES"": 0.2392808457836509, ""prediction_std"": 0.14160936195403337, ""boundary_fraction"": 0.14738636082038284, ""temporal_mean"": 0.18407279206439853, ""temporal_std"": 0.11353022130206228, ""velocity_abs_mean"": 0.042597919644322246, ""velocity_rms"": 0.1395834838040173, ""expression_entropy"": 1.1609660372138024}"
750,C0,6000,0,AU,"{""cross_distance"": 0.3675558425486088, ""self_distance"": 0.17125022718682886, ""ES"": 0.2819307269528508, ""prediction_std"": 0.10154413669370115, ""boundary_fraction"": 0.09550027123186737, ""temporal_mean"": 0.22983909538015723, ""temporal_std"": 0.09344974239356815, ""velocity_abs_mean"": 0.03493558661430143, ""velocity_rms"": 0.08342656618915498}"
750,C0,6000,0,VA,"{""cross_distance"": 0.7458815895020962, ""self_distance"": 0.939870723336935, ""ES"": 0.27594622783362865, ""prediction_std"": 0.6696180626749992, ""boundary_fraction"": 0.0, ""temporal_mean"": 0.07711671028955606, ""temporal_std"": 0.45412581600248814, ""velocity_abs_mean"": 0.1651578543242067, ""velocity_rms"": 0.4105302656069398}"
750,C0,6000,0,expression,"{""cross_distance"": 0.30161453764885665, ""self_distance"": 0.16711080158129335, ""ES"": 0.2180591370910406, ""prediction_std"": 0.08472948377020657, ""boundary_fraction"": 0.28151936857029797, ""temporal_mean"": 0.125, ""temporal_std"": 0.06603223632555455, ""velocity_abs_mean"": 0.02632481568143703, ""velocity_rms"": 0.0740431773243472, ""expression_entropy"": 1.1609660372138024}"
750,C0,6000,1,overall,"{""cross_distance"": 0.39262251928448677, ""self_distance"": 0.30404519885778425, ""ES"": 0.24059992078691722, ""prediction_std"": 0.1371122014708817, ""boundary_fraction"": 0.14833422657102346, ""temporal_mean"": 0.17835258711129426, ""temporal_std"": 0.11071349047124386, ""velocity_abs_mean"": 0.0422693639760837, ""velocity_rms"": 0.1399912386201322, ""expression_entropy"": 1.168949721008539}"
750,C0,6000,1,AU,"{""cross_distance"": 0.3651642264798284, ""self_distance"": 0.16206290582194924, ""ES"": 0.28413277454674246, ""prediction_std"": 0.09725348213687539, ""boundary_fraction"": 0.09574286056449637, ""temporal_mean"": 0.22503507230430841, ""temporal_std"": 0.08933358476497233, ""velocity_abs_mean"": 0.033936641714535656, ""velocity_rms"": 0.08227538743522018}"
750,C0,6000,1,VA,"{""cross_distance"": 0.7339194387197494, ""self_distance"": 0.914745108038187, ""ES"": 0.2765468847006559, ""prediction_std"": 0.6534440889954567, ""boundary_fraction"": 0.0, ""temporal_mean"": 0.04164433323312551, ""temporal_std"": 0.45707569234073164, ""velocity_abs_mean"": 0.16976501876488329, ""velocity_rms"": 0.41548670530319215}"
750,C0,6000,1,expression,"{""cross_distance"": 0.300049788877368, ""self_distance"": 0.1619366044178605, ""ES"": 0.21908148620277643, ""prediction_std"": 0.08276433208957315, ""boundary_fraction"": 0.2840265968814492, ""temporal_mean"": 0.125, ""temporal_std"": 0.06421028189361096, ""velocity_abs_mean"": 0.02601930905948393, ""velocity_rms"": 0.07201219091657549, ""expression_entropy"": 1.168949721008539}"
128,C1,1000,0,overall,"{""cross_distance"": 0.381380033493042, ""self_distance"": 0.2563981290906668, ""ES"": 0.2531809687614441, ""prediction_std"": 0.12287738136947154, ""boundary_fraction"": 0.0677351058460772, ""temporal_mean"": 0.17435964643955232, ""temporal_std"": 0.059678837412502614, ""velocity_abs_mean"": 0.040586539334617554, ""velocity_rms"": 0.07940685371868313, ""expression_entropy"": 1.3842891857028008}"
128,C1,1000,0,AU,"{""cross_distance"": 0.358678712323308, ""self_distance"": 0.128770671505481, ""ES"": 0.29429337605834005, ""prediction_std"": 0.08215852295979857, ""boundary_fraction"": 0.018007609896903885, ""temporal_mean"": 0.23713809344917536, ""temporal_std"": 0.06590248889988289, ""velocity_abs_mean"": 0.046277961367741226, ""velocity_rms"": 0.08420838244492188}"
128,C1,1000,0,VA,"{""cross_distance"": 0.6802945166826249, ""self_distance"": 0.7640825800597668, ""ES"": 0.29825322665274145, ""prediction_std"": 0.6290689796209336, ""boundary_fraction"": 0.0, ""temporal_mean"": -0.09903996170614845, ""temporal_std"": 0.06922261780127884, ""velocity_abs_mean"": 0.029364841675851495, ""velocity_rms"": 0.08593487299513072}"
128,C1,1000,0,expression,"{""cross_distance"": 0.288023261167109, ""self_distance"": 0.11973551455885172, ""ES"": 0.2281555026769638, ""prediction_std"": 0.07267735875211656, ""boundary_fraction"": 0.17790794372558594, ""temporal_mean"": 0.125, ""temporal_std"": 0.045623557607177644, ""velocity_abs_mean"": 0.03272054573171772, ""velocity_rms"": 0.06608871581265703, ""expression_entropy"": 1.3842891857028008}"
750,C1,1000,0,overall,"{""cross_distance"": 0.3829133901745081, ""self_distance"": 0.2590237630531192, ""ES"": 0.25340150874108075, ""prediction_std"": 0.12391855986788869, ""boundary_fraction"": 0.06686228895559906, ""temporal_mean"": 0.17451641662046313, ""temporal_std"": 0.08305347757413983, ""velocity_abs_mean"": 0.040649466321337965, ""velocity_rms"": 0.08366442681290209, ""expression_entropy"": 1.3937107548117638}"
750,C1,1000,0,AU,"{""cross_distance"": 0.3627599310129881, ""self_distance"": 0.13466886654496193, ""ES"": 0.29542549680918456, ""prediction_std"": 0.08452651263214647, ""boundary_fraction"": 0.015773872006684543, ""temporal_mean"": 0.23386398293077945, ""temporal_std"": 0.08647945020347833, ""velocity_abs_mean"": 0.04678068003267981, ""velocity_rms"": 0.08960264687193557}"
750,C1,1000,0,VA,"{""cross_distance"": 0.6807630032300949, ""self_distance"": 0.7735788263380527, ""ES"": 0.29397359006106855, ""prediction_std"": 0.6170711450278759, ""boundary_fraction"": 0.0, ""temporal_mean"": -0.07252464938137564, ""temporal_std"": 0.15692971190437674, ""velocity_abs_mean"": 0.028748653642833234, ""velocity_rms"": 0.0878140676068142}"
750,C1,1000,0,expression,"{""cross_distance"": 0.2936497204005718, ""self_distance"": 0.12547797365114094, ""ES"": 0.23091073390096425, ""prediction_std"": 0.07449050457216799, ""boundary_fraction"": 0.17936864364892244, ""temporal_mean"": 0.125, ""temporal_std"": 0.05816073529422283, ""velocity_abs_mean"": 0.032128647033823655, ""velocity_rms"": 0.06949416275601834, ""expression_entropy"": 1.3937107548117638}"
128,C1,128,0,overall,"{""cross_distance"": 0.34612833242863417, ""self_distance"": 0.0990129439625889, ""ES"": 0.29662186075001956, ""prediction_std"": 0.028358835121616723, ""boundary_fraction"": 0.0042080077214450284, ""temporal_mean"": 0.140288448240608, ""temporal_std"": 0.04176334850490093, ""velocity_abs_mean"": 0.02497208944405429, ""velocity_rms"": 0.04759778821608052, ""expression_entropy"": 1.6154752552509308}"
128,C1,128,0,AU,"{""cross_distance"": 0.35128446891903875, ""self_distance"": 0.010670470888726413, ""ES"": 0.34594923313707115, ""prediction_std"": 0.005514683393994346, ""boundary_fraction"": 0.0, ""temporal_mean"": 0.17176857460290193, ""temporal_std"": 0.03601903399685398, ""velocity_abs_mean"": 0.02295777835533954, ""velocity_rms"": 0.04482331327162683}"
128,C1,128,0,VA,"{""cross_distance"": 0.46455691903829577, ""self_distance"": 0.34478181451559065, ""ES"": 0.29216601168736817, ""prediction_std"": 0.26580882966518404, ""boundary_fraction"": 0.0, ""temporal_mean"": -0.03465860332653392, ""temporal_std"": 0.11015691366046668, ""velocity_abs_mean"": 0.03942805416882038, ""velocity_rms"": 0.060436886618845165}"
128,C1,128,0,expression,"{""cross_distance"": 0.2759423363953829, ""self_distance"": 0.02153703625081107, ""ES"": 0.2651738187298179, ""prediction_std"": 0.011829122499329969, ""boundary_fraction"": 0.0131500244140625, ""temporal_mean"": 0.12499999990686775, ""temporal_std"": 0.035435553477145734, ""velocity_abs_mean"": 0.02513493135047611, ""velocity_rms"": 0.04732151501229964, ""expression_entropy"": 1.6154752552509308}"
750,C1,128,0,overall,"{""cross_distance"": 0.34779172148555515, ""self_distance"": 0.09615285769104957, ""ES"": 0.2997152930125594, ""prediction_std"": 0.02890583253465593, ""boundary_fraction"": 0.005571882609547174, ""temporal_mean"": 0.13634286113083363, ""temporal_std"": 0.04879196928814054, ""velocity_abs_mean"": 0.024758076085709034, ""velocity_rms"": 0.049162515008356424, ""expression_entropy"": 1.6514209285378456}"
750,C1,128,0,AU,"{""cross_distance"": 0.35777409058064225, ""self_distance"": 0.011634745495393872, ""ES"": 0.35195671673864126, ""prediction_std"": 0.005824055621633306, ""boundary_fraction"": 2.430555468890816e-07, ""temporal_mean"": 0.16596630159765483, ""temporal_std"": 0.04223113836487755, ""velocity_abs_mean"": 0.022260714205913246, ""velocity_rms"": 0.046357655216706914}"
750,C1,128,0,VA,"{""cross_distance"": 0.4427523836493492, ""self_distance"": 0.33443159218877555, ""ES"": 0.27553658857941626, ""prediction_std"": 0.26718889754265546, ""boundary_fraction"": 0.0, ""temporal_mean"": -0.04046147595799994, ""temporal_std"": 0.1274146294221282, ""velocity_abs_mean"": 0.04035769407637417, ""velocity_rms"": 0.06156279144342989}"
750,C1,128,0,expression,"{""cross_distance"": 0.28287886939942836, ""self_distance"": 0.02296797288581729, ""ES"": 0.2713948829099536, ""prediction_std"": 0.012613397662062199, ""boundary_fraction"": 0.017411677267955384, ""temporal_mean"": 0.125, ""temporal_std"": 0.04143786842469126, ""velocity_abs_mean"": 0.025540726957842708, ""velocity_rms"": 0.050228946149582045, ""expression_entropy"": 1.6514209285378456}"
128,C1,2000,0,overall,"{""cross_distance"": 0.3821062739938498, ""self_distance"": 0.25548136830329893, ""ES"": 0.25436558816581967, ""prediction_std"": 0.12106101708486676, ""boundary_fraction"": 0.15604626154527068, ""temporal_mean"": 0.12497318908572197, ""temporal_std"": 0.04196667451178655, ""velocity_abs_mean"": 0.028126721375156195, ""velocity_rms"": 0.06014266582787968, ""expression_entropy"": 1.3425208762288094}"
128,C1,2000,0,AU,"{""cross_distance"": 0.35480890683829786, ""self_distance"": 0.10124597148969769, ""ES"": 0.30418592132627964, ""prediction_std"": 0.08018200560472906, ""boundary_fraction"": 0.12403992406907491, ""temporal_mean"": 0.1697916236706078, ""temporal_std"": 0.04334762273938395, ""velocity_abs_mean"": 0.030214518267894164, ""velocity_rms"": 0.06249110822100192}"
128,C1,2000,0,VA,"{""cross_distance"": 0.7050303891301155, ""self_distance"": 0.7888143196702003, ""ES"": 0.3106232300400734, ""prediction_std"": 0.6421912372112274, ""boundary_fraction"": 0.0, ""temporal_mean"": -0.21127220541238784, ""temporal_std"": 0.046171259321272376, ""velocity_abs_mean"": 0.02102296493249014, ""velocity_rms"": 0.05766487750224769}"
128,C1,2000,0,expression,"{""cross_distance"": 0.28449864089488985, ""self_distance"": 0.10603821063414216, ""ES"": 0.2314795356243849, ""prediction_std"": 0.0674266259651631, ""boundary_fraction"": 0.2550697326660156, ""temporal_mean"": 0.125, ""temporal_std"": 0.03832625719951466, ""velocity_abs_mean"": 0.025988039464573377, ""velocity_rms"": 0.05569897492532618, ""expression_entropy"": 1.3425208762288094}"
128,C1,2000,1,overall,"{""cross_distance"": 0.38602283373475077, ""self_distance"": 0.2808310605585575, ""ES"": 0.24560730420053006, ""prediction_std"": 0.13518061572685838, ""boundary_fraction"": 0.1568892783485353, ""temporal_mean"": 0.14393823398277164, ""temporal_std"": 0.04380895947106182, ""velocity_abs_mean"": 0.029470407945336775, ""velocity_rms"": 0.06190706386696547, ""expression_entropy"": 1.264240489900112}"
128,C1,2000,1,AU,"{""cross_distance"": 0.35933163333684204, ""self_distance"": 0.1295187771320343, ""ES"": 0.29457224570214746, ""prediction_std"": 0.09577985196374357, ""boundary_fraction"": 0.11552958766696975, ""temporal_mean"": 0.18845090121030808, ""temporal_std"": 0.04672484681941569, ""velocity_abs_mean"": 0.033219624319463036, ""velocity_rms"": 0.06643899853806942}"
128,C1,2000,1,VA,"{""cross_distance"": 0.7043868027627468, ""self_distance"": 0.8366673544049263, ""ES"": 0.2860531248152256, ""prediction_std"": 0.6616865172982216, ""boundary_fraction"": 0.0, ""temporal_mean"": -0.11415370916947723, ""temporal_std"": 0.054019552562385796, ""velocity_abs_mean"": 0.023873527708929032, ""velocity_rms"": 0.05865958021022379}"
128,C1,2000,1,expression,"{""cross_distance"": 0.2897652264684439, ""self_distance"": 0.13234682446345686, ""ES"": 0.22359181502833964, ""prediction_std"": 0.07743059010244906, ""boundary_fraction"": 0.27366104125976565, ""temporal_mean"": 0.125, ""temporal_std"": 0.03578902970766649, ""velocity_abs_mean"": 0.023839845589827748, ""velocity_rms"": 0.05277906135306694, ""expression_entropy"": 1.264240489900112}"
750,C1,2000,0,overall,"{""cross_distance"": 0.38610973544418814, ""self_distance"": 0.26105149928480387, ""ES"": 0.25558398477733135, ""prediction_std"": 0.12321441313251853, ""boundary_fraction"": 0.1620468026958406, ""temporal_mean"": 0.12028674259781838, ""temporal_std"": 0.06037639200221747, ""velocity_abs_mean"": 0.02814649679348804, ""velocity_rms"": 0.06300411163829267, ""expression_entropy"": 1.3646329194307327}"
750,C1,2000,0,AU,"{""cross_distance"": 0.3597457444295287, ""self_distance"": 0.11130039393901825, ""ES"": 0.3040955472737551, ""prediction_std"": 0.08217346714809537, ""boundary_fraction"": 0.14203269905410706, ""temporal_mean"": 0.16012285714969038, ""temporal_std"": 0.05844624249730259, ""velocity_abs_mean"": 0.030207671798416415, ""velocity_rms"": 0.06560182032408193}"
750,C1,2000,0,VA,"{""cross_distance"": 0.7119224146008492, ""self_distance"": 0.8026352532207965, ""ES"": 0.3106047876179218, ""prediction_std"": 0.6355087496340275, ""boundary_fraction"": 0.0, ""temporal_mean"": -0.19733712077140808, ""temporal_std"": 0.10433612233027816, ""velocity_abs_mean"": 0.019047650159336627, ""velocity_rms"": 0.0518804510938935}"
750,C1,2000,0,expression,"{""cross_distance"": 0.29295039661228656, ""self_distance"": 0.11993325985968113, ""ES"": 0.2329837664961815, ""prediction_std"": 0.07209259946830571, ""boundary_fraction"": 0.24008495230227708, ""temporal_mean"": 0.125, ""temporal_std"": 0.05300549850799143, ""velocity_abs_mean"": 0.0265565077541396, ""velocity_rms"": 0.06035713679157197, ""expression_entropy"": 1.3646329194307327}"
750,C1,2000,1,overall,"{""cross_distance"": 0.39057429172098634, ""self_distance"": 0.2871878623962402, ""ES"": 0.24698036182671784, ""prediction_std"": 0.13710267869755627, ""boundary_fraction"": 0.16062701921910047, ""temporal_mean"": 0.13908593030646443, ""temporal_std"": 0.06350807698909193, ""velocity_abs_mean"": 0.029441023396793754, ""velocity_rms"": 0.06496145911514759, ""expression_entropy"": 1.2787460640072823}"
750,C1,2000,1,AU,"{""cross_distance"": 0.3636675512418151, ""self_distance"": 0.13626262126490474, ""ES"": 0.29553624168038367, ""prediction_std"": 0.09657277381047606, ""boundary_fraction"": 0.13116581179201603, ""temporal_mean"": 0.17802580147981645, ""temporal_std"": 0.0626212281640619, ""velocity_abs_mean"": 0.03320687430095859, ""velocity_rms"": 0.06989543782547117}"
750,C1,2000,1,VA,"{""cross_distance"": 0.7177422769367695, ""self_distance"": 0.8571028873324394, ""ES"": 0.2891908332705498, ""prediction_std"": 0.6611099772155284, ""boundary_fraction"": 0.0, ""temporal_mean"": -0.09661937057971955, ""temporal_std"": 0.1248969068750739, ""velocity_abs_mean"": 0.021177460730541497, ""velocity_rms"": 0.053830317105166614}"
750,C1,2000,1,expression,"{""cross_distance"": 0.29923345893621445, ""self_distance"": 0.14592204233631492, ""ES"": 0.22627243790775536, ""prediction_std"": 0.08209442738443613, ""boundary_fraction"": 0.2560235431417823, ""temporal_mean"": 0.125, ""temporal_std"": 0.04982372149825096, ""velocity_abs_mean"": 0.024445946037303656, ""velocity_rms"": 0.05734447439899668, ""expression_entropy"": 1.2787460640072823}"
128,C1,4000,0,overall,"{""cross_distance"": 0.3917754806578159, ""self_distance"": 0.28895894922316073, ""ES"": 0.24729600511491298, ""prediction_std"": 0.13949909908697009, ""boundary_fraction"": 0.14861388830468059, ""temporal_mean"": 0.17615715116262437, ""temporal_std"": 0.05223603516351431, ""velocity_abs_mean"": 0.03612230065045878, ""velocity_rms"": 0.07753380840877071, ""expression_entropy"": 1.1721931129693985}"
128,C1,4000,0,AU,"{""cross_distance"": 0.36558726653456686, ""self_distance"": 0.14287936156615616, ""ES"": 0.29414758570492266, ""prediction_std"": 0.10398990614339709, ""boundary_fraction"": 0.08871236556806253, ""temporal_mean"": 0.22923069093376397, ""temporal_std"": 0.058015785017050805, ""velocity_abs_mean"": 0.042948921810602766, ""velocity_rms"": 0.08524129813304171}"
128,C1,4000,0,VA,"{""cross_distance"": 0.7060981780290604, ""self_distance"": 0.8351138927042484, ""ES"": 0.2885412320494652, ""prediction_std"": 0.6635402366518974, ""boundary_fraction"": 0.0, ""temporal_mean"": -0.017265657323878258, ""temporal_std"": 0.05576427048072219, ""velocity_abs_mean"": 0.023528896813513712, ""velocity_rms"": 0.0658964298432693}"
128,C1,4000,0,expression,"{""cross_distance"": 0.2944746805354953, ""self_distance"": 0.1331838419660926, ""ES"": 0.22788275880739092, ""prediction_std"": 0.07506857132539153, ""boundary_fraction"": 0.2980827331542969, ""temporal_mean"": 0.12499999990686775, ""temporal_std"": 0.040516954171471296, ""velocity_abs_mean"": 0.026470735733164476, ""velocity_rms"": 0.06259851400973275, ""expression_entropy"": 1.1721931129693985}"
750,C1,4000,0,overall,"{""cross_distance"": 0.39500685073435304, ""self_distance"": 0.2967748809605837, ""ES"": 0.2466194100677967, ""prediction_std"": 0.14158174954354763, ""boundary_fraction"": 0.1595334665849805, ""temporal_mean"": 0.17651841649785638, ""temporal_std"": 0.08576732203364372, ""velocity_abs_mean"": 0.03467116920510307, ""velocity_rms"": 0.07740000723861158, ""expression_entropy"": 1.176421270519495}"
750,C1,4000,0,AU,"{""cross_distance"": 0.37006294168531895, ""self_distance"": 0.15906335320323706, ""ES"": 0.2905312653630972, ""prediction_std"": 0.10606239214539528, ""boundary_fraction"": 0.10074885271023959, ""temporal_mean"": 0.22597275413572787, ""temporal_std"": 0.08596771908923984, ""velocity_abs_mean"": 0.0412750665214844, ""velocity_rms"": 0.08584249003324658}"
750,C1,4000,0,VA,"{""cross_distance"": 0.7219758719205857, ""self_distance"": 0.864292448759079, ""ES"": 0.2898296475410461, ""prediction_std"": 0.6612398408353328, ""boundary_fraction"": 0.0, ""temporal_mean"": 0.011684574767423328, ""temporal_std"": 0.17290069684386253, ""velocity_abs_mean"": 0.020497215690556913, ""velocity_rms"": 0.05799251969438046}"
750,C1,4000,0,expression,"{""cross_distance"": 0.30090153217315674, ""self_distance"": 0.1508915452286601, ""ES"": 0.2254557590931654, ""prediction_std"": 0.07826602482236922, ""boundary_fraction"": 0.3096379840746522, ""temporal_mean"": 0.125, ""temporal_std"": 0.06360824443399907, ""velocity_abs_mean"": 0.025832352321594955, ""velocity_rms"": 0.06339181873481721, ""expression_entropy"": 1.176421270519495}"
128,C1,500,0,overall,"{""cross_distance"": 0.3700036432594061, ""self_distance"": 0.22384061813354492, ""ES"": 0.25808333419263363, ""prediction_std"": 0.09790959348902106, ""boundary_fraction"": 0.02378039502655156, ""temporal_mean"": 0.16132592279464006, ""temporal_std"": 0.05808454619254917, ""velocity_abs_mean"": 0.03857759098755196, ""velocity_rms"": 0.07535218398552387, ""expression_entropy"": 1.5129524491727353}"
128,C1,500,0,AU,"{""cross_distance"": 0.35213973484933375, ""self_distance"": 0.09219313720241189, ""ES"": 0.30604316629469397, ""prediction_std"": 0.056969603756442666, ""boundary_fraction"": 0.001956583766150288, ""temporal_mean"": 0.21730591561645268, ""temporal_std"": 0.05896945253480226, ""velocity_abs_mean"": 0.04163519486319274, ""velocity_rms"": 0.07689346241531894}"
128,C1,500,0,VA,"{""cross_distance"": 0.6260731756687165, ""self_distance"": 0.7114268496632576, ""ES"": 0.27035975083708763, ""prediction_std"": 0.5732428044080734, ""boundary_fraction"": 0.0, ""temporal_mean"": -0.11322020978841466, ""temporal_std"": 0.10485499650239945, ""velocity_abs_mean"": 0.03699717464623973, ""velocity_rms"": 0.09689792860299348}"
128,C1,500,0,expression,"{""cross_distance"": 0.28535477761179207, ""self_distance"": 0.09382440922781825, ""ES"": 0.23844257164746524, ""prediction_std"": 0.05583878082688898, ""boundary_fraction"": 0.0706451416015625, ""temporal_mean"": 0.125, ""temporal_std"": 0.04473274617921561, ""velocity_abs_mean"": 0.033239685182343236, ""velocity_rms"": 0.0650793616543524, ""expression_entropy"": 1.5129524491727353}"
750,C1,500,0,overall,"{""cross_distance"": 0.37367645278573036, ""self_distance"": 0.22846294194459915, ""ES"": 0.2594449814409018, ""prediction_std"": 0.10016457103192807, ""boundary_fraction"": 0.027951365115586668, ""temporal_mean"": 0.15040172468870877, ""temporal_std"": 0.0716839452739805, ""velocity_abs_mean"": 0.037471078475937246, ""velocity_rms"": 0.07803783250274136, ""expression_entropy"": 1.5184838712215423}"
750,C1,500,0,AU,"{""cross_distance"": 0.3558171845972538, ""self_distance"": 0.09683721754699945, ""ES"": 0.30739857610315086, ""prediction_std"": 0.058683784259483215, ""boundary_fraction"": 0.0011481356748959115, ""temporal_mean"": 0.20030045472085475, ""temporal_std"": 0.0715828094049357, ""velocity_abs_mean"": 0.040194060414796694, ""velocity_rms"": 0.07940998316043987}"
750,C1,500,0,VA,"{""cross_distance"": 0.6365826718509198, ""self_distance"": 0.7218758039176464, ""ES"": 0.2756447695195675, ""prediction_std"": 0.5698124215006828, ""boundary_fraction"": 0.0, ""temporal_mean"": -0.12223183484748006, ""temporal_std"": 0.14419091902673245, ""velocity_abs_mean"": 0.03526655678870157, ""velocity_rms"": 0.09812788497656584}"
750,C1,500,0,expression,"{""cross_distance"": 0.293729411251843, ""self_distance"": 0.10526901362463832, ""ES"": 0.2410949045792222, ""prediction_std"": 0.06052908431738615, ""boundary_fraction"": 0.08519526096060873, ""temporal_mean"": 0.125, ""temporal_std"": 0.05374684385024011, ""velocity_abs_mean"": 0.032916621369076894, ""velocity_rms"": 0.06894420169992373, ""expression_entropy"": 1.5184838712215423}"
128,C1,6000,0,overall,"{""cross_distance"": 0.3864015657454729, ""self_distance"": 0.2706972183659673, ""ES"": 0.2510529575869441, ""prediction_std"": 0.1345110846683383, ""boundary_fraction"": 0.15335009419359266, ""temporal_mean"": 0.1612166002392769, ""temporal_std"": 0.06183377411216497, ""velocity_abs_mean"": 0.03843759195588063, ""velocity_rms"": 0.08556862073019147, ""expression_entropy"": 1.2712948761880398}"
128,C1,6000,0,AU,"{""cross_distance"": 0.36107136961072683, ""self_distance"": 0.13668122179806233, ""ES"": 0.2927307588979602, ""prediction_std"": 0.0971347600221634, ""boundary_fraction"": 0.1305204328498803, ""temporal_mean"": 0.22296998631209136, ""temporal_std"": 0.06403006991604343, ""velocity_abs_mean"": 0.04295388959872071, ""velocity_rms"": 0.08881526436889545}"
128,C1,6000,0,VA,"{""cross_distance"": 0.6856040008366108, ""self_distance"": 0.7858210645616055, ""ES"": 0.292693468183279, ""prediction_std"": 0.6268533453345299, ""boundary_fraction"": 0.0, ""temporal_mean"": -0.1570672606001608, ""temporal_std"": 0.09538187589496375, ""velocity_abs_mean"": 0.035192658827872945, ""velocity_rms"": 0.10519540421664715}"
128,C1,6000,0,expression,"{""cross_distance"": 0.2994312133640051, ""self_distance"": 0.143710217718035, ""ES"": 0.22757610427215696, ""prediction_std"": 0.08150614402256906, ""boundary_fraction"": 0.23449325561523438, ""temporal_mean"": 0.12499999990686775, ""temporal_std"": 0.04932870578486472, ""velocity_abs_mean"": 0.03078076480596792, ""velocity_rms"": 0.0715850607259199, ""expression_entropy"": 1.2712948761880398}"
128,C1,6000,1,overall,"{""cross_distance"": 0.39894159212708474, ""self_distance"": 0.30597407892346384, ""ES"": 0.24595455266535282, ""prediction_std"": 0.14610431026667356, ""boundary_fraction"": 0.14829931305721403, ""temporal_mean"": 0.19182404559105634, ""temporal_std"": 0.06278599324868991, ""velocity_abs_mean"": 0.04022573109250516, ""velocity_rms"": 0.08858386148931459, ""expression_entropy"": 1.2109767362475394}"
128,C1,6000,1,AU,"{""cross_distance"": 0.3668852627277374, ""self_distance"": 0.15029927277937533, ""ES"": 0.2917356273159385, ""prediction_std"": 0.10484005808830262, ""boundary_fraction"": 0.11102702443895396, ""temporal_mean"": 0.24533875435590743, ""temporal_std"": 0.06783875700784847, ""velocity_abs_mean"": 0.046856183907948434, ""velocity_rms"": 0.09372717423830182}"
128,C1,6000,1,VA,"{""cross_distance"": 0.7390972502529621, ""self_distance"": 0.8991657093167305, ""ES"": 0.28951439559459685, ""prediction_std"": 0.6941458210349083, ""boundary_fraction"": 0.0, ""temporal_mean"": 0.057760063296882436, ""temporal_std"": 0.08946515461429953, ""velocity_abs_mean"": 0.03342047114274464, ""velocity_rms"": 0.10538816011976451}"
128,C1,6000,1,expression,"{""cross_distance"": 0.30396286826580765, ""self_distance"": 0.15492988117039203, ""ES"": 0.22649792954325676, ""prediction_std"": 0.08646442405879498, ""boundary_fraction"": 0.25525970458984376, ""temporal_mean"": 0.125, ""temporal_std"": 0.04664228232577443, ""velocity_abs_mean"": 0.029494944683392532, ""velocity_rms"": 0.0715820896322839, ""expression_entropy"": 1.2109767362475394}"
750,C1,6000,0,overall,"{""cross_distance"": 0.3876180674880743, ""self_distance"": 0.2806425537914038, ""ES"": 0.24729679096490145, ""prediction_std"": 0.13567358776926994, ""boundary_fraction"": 0.16336966976523398, ""temporal_mean"": 0.16150805670768023, ""temporal_std"": 0.10781002221629024, ""velocity_abs_mean"": 0.03468103228951804, ""velocity_rms"": 0.08014616335276514, ""expression_entropy"": 1.2467757910490036}"
750,C1,6000,0,AU,"{""cross_distance"": 0.3656083973124623, ""self_distance"": 0.15958132511004805, ""ES"": 0.2858177337795496, ""prediction_std"": 0.0989477866794914, ""boundary_fraction"": 0.13857531612738966, ""temporal_mean"": 0.2130954925902188, ""temporal_std"": 0.10664280708879233, ""velocity_abs_mean"": 0.039894227677723396, ""velocity_rms"": 0.08650529661681503}"
750,C1,6000,0,VA,"{""cross_distance"": 0.6855438604950905, ""self_distance"": 0.804343942552805, ""ES"": 0.283371888846159, ""prediction_std"": 0.6174804024398327, ""boundary_fraction"": 0.0, ""temporal_mean"": -0.07936545893899165, ""temporal_std"": 0.2180418012663722, ""velocity_abs_mean"": 0.02652770954882726, ""velocity_rms"": 0.07500304670538753}"
750,C1,6000,0,expression,"{""cross_distance"": 0.30377082452178, ""self_distance"": 0.16524349078536033, ""ES"": 0.22114907950162888, ""prediction_std"": 0.08408276159316301, ""boundary_fraction"": 0.2507015044800937, ""temporal_mean"": 0.125, ""temporal_std"": 0.08244062210433185, ""velocity_abs_mean"": 0.026944622787414118, ""velocity_rms"": 0.06757387088146061, ""expression_entropy"": 1.2467757910490036}"
750,C1,6000,1,overall,"{""cross_distance"": 0.3976132724434137, ""self_distance"": 0.30636732578277587, ""ES"": 0.2444296097382903, ""prediction_std"": 0.14277886431664227, ""boundary_fraction"": 0.15782624818384647, ""temporal_mean"": 0.18444336717948318, ""temporal_std"": 0.10314973187632859, ""velocity_abs_mean"": 0.03603881652816199, ""velocity_rms"": 0.08291060263291002, ""expression_entropy"": 1.2039637379348278}"
750,C1,6000,1,AU,"{""cross_distance"": 0.36838645339012144, ""self_distance"": 0.16612122198566795, ""ES"": 0.2853258430957794, ""prediction_std"": 0.1020243306644261, ""boundary_fraction"": 0.12193777253851294, ""temporal_mean"": 0.22588605927303435, ""temporal_std"": 0.1041694444604218, ""velocity_abs_mean"": 0.04261771614546887, ""velocity_rms"": 0.09015762736089528}"
750,C1,6000,1,VA,"{""cross_distance"": 0.7360692456364631, ""self_distance"": 0.8960937678813934, ""ES"": 0.28802236169576645, ""prediction_std"": 0.6729170866310596, ""boundary_fraction"": 0.0, ""temporal_mean"": 0.11139666541712359, ""temporal_std"": 0.2045334443449974, ""velocity_abs_mean"": 0.02658653788967058, ""velocity_rms"": 0.08436240239534527}"
750,C1,6000,1,expression,"{""cross_distance"": 0.30635258704423907, ""self_distance"": 0.17188159078359605, ""ES"": 0.22041179277002812, ""prediction_std"": 0.0866590547375381, ""boundary_fraction"": 0.2645737058483064, ""temporal_mean"": 0.125, ""temporal_std"": 0.07589185982942581, ""velocity_abs_mean"": 0.02606645186897367, ""velocity_rms"": 0.0664127721101977, ""expression_entropy"": 1.2039637379348278}"
128,C2,1000,0,overall,"{""cross_distance"": 0.39160089679062365, ""self_distance"": 0.2382525397464633, ""ES"": 0.27247462682425977, ""prediction_std"": 0.11676652487367392, ""boundary_fraction"": 0.10424609179608524, ""temporal_mean"": 0.21464952044188976, ""temporal_std"": 0.05892043939093128, ""velocity_abs_mean"": 0.04348650357569568, ""velocity_rms"": 0.08756570616969839, ""expression_entropy"": 1.1585344769060613}"
128,C2,1000,0,AU,"{""cross_distance"": 0.36522736102342607, ""self_distance"": 0.1215890540741384, ""ES"": 0.3044328339397907, ""prediction_std"": 0.07918567974120379, ""boundary_fraction"": 0.047188926558374075, ""temporal_mean"": 0.24640405606478452, ""temporal_std"": 0.06722859698347747, ""velocity_abs_mean"": 0.05230218381038867, ""velocity_rms"": 0.09564585058251396}"
128,C2,1000,0,VA,"{""cross_distance"": 0.7080283842980861, ""self_distance"": 0.6679511077702045, ""ES"": 0.37405282966792586, ""prediction_std"": 0.5662697829306126, ""boundary_fraction"": 0.0, ""temporal_mean"": 0.3350887605920434, ""temporal_std"": 0.05943453344516456, ""velocity_abs_mean"": 0.025684359762817622, ""velocity_rms"": 0.07346228496171534}"
128,C2,1000,0,expression,"{""cross_distance"": 0.2939045553095639, ""self_distance"": 0.13557318430393933, ""ES"": 0.2261179623194039, ""prediction_std"": 0.07485481025651097, ""boundary_fraction"": 0.23728981018066406, ""temporal_mean"": 0.125, ""temporal_std"": 0.04321413175784983, ""velocity_abs_mean"": 0.0314076381502673, ""velocity_rms"": 0.07196981406304985, ""expression_entropy"": 1.1585344769060613}"
750,C2,1000,0,overall,"{""cross_distance"": 0.3978620283305645, ""self_distance"": 0.24258000068366528, ""ES"": 0.27657202575355766, ""prediction_std"": 0.12004125770181417, ""boundary_fraction"": 0.10287139788269997, ""temporal_mean"": 0.21898189838975668, ""temporal_std"": 0.08680930328555406, ""velocity_abs_mean"": 0.045449159771669655, ""velocity_rms"": 0.09532008589012549, ""expression_entropy"": 1.1996446289122105}"
750,C2,1000,0,AU,"{""cross_distance"": 0.3721690997481346, ""self_distance"": 0.13181589180603623, ""ES"": 0.3062611537054181, ""prediction_std"": 0.08415782167576254, ""boundary_fraction"": 0.04382442705100402, ""temporal_mean"": 0.2529854977503419, ""temporal_std"": 0.09316600780002773, ""velocity_abs_mean"": 0.05566323105012998, ""velocity_rms"": 0.1064303262042813}"
750,C2,1000,0,VA,"{""cross_distance"": 0.7324035041034221, ""self_distance"": 0.6908037722110748, ""ES"": 0.3870016183704138, ""prediction_std"": 0.5667798966169357, ""boundary_fraction"": 0.0, ""temporal_mean"": 0.3398825149983168, ""temporal_std"": 0.15169246308505535, ""velocity_abs_mean"": 0.022698141809087247, ""velocity_rms"": 0.06896571589168161}"
750,C2,1000,0,expression,"{""cross_distance"": 0.3018764199689031, ""self_distance"": 0.13752362187951803, ""ES"": 0.23311460968106984, ""prediction_std"": 0.07563804425299167, ""boundary_fraction"": 0.23930231891572476, ""temporal_mean"": 0.125, ""temporal_std"": 0.05866970635252074, ""velocity_abs_mean"": 0.031985534756677224, ""velocity_rms"": 0.07645809708628803, ""expression_entropy"": 1.1996446289122105}"
128,C2,128,0,overall,"{""cross_distance"": 0.340218766964972, ""self_distance"": 0.06327149611897767, ""ES"": 0.3085830196738243, ""prediction_std"": 0.015569593652617186, ""boundary_fraction"": 0.010085937265102984, ""temporal_mean"": 0.16579457614570856, ""temporal_std"": 0.040488135174382475, ""velocity_abs_mean"": 0.026580860873218627, ""velocity_rms"": 0.05237977845827117, ""expression_entropy"": 1.5611459255218505}"
128,C2,128,0,AU,"{""cross_distance"": 0.3473505353555083, ""self_distance"": 0.006408602936426177, ""ES"": 0.3441462337970734, ""prediction_std"": 0.002652317512547597, ""boundary_fraction"": 0.0, ""temporal_mean"": 0.1896035611629486, ""temporal_std"": 0.038276158249937, ""velocity_abs_mean"": 0.025892573676537724, ""velocity_rms"": 0.052148702763952316}"
128,C2,128,0,VA,"{""cross_distance"": 0.44585898518562317, ""self_distance"": 0.2210800964385271, ""ES"": 0.3353189367800951, ""prediction_std"": 0.1533336814492941, ""boundary_fraction"": 0.0, ""temporal_mean"": 0.15040562745998615, ""temporal_std"": 0.06571009322069585, ""velocity_abs_mean"": 0.02605596223147586, ""velocity_rms"": 0.036480493552517146}"
128,C2,128,0,expression,"{""cross_distance"": 0.2762646958231926, ""self_distance"": 0.010035213909577578, ""ES"": 0.2712470888160169, ""prediction_std"": 0.005348465373390354, ""boundary_fraction"": 0.0315185546875, ""temporal_mean"": 0.12499999990686775, ""temporal_std"": 0.03833010882954113, ""velocity_abs_mean"": 0.02800262199016288, ""velocity_rms"": 0.05533028299105354, ""expression_entropy"": 1.5611459255218505}"
750,C2,128,0,overall,"{""cross_distance"": 0.3470646530389786, ""self_distance"": 0.06842630114406348, ""ES"": 0.31285150200128553, ""prediction_std"": 0.01669944340828806, ""boundary_fraction"": 0.011046171855741704, ""temporal_mean"": 0.16266028936952354, ""temporal_std"": 0.048273557843640444, ""velocity_abs_mean"": 0.02614861323381774, ""velocity_rms"": 0.054369178775232285, ""expression_entropy"": 1.599388635903597}"
750,C2,128,0,AU,"{""cross_distance"": 0.3546121422201395, ""self_distance"": 0.0069291246240027245, ""ES"": 0.3511475812643766, ""prediction_std"": 0.0027494863243191503, ""boundary_fraction"": 0.0, ""temporal_mean"": 0.18223887998610735, ""temporal_std"": 0.04498040607431904, ""velocity_abs_mean"": 0.025107105408096686, ""velocity_rms"": 0.05367916284594685}"
750,C2,128,0,VA,"{""cross_distance"": 0.4632628962397575, ""self_distance"": 0.23920263946056367, ""ES"": 0.3436615772545338, ""prediction_std"": 0.1644194439984858, ""boundary_fraction"": 0.0, ""temporal_mean"": 0.16646202303236352, ""temporal_std"": 0.08812114028260112, ""velocity_abs_mean"": 0.025476884830277415, ""velocity_rms"": 0.03619249037001282}"
750,C2,128,0,expression,"{""cross_distance"": 0.28368043564260004, ""self_distance"": 0.011077809944981708, ""ES"": 0.27814153023064137, ""prediction_std"": 0.00592561223602388, ""boundary_fraction"": 0.0345192867644073, ""temporal_mean"": 0.125, ""temporal_std"": 0.044486329145729545, ""velocity_abs_mean"": 0.02826937425707001, ""velocity_rms"": 0.05896395834861323, ""expression_entropy"": 1.599388635903597}"
128,C2,2000,0,overall,"{""cross_distance"": 0.3993259098380804, ""self_distance"": 0.26977253053337336, ""ES"": 0.2644396457821131, ""prediction_std"": 0.13272611377760768, ""boundary_fraction"": 0.14790502581745385, ""temporal_mean"": 0.19818225856870414, ""temporal_std"": 0.05360629326896742, ""velocity_abs_mean"": 0.03842627745470963, ""velocity_rms"": 0.07943604937754571, ""expression_entropy"": 1.1120380960404872}"
128,C2,2000,0,AU,"{""cross_distance"": 0.3669346084818244, ""self_distance"": 0.14570162091404198, ""ES"": 0.2940837977454066, ""prediction_std"": 0.09818183947354556, ""boundary_fraction"": 0.09036580906313248, ""temporal_mean"": 0.2364338481798768, ""temporal_std"": 0.06038690464338288, ""velocity_abs_mean"": 0.04564430519822053, ""velocity_rms"": 0.08706156919943168}"
128,C2,2000,0,VA,"{""cross_distance"": 0.7396066658198833, ""self_distance"": 0.777123288065195, ""ES"": 0.3510450214147568, ""prediction_std"": 0.6337024606764317, ""boundary_fraction"": 0.0, ""temporal_mean"": 0.20402454352006316, ""temporal_std"": 0.05517345848493278, ""velocity_abs_mean"": 0.023703893611673264, ""velocity_rms"": 0.05746197515400127}"
128,C2,2000,0,expression,"{""cross_distance"": 0.2996633063070476, ""self_distance"": 0.1263635281473398, ""ES"": 0.2364815424196422, ""prediction_std"": 0.07225255738012493, ""boundary_fraction"": 0.292767333984375, ""temporal_mean"": 0.12499999990686775, ""temporal_std"": 0.04050086630741134, ""velocity_abs_mean"": 0.028573067468823866, ""velocity_rms"": 0.06676869862130844, ""expression_entropy"": 1.1120380960404872}"
128,C2,2000,1,overall,"{""cross_distance"": 0.39378645792603495, ""self_distance"": 0.2902925815433264, ""ES"": 0.24864016771316527, ""prediction_std"": 0.13608689410611988, ""boundary_fraction"": 0.1489807098172605, ""temporal_mean"": 0.17774291252717375, ""temporal_std"": 0.05275976692792028, ""velocity_abs_mean"": 0.03790764033328742, ""velocity_rms"": 0.07898755107307806, ""expression_entropy"": 1.1507853776216508}"
128,C2,2000,1,AU,"{""cross_distance"": 0.36392618753015993, ""self_distance"": 0.14499306166544557, ""ES"": 0.2914296552538872, ""prediction_std"": 0.09501064806245267, ""boundary_fraction"": 0.09770691440626252, ""temporal_mean"": 0.2251462671905756, ""temporal_std"": 0.05882661797804758, ""velocity_abs_mean"": 0.044523376977304, ""velocity_rms"": 0.08629306401126087}"
128,C2,2000,1,VA,"{""cross_distance"": 0.7157501980662346, ""self_distance"": 0.8518916442990303, ""ES"": 0.2898043759167194, ""prediction_std"": 0.6780461147427559, ""boundary_fraction"": 0.0, ""temporal_mean"": 0.03318957339215558, ""temporal_std"": 0.051367713348008694, ""velocity_abs_mean"": 0.022158894018502906, ""velocity_rms"": 0.05254673683084547}"
128,C2,2000,1,expression,"{""cross_distance"": 0.2975442437455058, ""self_distance"": 0.1409157290123403, ""ES"": 0.22708637844771146, ""prediction_std"": 0.07761506689712405, ""boundary_fraction"": 0.2823642730712891, ""temporal_mean"": 0.12499999990686775, ""temporal_std"": 0.041732444555964324, ""velocity_abs_mean"": 0.0294403187406715, ""velocity_rms"": 0.06801827591261826, ""expression_entropy"": 1.1507853776216508}"
750,C2,2000,0,overall,"{""cross_distance"": 0.3990337647497654, ""self_distance"": 0.2701739864423871, ""ES"": 0.2639467706903815, ""prediction_std"": 0.131435807608068, ""boundary_fraction"": 0.13940238254144788, ""temporal_mean"": 0.18731672801077365, ""temporal_std"": 0.08731331985909492, ""velocity_abs_mean"": 0.044067876937333494, ""velocity_rms"": 0.09469359377399086, ""expression_entropy"": 1.2043847411870956}"
750,C2,2000,0,AU,"{""cross_distance"": 0.37140928488224745, ""self_distance"": 0.14945572093129159, ""ES"": 0.2966814238578081, ""prediction_std"": 0.09750580647960305, ""boundary_fraction"": 0.09184109144844115, ""temporal_mean"": 0.22386515140533447, ""temporal_std"": 0.0922839438309893, ""velocity_abs_mean"": 0.05260500143049285, ""velocity_rms"": 0.10588280457304791}"
750,C2,2000,0,VA,"{""cross_distance"": 0.7338432088494301, ""self_distance"": 0.7975045949220657, ""ES"": 0.3350909113883972, ""prediction_std"": 0.6265819132328033, ""boundary_fraction"": 0.0, ""temporal_mean"": 0.1624705059453845, ""temporal_std"": 0.1466085635125637, ""velocity_abs_mean"": 0.024656297801993788, ""velocity_rms"": 0.05691710324026644}"
750,C2,2000,0,expression,"{""cross_distance"": 0.30420859418809415, ""self_distance"": 0.12640561312437057, ""ES"": 0.24100578725337982, ""prediction_std"": 0.0712680334225297, ""boundary_fraction"": 0.2634303983300924, ""temporal_mean"": 0.125, ""temporal_std"": 0.06316960314288736, ""velocity_abs_mean"": 0.03291366643388756, ""velocity_rms"": 0.07799577378900721, ""expression_entropy"": 1.2043847411870956}"
750,C2,2000,1,overall,"{""cross_distance"": 0.39480189569294455, ""self_distance"": 0.2904044441878796, ""ES"": 0.24959967378526926, ""prediction_std"": 0.13554989341646434, ""boundary_fraction"": 0.14367368118837476, ""temporal_mean"": 0.1678739062510431, ""temporal_std"": 0.08611186987254768, ""velocity_abs_mean"": 0.04301310763694346, ""velocity_rms"": 0.0934186696424149, ""expression_entropy"": 1.237077921628952}"
750,C2,2000,1,AU,"{""cross_distance"": 0.3688902720808983, ""self_distance"": 0.1522162424400449, ""ES"": 0.2927821513265371, ""prediction_std"": 0.09668843196704983, ""boundary_fraction"": 0.10104340258985758, ""temporal_mean"": 0.21098056118935346, ""temporal_std"": 0.08813421668019146, ""velocity_abs_mean"": 0.05043899259180762, ""velocity_rms"": 0.10335172469494865}"
750,C2,2000,1,VA,"{""cross_distance"": 0.7195096299052238, ""self_distance"": 0.8662655308842659, ""ES"": 0.2863768644630909, ""prediction_std"": 0.6638316862285137, ""boundary_fraction"": 0.0, ""temporal_mean"": 0.016069631157733966, ""temporal_std"": 0.16158086815848946, ""velocity_abs_mean"": 0.024227431282633917, ""velocity_rms"": 0.05820604874752462}"
750,C2,2000,1,expression,"{""cross_distance"": 0.30169511344283817, ""self_distance"": 0.14146141726523637, ""ES"": 0.23096440471708773, ""prediction_std"": 0.07634468348696828, ""boundary_fraction"": 0.25952387470752003, ""temporal_mean"": 0.125, ""temporal_std"": 0.06345273558981716, ""velocity_abs_mean"": 0.03378599521238357, ""velocity_rms"": 0.07950983641203493, ""expression_entropy"": 1.237077921628952}"
128,C2,4000,0,overall,"{""cross_distance"": 0.3946843296289444, ""self_distance"": 0.2807022362947464, ""ES"": 0.25433321185410024, ""prediction_std"": 0.13334193220362067, ""boundary_fraction"": 0.19112340919673443, ""temporal_mean"": 0.1886000894010067, ""temporal_std"": 0.050863057002425195, ""velocity_abs_mean"": 0.03694370870944112, ""velocity_rms"": 0.07955732855480165, ""expression_entropy"": 1.027077629417181}"
128,C2,4000,0,AU,"{""cross_distance"": 0.3689016418531537, ""self_distance"": 0.14010025840252638, ""ES"": 0.29885151106864216, ""prediction_std"": 0.09505353062413632, ""boundary_fraction"": 0.1240635235561058, ""temporal_mean"": 0.24145519006997346, ""temporal_std"": 0.056899397994857284, ""velocity_abs_mean"": 0.04458314726944081, ""velocity_rms"": 0.08773099156096578}"
128,C2,4000,0,VA,"{""cross_distance"": 0.6957068152725696, ""self_distance"": 0.8111213855445385, ""ES"": 0.2901461225003004, ""prediction_std"": 0.6558807402849197, ""boundary_fraction"": 0.0, ""temporal_mean"": 0.046587338257813825, ""temporal_std"": 0.05917852665297687, ""velocity_abs_mean"": 0.025619044608902186, ""velocity_rms"": 0.06926721574272961}"
128,C2,4000,0,expression,"{""cross_distance"": 0.30162438210099934, ""self_distance"": 0.13779217591509224, ""ES"": 0.23272829419001936, ""prediction_std"": 0.07449800218455493, ""boundary_fraction"": 0.3646415710449219, ""temporal_mean"": 0.125, ""temporal_std"": 0.03746605752967298, ""velocity_abs_mean"": 0.025450926154735497, ""velocity_rms"": 0.06278353466186673, ""expression_entropy"": 1.027077629417181}"
750,C2,4000,0,overall,"{""cross_distance"": 0.3981097895652056, ""self_distance"": 0.28739783614873887, ""ES"": 0.25441087167710064, ""prediction_std"": 0.13368573924526572, ""boundary_fraction"": 0.1992705984041095, ""temporal_mean"": 0.18794164536520838, ""temporal_std"": 0.09330289294011891, ""velocity_abs_mean"": 0.04000950214685872, ""velocity_rms"": 0.09127261677058414, ""expression_entropy"": 1.0470719739794732}"
750,C2,4000,0,AU,"{""cross_distance"": 0.3716446613892913, ""self_distance"": 0.15125408517196776, ""ES"": 0.2960176169872284, ""prediction_std"": 0.09642755556851626, ""boundary_fraction"": 0.13252266286872327, ""temporal_mean"": 0.2361892239190638, ""temporal_std"": 0.09590116199105977, ""velocity_abs_mean"": 0.04804830931243487, ""velocity_rms"": 0.10149713796563446}"
750,C2,4000,0,VA,"{""cross_distance"": 0.7233826018869877, ""self_distance"": 0.8521378390491009, ""ES"": 0.29731368236243727, ""prediction_std"": 0.6563922233879567, ""boundary_fraction"": 0.0, ""temporal_mean"": 0.07785141139174812, ""temporal_std"": 0.19124164772219956, ""velocity_abs_mean"": 0.024261781410314143, ""velocity_rms"": 0.06756191810127347}"
750,C2,4000,0,expression,"{""cross_distance"": 0.30851885601878165, ""self_distance"": 0.14492956483736635, ""ES"": 0.23605407327413558, ""prediction_std"": 0.07286821268498897, ""boundary_fraction"": 0.374240630120039, ""temporal_mean"": 0.125, ""temporal_std"": 0.06394646828994155, ""velocity_abs_mean"": 0.028873672246118077, ""velocity_rms"": 0.07424620041856542, ""expression_entropy"": 1.0470719739794732}"
128,C2,500,0,overall,"{""cross_distance"": 0.3776031851768494, ""self_distance"": 0.2303939862176776, ""ES"": 0.26240619253367187, ""prediction_std"": 0.09713735179975629, ""boundary_fraction"": 0.021602538609113254, ""temporal_mean"": 0.18347631292417646, ""temporal_std"": 0.06515627519693226, ""velocity_abs_mean"": 0.04719001674675383, ""velocity_rms"": 0.09115250565810129, ""expression_entropy"": 1.3934829019010067}"
128,C2,500,0,AU,"{""cross_distance"": 0.35414552930742504, ""self_distance"": 0.08707538484595716, ""ES"": 0.3106078369542956, ""prediction_std"": 0.051058669481426476, ""boundary_fraction"": 0.0032145183791726594, ""temporal_mean"": 0.22011684738099574, ""temporal_std"": 0.06952411537058652, ""velocity_abs_mean"": 0.05413291363511234, ""velocity_rms"": 0.09917939153965563}"
128,C2,500,0,VA,"{""cross_distance"": 0.6695310950279236, ""self_distance"": 0.7294036075472832, ""ES"": 0.30482929162681105, ""prediction_std"": 0.5929116889834404, ""boundary_fraction"": 0.0, ""temporal_mean"": 0.14257769299438222, ""temporal_std"": 0.08682756405323744, ""velocity_abs_mean"": 0.031568851170595734, ""velocity_rms"": 0.0728579512797296}"
128,C2,500,0,expression,"{""cross_distance"": 0.2874335614964366, ""self_distance"": 0.10590272238478064, ""ES"": 0.23448219960555433, ""prediction_std"": 0.05959130879491568, ""boundary_fraction"": 0.061480712890625, ""temporal_mean"": 0.125, ""temporal_std"": 0.05154876497108489, ""velocity_abs_mean"": 0.03807737501047086, ""velocity_rms"": 0.0772752499440685, ""expression_entropy"": 1.3934829019010067}"
750,C2,500,0,overall,"{""cross_distance"": 0.37992403768002986, ""self_distance"": 0.23473462797701358, ""ES"": 0.2625567249953747, ""prediction_std"": 0.09899121643975377, ""boundary_fraction"": 0.02444429912720807, ""temporal_mean"": 0.17616549795493483, ""temporal_std"": 0.08493016508873552, ""velocity_abs_mean"": 0.04663591774879024, ""velocity_rms"": 0.09604837540537119, ""expression_entropy"": 1.411383616179228}"
750,C2,500,0,AU,"{""cross_distance"": 0.3577893562614918, ""self_distance"": 0.09359095292165875, ""ES"": 0.31099388040602205, ""prediction_std"": 0.05411133388988674, ""boundary_fraction"": 0.002539803677814234, ""temporal_mean"": 0.2090466620400548, ""temporal_std"": 0.08502518234308809, ""velocity_abs_mean"": 0.053909623302752153, ""velocity_rms"": 0.10576247167773545}"
750,C2,500,0,VA,"{""cross_distance"": 0.6765030696988106, ""self_distance"": 0.7457350857555867, ""ES"": 0.30363552682101724, ""prediction_std"": 0.5842701822519303, ""boundary_fraction"": 0.0, ""temporal_mean"": 0.13421878082008334, ""temporal_std"": 0.17298854757100343, ""velocity_abs_mean"": 0.02856080202618614, ""velocity_rms"": 0.06941920109093189}"
750,C2,500,0,expression,"{""cross_distance"": 0.2945240937173367, ""self_distance"": 0.11136616580188274, ""ES"": 0.23884101156145335, ""prediction_std"": 0.06182125518098473, ""boundary_fraction"": 0.07162630250677467, ""temporal_mean"": 0.125, ""temporal_std"": 0.06273742575431243, ""velocity_abs_mean"": 0.037516503676306455, ""velocity_rms"": 0.0809371218085289, ""expression_entropy"": 1.411383616179228}"
128,C2,6000,0,overall,"{""cross_distance"": 0.3915978718549013, ""self_distance"": 0.2904757896438241, ""ES"": 0.24635997805744408, ""prediction_std"": 0.13712712712585926, ""boundary_fraction"": 0.18206579224206507, ""temporal_mean"": 0.17055987482890486, ""temporal_std"": 0.05211069616489113, ""velocity_abs_mean"": 0.03511731574544683, ""velocity_rms"": 0.07551407694118098, ""expression_entropy"": 1.1446626402437687}"
128,C2,6000,0,AU,"{""cross_distance"": 0.35930158346891405, ""self_distance"": 0.13627808969467878, ""ES"": 0.2911625377833843, ""prediction_std"": 0.09793586265295744, ""boundary_fraction"": 0.14221049725310878, ""temporal_mean"": 0.22768477974459528, ""temporal_std"": 0.05665654424810782, ""velocity_abs_mean"": 0.04077989250654355, ""velocity_rms"": 0.08105894761392847}"
128,C2,6000,0,VA,"{""cross_distance"": 0.717898478358984, ""self_distance"": 0.8482662849128246, ""ES"": 0.29376533478498457, ""prediction_std"": 0.6680971689522266, ""boundary_fraction"": 0.0, ""temporal_mean"": -0.0756372705596732, ""temporal_std"": 0.06347799859941006, ""velocity_abs_mean"": 0.021510489057982342, ""velocity_rms"": 0.05666114802006632}"
128,C2,6000,0,expression,"{""cross_distance"": 0.30309944972395897, ""self_distance"": 0.1408671974670142, ""ES"": 0.23266585115343333, ""prediction_std"": 0.07786825732327998, ""boundary_fraction"": 0.3023109436035156, ""temporal_mean"": 0.12499999990686775, ""temporal_std"": 0.04074541338486597, ""velocity_abs_mean"": 0.027901688675046898, ""velocity_rms"": 0.06736685127252713, ""expression_entropy"": 1.1446626402437687}"
128,C2,6000,1,overall,"{""cross_distance"": 0.3978049837052822, ""self_distance"": 0.3030904734507203, ""ES"": 0.2462597457692027, ""prediction_std"": 0.1437131772749126, ""boundary_fraction"": 0.168939693341963, ""temporal_mean"": 0.17767932452261448, ""temporal_std"": 0.054131474206224085, ""velocity_abs_mean"": 0.036597874597646296, ""velocity_rms"": 0.0772796559962444, ""expression_entropy"": 1.1429391123354435}"
128,C2,6000,1,AU,"{""cross_distance"": 0.3653698334470391, ""self_distance"": 0.1529069564305246, ""ES"": 0.28891635574400426, ""prediction_std"": 0.10526791783049702, ""boundary_fraction"": 0.12543152533471585, ""temporal_mean"": 0.2484568962827325, ""temporal_std"": 0.06020268548745662, ""velocity_abs_mean"": 0.04353677916806191, ""velocity_rms"": 0.08430837439373136}"
128,C2,6000,1,VA,"{""cross_distance"": 0.7352096498012543, ""self_distance"": 0.8797993347048759, ""ES"": 0.2953099820762873, ""prediction_std"": 0.6866596236824989, ""boundary_fraction"": 0.0, ""temporal_mean"": -0.14243501350283622, ""temporal_std"": 0.06595476209186017, ""velocity_abs_mean"": 0.02040993663831614, ""velocity_rms"": 0.05686456565745175}"
128,C2,6000,1,expression,"{""cross_distance"": 0.3044325204566121, ""self_distance"": 0.1490989338606596, ""ES"": 0.22988305427134037, ""prediction_std"": 0.08006144701503218, ""boundary_fraction"": 0.2927524566650391, ""temporal_mean"": 0.125, ""temporal_std"": 0.03979213897837326, ""velocity_abs_mean"": 0.027634411564213222, ""velocity_rms"": 0.06593957621371374, ""expression_entropy"": 1.1429391123354435}"
750,C2,6000,0,overall,"{""cross_distance"": 0.39489162191748617, ""self_distance"": 0.30172120593488216, ""ES"": 0.24403101932257415, ""prediction_std"": 0.13785435315221548, ""boundary_fraction"": 0.198247080296278, ""temporal_mean"": 0.16264126477763058, ""temporal_std"": 0.09879510691389441, ""velocity_abs_mean"": 0.03747648181160912, ""velocity_rms"": 0.08682497026165947, ""expression_entropy"": 1.1310487911105156}"
750,C2,6000,0,AU,"{""cross_distance"": 0.3645327050238848, ""self_distance"": 0.15645724385976792, ""ES"": 0.286304085701704, ""prediction_std"": 0.09698239625431597, ""boundary_fraction"": 0.1555824127048254, ""temporal_mean"": 0.20665492303669453, ""temporal_std"": 0.10126351350918412, ""velocity_abs_mean"": 0.043335083854617554, ""velocity_rms"": 0.09398376680910588}"
750,C2,6000,0,VA,"{""cross_distance"": 0.7364387072622776, ""self_distance"": 0.886116873472929, ""ES"": 0.2933802705258131, ""prediction_std"": 0.6717867106199265, ""boundary_fraction"": 0.0, ""temporal_mean"": -0.016896059791724836, ""temporal_std"": 0.16754910349845886, ""velocity_abs_mean"": 0.021317390946205706, ""velocity_rms"": 0.05671536236768589}"
750,C2,6000,0,expression,"{""cross_distance"": 0.30588710103183986, ""self_distance"": 0.1647572406567633, ""ES"": 0.2235084816813469, ""prediction_std"": 0.08100618640892207, ""boundary_fraction"": 0.3278051044791937, ""temporal_mean"": 0.125, ""temporal_std"": 0.076978361280635, ""velocity_abs_mean"": 0.0305313774937531, ""velocity_rms"": 0.07810654249042273, ""expression_entropy"": 1.1310487911105156}"
750,C2,6000,1,overall,"{""cross_distance"": 0.40202988386154176, ""self_distance"": 0.3155527483671904, ""ES"": 0.2442535102367401, ""prediction_std"": 0.14539237525314092, ""boundary_fraction"": 0.18326395098119974, ""temporal_mean"": 0.1727163371630013, ""temporal_std"": 0.10318769863806665, ""velocity_abs_mean"": 0.03995270614977926, ""velocity_rms"": 0.09058410059660674, ""expression_entropy"": 1.1154706358909607}"
750,C2,6000,1,AU,"{""cross_distance"": 0.3715644732117653, ""self_distance"": 0.17176745347678662, ""ES"": 0.2856807453557849, ""prediction_std"": 0.10521471463143825, ""boundary_fraction"": 0.13288294151425362, ""temporal_mean"": 0.2319968064315617, ""temporal_std"": 0.10720822215080261, ""velocity_abs_mean"": 0.047789645398734135, ""velocity_rms"": 0.10002906940644607}"
750,C2,6000,1,VA,"{""cross_distance"": 0.7571517914533615, ""self_distance"": 0.9242857433855534, ""ES"": 0.29500891976058485, ""prediction_std"": 0.6968637146055698, ""boundary_fraction"": 0.0, ""temporal_mean"": -0.08102181848371401, ""temporal_std"": 0.1887894338928163, ""velocity_abs_mean"": 0.019454807898728176, ""velocity_rms"": 0.054828677559271455}"
750,C2,6000,1,expression,"{""cross_distance"": 0.30718796569854023, ""self_distance"": 0.16958570312708615, ""ES"": 0.22239511515945196, ""prediction_std"": 0.08285765442997217, ""boundary_fraction"": 0.32354433052241804, ""temporal_mean"": 0.125, ""temporal_std"": 0.07424880329053848, ""velocity_abs_mean"": 0.03038292295532301, ""velocity_rms"": 0.07774020965443924, ""expression_entropy"": 1.1154706358909607}"
