arm,index,session,length,covariance_RMSE,autocorr_lag1_MAE,autocorr_lag1_valid_channels,autocorr_lag10_MAE,autocorr_lag10_valid_channels,autocorr_lag30_MAE,autocorr_lag30_valid_channels
C0,0,session0,1926,0.02649638183663775,0.09222612546805024,12,0.12226893713038411,12,0.1341794133203377,12
C1,0,session0,1926,0.020634441900176433,0.2356821772404651,12,0.18348375136135642,12,0.20594984008008688,12
C2,0,session0,1926,0.019884091361747857,0.3034487693888526,12,0.18090557471865007,12,0.2006794218211454,12
C0,1,session0,1167,0.029005305077840094,0.23870583519575014,13,0.21977168991817891,13,0.1476580841402838,13
C1,1,session0,1167,0.02128776335893011,0.28844502284903795,13,0.13950918050024066,13,0.16155224558667783,13
C2,1,session0,1167,0.022050971048103045,0.3732039689229011,13,0.16293045966467443,13,0.17854315898331055,13
C0,2,session0,1470,0.02738093679634404,0.13980297151752885,12,0.19105748400997716,12,0.17015485888007972,12
C1,2,session0,1470,0.017649633955429605,0.20914941748613738,12,0.17253441596119767,12,0.1965671803403797,12
C2,2,session0,1470,0.018805457077473553,0.2455277880280362,12,0.20606747623076502,12,0.2358525803114064,12
C0,3,session0,692,0.028476246805733386,0.22169423944152641,11,0.156151847668393,11,0.09509023985159736,11
C1,3,session0,692,0.021853755591866107,0.304846695487593,11,0.16768403694962944,11,0.20662858045496763,11
C2,3,session0,692,0.021809760024313805,0.47748650712230584,11,0.14182874863232808,11,0.1356218276008195,11
C0,4,session1,1053,0.03084746571063472,0.1253700038044292,14,0.17019299881168434,14,0.1446153160846852,14
C1,4,session1,1053,0.02443769735209888,0.20555350285916552,14,0.14089200824713705,14,0.1814560326573577,14
C2,4,session1,1053,0.024902219792671928,0.3869348366441529,14,0.11476935259740917,14,0.14437953180176238,14
C0,5,session1,1048,0.028350162724035885,0.19987199525300658,11,0.2004790566386043,11,0.15738931710132834,11
C1,5,session1,1048,0.018700698035085433,0.2742160888545377,11,0.09384565846712954,11,0.10667015668828526,11
C2,5,session1,1048,0.019730998818869316,0.28315217640455453,11,0.0859972702202311,11,0.11039611793535027,11
C0,6,session1,2399,0.022704199992562825,0.0875409287782008,13,0.23717853397104774,13,0.25520947169205566,13
C1,6,session1,2399,0.017018040824672377,0.1735355675010488,13,0.18161564731027585,13,0.22306644191917513,13
C2,6,session1,2399,0.016467350123129873,0.23870327422559695,13,0.14275476205842905,13,0.19038025584058385,13
C0,7,session1,1922,0.02484371899255721,0.11235787876065169,14,0.18017166555298422,14,0.21640278381620673,14
C1,7,session1,1922,0.019657694086789527,0.24583530301462386,14,0.16620960950089994,14,0.21115920309379238,14
C2,7,session1,1922,0.017992529452444502,0.2966791824776033,14,0.15651408471563993,14,0.2292556409125352,14
C0,8,session10,2068,0.023676091502228616,0.093131255871323,11,0.2392858564879729,11,0.2770740811215217,11
C1,8,session10,2068,0.019793337873621836,0.09777355425251223,11,0.17221651690802317,11,0.24402006383928268,11
C2,8,session10,2068,0.017495199020495164,0.10809943355904257,11,0.25172263111787,11,0.329695038135862,11
C0,9,session10,1497,0.027355562873360564,0.07964587168927059,14,0.27809104985318434,14,0.3449447893836276,14
C1,9,session10,1497,0.020241916394059777,0.19898774922935428,14,0.28990650123517475,14,0.36031541242965587,14
C2,9,session10,1497,0.018031445420966106,0.2844538113288511,14,0.2822424122877127,14,0.34952607073960795,14
C0,10,session10,1558,0.025535801781835822,0.09662793397852676,13,0.19305534824904852,13,0.2686314468253953,13
C1,10,session10,1558,0.020178385687916314,0.2538945003938221,13,0.24189202372974203,13,0.27135404652195383,13
C2,10,session10,1558,0.020118728595219404,0.35274008253162203,13,0.22124592018861172,13,0.24818646869607533,13
C0,11,session10,1227,0.022551157523629583,0.11448903769132561,12,0.26865461089702225,12,0.29155176823592877,12
C1,11,session10,1227,0.014215006227928133,0.21812751883602613,12,0.2757493388649766,12,0.3144890012674096,12
C2,11,session10,1227,0.015917352775377702,0.26340168900806765,12,0.32415685742208455,12,0.37737874461273524,12
C0,12,session11,4147,0.023324699566378178,0.05801765567510036,14,0.3049219664056519,14,0.33752486159696865,14
C1,12,session11,4147,0.01802188179710418,0.11933731228120881,14,0.266268749914165,14,0.3283405126071818,14
C2,12,session11,4147,0.016711367640851658,0.20292750579081045,14,0.2524739070334937,14,0.32305960774902814,14
C0,13,session11,4776,0.02417869662374045,0.06259037113982602,13,0.3001758866621404,13,0.3381248101942006,13
C1,13,session11,4776,0.019786782824716912,0.14665789029648788,13,0.2237801588624278,13,0.2908726709217398,13
C2,13,session11,4776,0.019521395455261915,0.3104784937621048,13,0.2128400669813613,13,0.25017308714607467,13
C0,14,session11,4410,0.02553730890372182,0.040398302827700246,14,0.3144538024646932,14,0.38973612791746054,14
C1,14,session11,4410,0.020180062521381815,0.177551207490682,14,0.2587112849015992,14,0.36496122331683944,14
C2,14,session11,4410,0.01993130416968899,0.28729091998016815,14,0.22884108560672314,14,0.31093159435933077,14
C0,15,session11,1980,0.02717982113131752,0.11189108445878938,15,0.21310189888008677,15,0.1976800813234789,15
C1,15,session11,1980,0.021919446762180016,0.26285490199788836,15,0.17344575510487054,15,0.2183620725750166,15
C2,15,session11,1980,0.021627792261848397,0.3954585439666581,15,0.16177224812260946,15,0.19414630264286475,15
C0,16,session12,1085,0.02834062254319637,0.10687922804374309,14,0.16397581313807433,14,0.18162141275130073,14
C1,16,session12,1085,0.02180821605549157,0.3105604644007977,14,0.19237233604700896,14,0.2530084750196762,14
C2,16,session12,1085,0.021731891089798668,0.38360707458369975,14,0.15385978347796142,14,0.2128220708503297,14
C0,17,session12,3846,0.022211031441247045,0.0707426487347579,12,0.22434855973006881,12,0.2701046094772476,12
C1,17,session12,3846,0.017888239255881483,0.2010222178171076,12,0.20193631650722668,12,0.25434697190816363,12
C2,17,session12,3846,0.01618460783222117,0.30218090882749665,12,0.17863928554423048,12,0.21647635064647533,12
C0,18,session12,2070,0.025471365223756766,0.07223815823471194,12,0.2001792796196895,12,0.23663741236967117,11
C1,18,session12,2070,0.021573749073155617,0.23716545246965637,12,0.16935521471198575,12,0.20042827279958828,11
C2,18,session12,2070,0.018818661249387397,0.32071370012653394,12,0.13792936465926464,12,0.18550756620166842,11
C0,19,session12,2335,0.02319885851850958,0.06420227161492396,12,0.24891663952766493,12,0.3054205193380573,12
C1,19,session12,2335,0.019555408603508774,0.14389454962016143,12,0.23143145942148935,12,0.2650848763539046,12
C2,19,session12,2335,0.018686414243094973,0.2504700589622692,12,0.19800884863950863,12,0.24779261447983822,12
C0,20,session13,1109,0.02863827714309746,0.26877255764096414,12,0.21425600993509752,12,0.16865373237331097,12
C1,20,session13,1109,0.0208766246516935,0.27481671856575607,12,0.17469454249715474,12,0.1977811278809093,12
C2,20,session13,1109,0.021856727930671765,0.3509080046110044,12,0.18289011774824152,12,0.1862194607279394,12
C0,21,session13,1020,0.037298213857911024,0.2195118196735704,12,0.2519019497129056,12,0.20619501174598734,12
C1,21,session13,1020,0.030118526095389626,0.28387115301170684,12,0.17447766701777503,12,0.1620405128229274,12
C2,21,session13,1020,0.032513462450794714,0.27280935851561444,12,0.14021086488786266,12,0.14512433148440654,12
C0,22,session13,935,0.03222578255936493,0.2520660671480185,16,0.2599002424177784,16,0.16020044290458302,16
C1,22,session13,935,0.026079132094034927,0.24100756591117684,16,0.1413627028207144,16,0.18162233530108285,16
C2,22,session13,935,0.025871252503522044,0.30264739806112806,16,0.14544607018275785,16,0.16976506692033577,16
C0,23,session13,1051,0.03915502903878377,0.3163385966789018,12,0.2989581440657267,12,0.2554043187776875,12
C1,23,session13,1051,0.03451907996096064,0.33132688778385283,12,0.16767859629056092,12,0.15447473725606764,12
C2,23,session13,1051,0.035080256353531916,0.41202285942338185,12,0.15374314767295483,12,0.1401219640953627,12
C0,24,session14,990,0.030493351066492827,0.0905601350974547,15,0.12038004642265804,15,0.1292342612156879,15
C1,24,session14,990,0.025403479981416715,0.22296894520478616,15,0.10537392988914056,15,0.16487942858279334,15
C2,24,session14,990,0.02487864352714572,0.3261839226140827,15,0.13010337030560723,15,0.1714174237996371,15
C0,25,session14,984,0.032655977046246024,0.11492918624492345,13,0.10670354684976228,13,0.10377370554771687,13
C1,25,session14,984,0.026345736534881013,0.24534844243480688,13,0.11148201918932378,13,0.14084427410534112,13
C2,25,session14,984,0.025805597438199525,0.37118851637158834,13,0.13030257323859898,13,0.11797450505227594,13
C0,26,session14,1413,0.030133403607783812,0.1360684662070723,13,0.1611851343843023,13,0.14645766816749284,13
C1,26,session14,1413,0.025302307313915837,0.217350382695815,13,0.1497593469358165,13,0.1792247965689005,13
C2,26,session14,1413,0.02369267459319828,0.3024677762176821,13,0.12514891311353377,13,0.15184483109067543,13
C0,27,session14,1256,0.026629430992968082,0.1299907766274605,13,0.141700090729221,13,0.12376528206623358,13
C1,27,session14,1256,0.020151603258384675,0.23110425092480474,13,0.18391308529728828,13,0.18478135662599826,13
C2,27,session14,1256,0.020946510799156885,0.2704741566531934,13,0.1461821279750462,13,0.18765383949186865,13
C0,28,session15,473,0.025230421004197104,0.19829399781857293,12,0.12111848045291317,12,0.10361722315849685,11
C1,28,session15,473,0.014657152518654877,0.2569528803716571,12,0.17547447677464065,12,0.17465683027242387,11
C2,28,session15,473,0.016181834964883637,0.4040677007822775,12,0.1688585813091594,12,0.1692866162576444,11
C0,29,session15,476,0.02492605585280118,0.26247627413630736,12,0.2269005534627111,12,0.1548941652914958,11
C1,29,session15,476,0.018402666945541706,0.3731681976992955,12,0.12413899649871017,12,0.11845839230568452,11
C2,29,session15,476,0.01858894657492005,0.3747668082226531,12,0.1366410473495698,12,0.21540825492124063,11
C0,30,session15,1232,0.02838498737795335,0.34350999136291305,13,0.33029168910298523,13,0.2571774879075708,11
C1,30,session15,1232,0.02304734858563804,0.3419271797314176,13,0.2162019768686079,13,0.238486416906549,11
C2,30,session15,1232,0.02269906600863245,0.37998497727100694,13,0.1933715525812187,13,0.23556991521632034,11
C0,31,session15,870,0.02338081923829798,0.18058122331348334,12,0.1345722498385517,12,0.12189967581118843,12
C1,31,session15,870,0.017342320438869664,0.23634296002657118,12,0.17783749312824437,12,0.1973696558640057,12
C2,31,session15,870,0.017794133081941707,0.3458905861841986,12,0.15091663210326756,12,0.17938166614364992,12
C0,32,session16,514,0.02685914050188298,0.2546342914123658,12,0.21210361343665626,12,0.12358198001696531,12
C1,32,session16,514,0.017696754174202897,0.2931330937719221,12,0.13968686885421605,12,0.1216758455636156,12
C2,32,session16,514,0.018119645709213112,0.39474282649330367,12,0.14633418359064207,12,0.14360176383780973,12
C0,33,session16,389,0.03451900338953261,0.2815668118648623,11,0.30690975132860016,11,0.16514201169568038,11
C1,33,session16,389,0.02783288543006996,0.3961241467832944,11,0.23379157732169406,11,0.21968204386051848,11
C2,33,session16,389,0.02780307363240675,0.45755930267983297,11,0.15998683030830196,11,0.09994278706408338,11
C0,34,session16,1233,0.02826744102077916,0.13796937467554685,13,0.14624532837668852,13,0.1315898433923685,13
C1,34,session16,1233,0.022654220817219784,0.19201298046830192,13,0.14152194492757927,13,0.1748242880134064,13
C2,34,session16,1233,0.020057576683834396,0.22374829654551057,13,0.10223325685655389,13,0.1466593140534552,13
C0,35,session16,689,0.03005328519031881,0.20345171260283348,11,0.18962747530386495,11,0.16104236239221884,11
C1,35,session16,689,0.024536852426730423,0.28499608586563846,11,0.1781994634415631,11,0.14081747039737877,11
C2,35,session16,689,0.025392705110510252,0.3394379728241044,11,0.16538759266712644,11,0.17900235507513054,11
C0,36,session17,415,0.02954746316899233,0.25122442472399586,10,0.21292033467929375,10,0.1455956491290575,10
C1,36,session17,415,0.01856617196056683,0.3032873678712662,10,0.18651145438963904,10,0.1324771013905947,10
C2,36,session17,415,0.01934671915124696,0.343331756560872,10,0.20801351573412435,10,0.1782075814563259,10
C0,37,session17,600,0.03182653343160163,0.25466186719698625,11,0.21450186192783838,11,0.12457289355134402,11
C1,37,session17,600,0.024140544563361458,0.33356310402591705,11,0.15392723981977866,11,0.08339343462161725,11
C2,37,session17,600,0.024887570858075643,0.4525147794884377,11,0.17166646862378077,11,0.09902543963689525,11
C0,38,session17,543,0.03252695315479238,0.2725282682147222,10,0.24902532148534712,10,0.17193047264969452,10
C1,38,session17,543,0.02497423666847058,0.29095771530673187,10,0.1846579322298197,10,0.15739870401110762,10
C2,38,session17,543,0.02666985594610668,0.331872061933259,10,0.1711933420483865,10,0.20555922428844364,10
C0,39,session17,516,0.030640828163878888,0.33129852391660397,11,0.2622955926660137,11,0.1693181722416979,11
C1,39,session17,516,0.02178975776779393,0.28677834102922434,11,0.15171401414353733,11,0.11856280864359253,11
C2,39,session17,516,0.02409206361402882,0.37113077712247483,11,0.12750429818426393,11,0.13266881679722248,11
C0,40,session18,271,0.021480189171596584,0.28323821693109785,10,0.13963002047456685,10,0.09447246666939284,10
C1,40,session18,271,0.013224433258915655,0.418950506589092,10,0.09192482230606322,10,0.04496312228232996,10
C2,40,session18,271,0.012794221068332222,0.4381260316651575,10,0.15273524590800147,10,0.05815562634973159,10
C0,41,session18,511,0.026734247779935844,0.1736491208616971,10,0.17716535631540847,10,0.15537288245896294,10
C1,41,session18,511,0.01767057804034124,0.2148852909432883,10,0.18575635749970468,10,0.22837264088915857,10
C2,41,session18,511,0.0195016016227174,0.3990654779206371,10,0.1496662662048329,10,0.14483316243218733,10
C0,42,session18,1350,0.023574047041784944,0.24473740728917112,10,0.252153914819641,10,0.24356785062540576,10
C1,42,session18,1350,0.016599046394506864,0.3131000298924446,10,0.23828495979116399,10,0.23854254209615883,10
C2,42,session18,1350,0.016536798582867687,0.3552606517005483,10,0.18558284034179512,10,0.18706866963973018,10
C0,43,session18,1056,0.02297190918589811,0.14447498966621888,10,0.12058989939602063,10,0.08579776079391259,10
C1,43,session18,1056,0.018977154876806637,0.3416023498511168,10,0.22156829128750027,10,0.21919779094629668,10
C2,43,session18,1056,0.018159839913308256,0.32186524668470406,10,0.19394938793468414,10,0.20239664910574118,10
C0,44,session19,2403,0.034448001509140194,0.1549214870670677,16,0.20206669620452344,16,0.1844362956083545,16
C1,44,session19,2403,0.028587746653869695,0.18155935799799094,16,0.10304914696330018,16,0.11587311586357585,16
C2,44,session19,2403,0.02836649161228649,0.2205534511769961,16,0.09996159542816184,16,0.12406182248810951,16
C0,45,session19,2251,0.03379483169231899,0.21610244921764943,16,0.21339377291712103,16,0.12880225316398256,16
C1,45,session19,2251,0.031170378309769257,0.20978621000227096,16,0.08401580039870624,16,0.0959480199566899,16
C2,45,session19,2251,0.02897970211170938,0.301178730602749,16,0.10737844199242735,16,0.10345402975027548,16
C0,46,session19,3687,0.032679367572838076,0.14491495270402718,17,0.18877398101813683,17,0.1621933100818204,17
C1,46,session19,3687,0.023880558851596696,0.1882365707897341,17,0.10618680188291563,17,0.11069185422241189,17
C2,46,session19,3687,0.026031595536149588,0.22077825257643954,17,0.11333424849531362,17,0.12733387529839807,17
C0,47,session19,1800,0.03848068517832374,0.14627265058815606,17,0.1794095352171979,17,0.18002970758881298,17
C1,47,session19,1800,0.034846074415020634,0.21392029055030973,17,0.1151808757374796,17,0.1448644913519923,17
C2,47,session19,1800,0.03346121317087873,0.31986625434685545,17,0.10824658052196255,17,0.11405768300442955,17
C0,48,session2,935,0.03437953927981199,0.28265990614826914,15,0.24486808455385506,15,0.14505489532788324,14
C1,48,session2,935,0.02962083005535603,0.29399643211852283,15,0.1500249338365332,15,0.16630352626177206,14
C2,48,session2,935,0.027971870209108907,0.35165196971566726,15,0.17059082397117126,15,0.18538507159546508,14
C0,49,session2,1234,0.025283232380038493,0.18633083757979876,11,0.19227017044217048,11,0.183812914066893,11
C1,49,session2,1234,0.017410079784796004,0.26716378706081195,11,0.1818458165659206,11,0.14405147428516418,11
C2,49,session2,1234,0.016541162438762674,0.26302994268191615,11,0.19037868251953619,11,0.21805015988929613,11
C0,50,session2,1231,0.02447152884946777,0.1988435712837373,11,0.16396868649998012,11,0.147965728995439,11
C1,50,session2,1231,0.0169169774990345,0.2806466473223002,11,0.15556536739007523,11,0.2073977409559037,11
C2,50,session2,1231,0.017432859675186572,0.3795809569834718,11,0.17606326261577887,11,0.23184069294538218,11
C0,51,session2,1134,0.023806036403549707,0.18569481954953482,12,0.17410567895024584,12,0.13974664241915108,11
C1,51,session2,1134,0.017004987947457036,0.28991210179375154,12,0.13953907402982527,12,0.18412722509874865,11
C2,51,session2,1134,0.016917761287923255,0.3017445715994876,12,0.13914875487492429,12,0.1898851176914956,11
C0,52,session21,5696,0.026124864180951602,0.08288473458538241,18,0.22663452092819514,18,0.2859023907781453,18
C1,52,session21,5696,0.02089403067333033,0.15411122295841584,18,0.18747863521439995,18,0.2562473215710078,18
C2,52,session21,5696,0.020310351984716528,0.21409645734109425,18,0.1772222142101531,18,0.24263963453147394,18
C0,53,session21,5943,0.02654674020141137,0.0927367958357382,18,0.2013077259224073,18,0.22916624353178422,18
C1,53,session21,5943,0.022261437558412978,0.13442665462089692,18,0.1702026180667468,18,0.2446567056003778,18
C2,53,session21,5943,0.02012658426692884,0.22682042601459657,18,0.1396728665705228,18,0.22758055533597166,18
C0,54,session21,3480,0.02895718725666909,0.13716869982908436,15,0.16842066859342317,15,0.16806703253327643,15
C1,54,session21,3480,0.021630680880612842,0.18229864611226546,15,0.1405070797723078,15,0.22062816747074498,15
C2,54,session21,3480,0.021914673366336554,0.2485833440364373,15,0.12380382047947713,15,0.21153401444752465,15
C0,55,session21,3505,0.029633470375730487,0.10285880246766284,18,0.21649813605495224,18,0.27501399391007464,18
C1,55,session21,3505,0.023853949635766432,0.13314715528723492,18,0.1921314121844207,18,0.27576115969101966,18
C2,55,session21,3505,0.02257391357585384,0.19946100591319013,18,0.17916155849814752,18,0.28659606233000445,18
C0,56,session3,989,0.029045966836627475,0.1711516023413899,11,0.14364348615613046,11,0.13523912205223032,11
C1,56,session3,989,0.02231048291345827,0.3086942608032272,11,0.1191527431974988,11,0.15417133936430175,11
C2,56,session3,989,0.023094691638261656,0.4902168389447478,11,0.17600984559408908,11,0.15179927764705417,11
C0,57,session3,1015,0.031012740858482966,0.22835543063308053,10,0.2286827548367031,10,0.17308879505810776,10
C1,57,session3,1015,0.028422437464246022,0.3306225110805392,10,0.15534926084507084,10,0.16501071993791155,10
C2,57,session3,1015,0.026488394114409574,0.3922719348905751,10,0.15693641982814835,10,0.14682549752099047,10
C0,58,session3,1198,0.030772555718362998,0.207998396295895,11,0.18154953319907244,11,0.1513043510677931,11
C1,58,session3,1198,0.02305880414422805,0.30630153497316875,11,0.11175407715715734,11,0.1284950614255578,11
C2,58,session3,1198,0.024125952802861953,0.32094386415566495,11,0.1409285497777809,11,0.17507135607566712,11
C0,59,session3,929,0.032462927362481596,0.2115056018352191,11,0.20861825471547518,11,0.191914741464815,11
C1,59,session3,929,0.026462973307514633,0.2995415599947191,11,0.15313312451288597,11,0.17934650308807068,11
C2,59,session3,929,0.027469842546990444,0.36611544652920974,11,0.16386999957248663,11,0.19636866484712243,11
C0,60,session4,1892,0.031594659918019026,0.104360050279376,14,0.17066937114492972,14,0.24239445196060228,14
C1,60,session4,1892,0.02652587089130998,0.2383108081559951,14,0.15226707079018387,14,0.23576456691031342,14
C2,60,session4,1892,0.02509558140758819,0.3289583717168932,14,0.12540768806334632,14,0.21901015919932584,14
C0,61,session4,3455,0.03353293715721966,0.07724674679718832,15,0.22470850216893742,15,0.2803511372383377,15
C1,61,session4,3455,0.02880211796120478,0.2573127167018475,15,0.16139846475150094,15,0.23352963396345425,15
C2,61,session4,3455,0.02869232054419377,0.4453327313908942,15,0.08621247520875891,15,0.13652245157954765,15
C0,62,session4,3334,0.03377822509824918,0.05781013300747151,14,0.2936895884310638,14,0.3470784130046324,14
C1,62,session4,3334,0.031019816762246487,0.10102517169380201,14,0.19735382349497774,14,0.25876583842660533,14
C2,62,session4,3334,0.03072393140916392,0.12735142017342707,14,0.20383474294342604,14,0.2719895693766356,14
C0,63,session4,3599,0.028488315328103985,0.09562615414054773,17,0.16551715466288477,17,0.21712526665407636,17
C1,63,session4,3599,0.025026595117998093,0.19078423930507557,17,0.13527728266210923,17,0.2198182418680751,17
C2,63,session4,3599,0.024673721707230412,0.2831824079337238,17,0.09781627101236055,17,0.1818528488623034,17
C0,64,session5,2610,0.024336341188950304,0.15443635339262804,12,0.1610535855613248,12,0.14654526222224887,12
C1,64,session5,2610,0.020341214789015693,0.2273103157095121,12,0.1326908495633733,12,0.16181950213221505,12
C2,64,session5,2610,0.017741115869144175,0.29100025250237216,12,0.11263994715969683,12,0.15917506984604354,12
C0,65,session5,1685,0.027587092791126602,0.2234923085728174,12,0.2099448443991748,12,0.15415366581158482,12
C1,65,session5,1685,0.022942901164895675,0.2292902424472361,12,0.11882447346099556,12,0.15415861584240562,12
C2,65,session5,1685,0.0219088022457216,0.3392014902434231,12,0.11803154834149134,12,0.11900364447190596,12
C0,66,session5,2613,0.023790917474954192,0.14276351333025872,14,0.17558473560160698,14,0.18179624572967784,14
C1,66,session5,2613,0.01574006647446633,0.23227596112088897,14,0.14187533162868918,14,0.16661818090006938,14
C2,66,session5,2613,0.014966670068967732,0.35354637988241006,14,0.15101787303901684,14,0.17656993244558242,14
C0,67,session5,1709,0.02397534574138392,0.21561564240920472,12,0.17345741957639235,12,0.15039115357433228,12
C1,67,session5,1709,0.015809968361523936,0.23253837716917536,12,0.08686091493431862,12,0.1403431137387089,12
C2,67,session5,1709,0.01506395039759793,0.26355484428672415,12,0.12817173327103845,12,0.2042590384256576,12
C0,68,session6,4558,0.021251865751861318,0.07917318418441154,10,0.15090417095953557,10,0.16363038874973848,10
C1,68,session6,4558,0.013646726706326587,0.18709040679119107,10,0.25391568571114487,10,0.22705572654512016,10
C2,68,session6,4558,0.009589756733283336,0.24814113200826346,10,0.24710794791655202,10,0.2281935097876076,10
C0,69,session6,4473,0.018655264578757103,0.043876075907490764,10,0.16234334392221617,10,0.2187872180196027,10
C1,69,session6,4473,0.009483031430339404,0.053553095490831724,10,0.21528615000471346,10,0.2922181992566603,10
C2,69,session6,4473,0.008024206825118878,0.0556150579693843,10,0.2548036631706668,10,0.35274769525291155,10
C0,70,session6,3729,0.01859990577058249,0.046547658508312495,10,0.15642438758034863,10,0.19806945359375558,10
C1,70,session6,3729,0.011890412622109063,0.035821070190677054,10,0.16852879572511884,10,0.22438288856094707,10
C2,70,session6,3729,0.009097465245034665,0.06917007909793099,10,0.19048319223575869,10,0.2504442995554289,10
C0,71,session6,4561,0.021386801735970316,0.05759966941154501,12,0.12223795138416403,12,0.15711090285214516,12
C1,71,session6,4561,0.010343293298555531,0.11735183515524039,12,0.22749649329697585,12,0.2629096595529332,12
C2,71,session6,4561,0.010262831489003565,0.18953099893411096,12,0.19255536351439173,12,0.21314362542790266,12
C0,72,session7,3416,0.03129265176272026,0.06587980879807281,16,0.17467382789228075,16,0.19913253691122673,16
C1,72,session7,3416,0.027344584584881797,0.15415189534079055,16,0.12171157134527681,16,0.17021034059937945,16
C2,72,session7,3416,0.02714859286935958,0.23108532437293106,16,0.10115152075200493,16,0.15683894906772772,16
C0,73,session7,3596,0.030461900219315732,0.062484345085104386,15,0.2499819369388085,15,0.3004415576644737,15
C1,73,session7,3596,0.02664691495548864,0.19871151301594042,15,0.17886213310331764,15,0.22682835069441257,15
C2,73,session7,3596,0.02637447683040198,0.3450100877016549,15,0.13276533991217174,15,0.17463680153789965,15
C0,74,session7,5279,0.02553453682647707,0.0898315615783323,16,0.19311258827013406,16,0.2478619657632675,16
C1,74,session7,5279,0.021695122458086833,0.12158597838623689,16,0.17366913850515492,16,0.23798897566638127,16
C2,74,session7,5279,0.019385485405350716,0.1849045412625012,16,0.1461316255476221,16,0.23355783665962965,16
C0,75,session7,5456,0.028886058039433386,0.07015367677206408,17,0.18926851290982172,17,0.2389497227546261,17
C1,75,session7,5456,0.024453535171207772,0.18546965866852655,17,0.14543349257738933,17,0.193410610493822,17
C2,75,session7,5456,0.02462620419054496,0.29988737201558174,17,0.11806847154595884,17,0.17004883745459123,17
C0,76,session9,3209,0.027940680242359305,0.07953406113123584,16,0.22133607975424313,16,0.2344919294548112,16
C1,76,session9,3209,0.022693003247984917,0.14169861048800703,16,0.22117608888945478,16,0.2608546718098365,16
C2,76,session9,3209,0.019822793822842258,0.2152082585538981,16,0.21213701293446913,16,0.27179175458547855,16
C0,77,session9,2183,0.028519954577705956,0.14014450991214378,15,0.1942611507204244,15,0.20890170039197967,15
C1,77,session9,2183,0.02368345331431503,0.19153782772829436,15,0.16539413574383924,15,0.21569453373502404,15
C2,77,session9,2183,0.02321408946103587,0.3596702869248901,15,0.1335705905371868,15,0.18195477483827308,15
C0,78,session9,6781,0.024115894559145527,0.06562741338870934,17,0.2058082460334016,17,0.24139661272087393,17
C1,78,session9,6781,0.019514815531673918,0.08439330958199844,17,0.19458612086683078,17,0.24914931970852394,17
C2,78,session9,6781,0.018629631428247233,0.1411556723207124,17,0.19451601673724506,17,0.2539859446788294,17
C0,79,session9,1654,0.03005163781152139,0.17232362731430595,15,0.23557532187714866,15,0.2216249633111945,15
C1,79,session9,1654,0.02354245713692558,0.21766011911449468,15,0.16540099295029342,15,0.22663152598343442,15
C2,79,session9,1654,0.02369227469337862,0.4010530058409662,15,0.09111997462333572,15,0.15885742086470803,15
