seed,K,lambda_group,contrast,metric,mean,session_bootstrap_low,session_bootstrap_high,unit,scope
123,32,0.03,C2-C1,conditional,-0.0008733068592846393,-0.003570041048806161,0.0017853892198763787,20 session labels; unknown cross-session participant dependence,"conditional on trained seed, fixed Development80, 2 banks, 3 fixed permutations"
123,32,0.03,C2-C1,marginal,-0.003678448498249054,-0.010728682503104211,0.004075187556445587,20 session labels; unknown cross-session participant dependence,"conditional on trained seed, fixed Development80, 2 banks, 3 fixed permutations"
123,32,0.03,C2-C1,shuffle_gap,0.001499570688853661,-0.0003572525929970048,0.003469224815877774,20 session labels; unknown cross-session participant dependence,"conditional on trained seed, fixed Development80, 2 banks, 3 fixed permutations"
123,32,0.03,C2-C0,conditional,-0.00096487021073699,-0.002910112109966576,0.0010086409817449747,20 session labels; unknown cross-session participant dependence,"conditional on trained seed, fixed Development80, 2 banks, 3 fixed permutations"
123,32,0.03,C2-C0,marginal,-0.0991544857621193,-0.13012163069099186,-0.07013929806649685,20 session labels; unknown cross-session participant dependence,"conditional on trained seed, fixed Development80, 2 banks, 3 fixed permutations"
123,32,0.03,C2-C0,shuffle_gap,0.00308683185527722,0.0016317456099204715,0.00454994899065544,20 session labels; unknown cross-session participant dependence,"conditional on trained seed, fixed Development80, 2 banks, 3 fixed permutations"
123,32,0.1,C2-C1,conditional,-0.003675925172865391,-0.008247165409848094,0.0005181255075149236,20 session labels; unknown cross-session participant dependence,"conditional on trained seed, fixed Development80, 2 banks, 3 fixed permutations"
123,32,0.1,C2-C1,marginal,-0.04410359561443329,-0.05386362582445144,-0.03425328366458416,20 session labels; unknown cross-session participant dependence,"conditional on trained seed, fixed Development80, 2 banks, 3 fixed permutations"
123,32,0.1,C2-C1,shuffle_gap,-0.0006604051527877644,-0.0019494759167234096,0.000611789085281392,20 session labels; unknown cross-session participant dependence,"conditional on trained seed, fixed Development80, 2 banks, 3 fixed permutations"
123,32,0.1,C2-C0,conditional,0.001103869453072548,-0.001378281367942691,0.003642846664879471,20 session labels; unknown cross-session participant dependence,"conditional on trained seed, fixed Development80, 2 banks, 3 fixed permutations"
123,32,0.1,C2-C0,marginal,-0.14387794584035873,-0.17703096818178893,-0.11131239753216507,20 session labels; unknown cross-session participant dependence,"conditional on trained seed, fixed Development80, 2 banks, 3 fixed permutations"
123,32,0.1,C2-C0,shuffle_gap,0.0035355640575289713,0.0018787996587343516,0.005178291064221411,20 session labels; unknown cross-session participant dependence,"conditional on trained seed, fixed Development80, 2 banks, 3 fixed permutations"
123,32,0.3,C2-C1,conditional,-0.02247965643182397,-0.025843637445941568,-0.019071109264623375,20 session labels; unknown cross-session participant dependence,"conditional on trained seed, fixed Development80, 2 banks, 3 fixed permutations"
123,32,0.3,C2-C1,marginal,-0.07976294159889222,-0.08605385441333055,-0.07370705578476192,20 session labels; unknown cross-session participant dependence,"conditional on trained seed, fixed Development80, 2 banks, 3 fixed permutations"
123,32,0.3,C2-C1,shuffle_gap,0.0034220584047337382,0.0009405320952646434,0.005970735560016087,20 session labels; unknown cross-session participant dependence,"conditional on trained seed, fixed Development80, 2 banks, 3 fixed permutations"
123,32,0.3,C2-C0,conditional,0.0029529323801398277,0.0006717671849764884,0.005280106302816419,20 session labels; unknown cross-session participant dependence,"conditional on trained seed, fixed Development80, 2 banks, 3 fixed permutations"
123,32,0.3,C2-C0,marginal,-0.16456051170825958,-0.19522676881402728,-0.13529401753097775,20 session labels; unknown cross-session participant dependence,"conditional on trained seed, fixed Development80, 2 banks, 3 fixed permutations"
123,32,0.3,C2-C0,shuffle_gap,0.0059141872450709345,0.0029165291995741425,0.00904472811302791,20 session labels; unknown cross-session participant dependence,"conditional on trained seed, fixed Development80, 2 banks, 3 fixed permutations"
123,64,0.03,C2-C1,conditional,0.0007637543603777885,-0.002048490047454834,0.0034795665624551475,20 session labels; unknown cross-session participant dependence,"conditional on trained seed, fixed Development80, 2 banks, 3 fixed permutations"
123,64,0.03,C2-C1,marginal,-0.004574534296989441,-0.01249003652483225,0.004253943823277947,20 session labels; unknown cross-session participant dependence,"conditional on trained seed, fixed Development80, 2 banks, 3 fixed permutations"
123,64,0.03,C2-C1,shuffle_gap,0.0017583175872762998,-9.790289991845705e-05,0.003737399378636231,20 session labels; unknown cross-session participant dependence,"conditional on trained seed, fixed Development80, 2 banks, 3 fixed permutations"
123,64,0.03,C2-C0,conditional,-0.00044567408040165903,-0.0028664819709956647,0.0019444939983077319,20 session labels; unknown cross-session participant dependence,"conditional on trained seed, fixed Development80, 2 banks, 3 fixed permutations"
123,64,0.03,C2-C0,marginal,-0.0967156320810318,-0.12891997050493956,-0.06664288356900215,20 session labels; unknown cross-session participant dependence,"conditional on trained seed, fixed Development80, 2 banks, 3 fixed permutations"
123,64,0.03,C2-C0,shuffle_gap,0.0035009796731173986,0.002009115771700938,0.005005451295680055,20 session labels; unknown cross-session participant dependence,"conditional on trained seed, fixed Development80, 2 banks, 3 fixed permutations"
123,64,0.1,C2-C1,conditional,-0.0017013054341077805,-0.005300957062281668,0.001460810229182243,20 session labels; unknown cross-session participant dependence,"conditional on trained seed, fixed Development80, 2 banks, 3 fixed permutations"
123,64,0.1,C2-C1,marginal,-0.03510343730449676,-0.043336766846477984,-0.026681416891515257,20 session labels; unknown cross-session participant dependence,"conditional on trained seed, fixed Development80, 2 banks, 3 fixed permutations"
123,64,0.1,C2-C1,shuffle_gap,-0.0004553340064982576,-0.001732932963253309,0.0008095695730298754,20 session labels; unknown cross-session participant dependence,"conditional on trained seed, fixed Development80, 2 banks, 3 fixed permutations"
123,64,0.1,C2-C0,conditional,-0.00019596461206674575,-0.0025354061764664947,0.00224249393446371,20 session labels; unknown cross-session participant dependence,"conditional on trained seed, fixed Development80, 2 banks, 3 fixed permutations"
123,64,0.1,C2-C0,marginal,-0.14706076681613922,-0.18168280120939018,-0.11336119931191206,20 session labels; unknown cross-session participant dependence,"conditional on trained seed, fixed Development80, 2 banks, 3 fixed permutations"
123,64,0.1,C2-C0,shuffle_gap,0.0035719468258321287,0.001905958220207442,0.005224902120729287,20 session labels; unknown cross-session participant dependence,"conditional on trained seed, fixed Development80, 2 banks, 3 fixed permutations"
123,64,0.3,C2-C1,conditional,-0.02086047288030386,-0.023294723096769304,-0.01834032492944971,20 session labels; unknown cross-session participant dependence,"conditional on trained seed, fixed Development80, 2 banks, 3 fixed permutations"
123,64,0.3,C2-C1,marginal,-0.0763132020831108,-0.08175375897437334,-0.07102309118956328,20 session labels; unknown cross-session participant dependence,"conditional on trained seed, fixed Development80, 2 banks, 3 fixed permutations"
123,64,0.3,C2-C1,shuffle_gap,0.0039562310092151175,0.001411679084412754,0.006552221656311303,20 session labels; unknown cross-session participant dependence,"conditional on trained seed, fixed Development80, 2 banks, 3 fixed permutations"
123,64,0.3,C2-C0,conditional,0.0004950270988047123,-0.0021056614792905747,0.002813535847235471,20 session labels; unknown cross-session participant dependence,"conditional on trained seed, fixed Development80, 2 banks, 3 fixed permutations"
123,64,0.3,C2-C0,marginal,-0.17239271700382233,-0.2040196307376027,-0.1420638782158494,20 session labels; unknown cross-session participant dependence,"conditional on trained seed, fixed Development80, 2 banks, 3 fixed permutations"
123,64,0.3,C2-C0,shuffle_gap,0.006419789077093204,0.0033961771389779947,0.009566666364359357,20 session labels; unknown cross-session participant dependence,"conditional on trained seed, fixed Development80, 2 banks, 3 fixed permutations"
42,32,0.03,C2-C1,conditional,-0.004295161832123995,-0.006028665814083069,-0.0026632079808041457,20 session labels; unknown cross-session participant dependence,"conditional on trained seed, fixed Development80, 2 banks, 3 fixed permutations"
42,32,0.03,C2-C1,marginal,-0.018830183148384094,-0.02320318304002285,-0.014765781238675118,20 session labels; unknown cross-session participant dependence,"conditional on trained seed, fixed Development80, 2 banks, 3 fixed permutations"
42,32,0.03,C2-C1,shuffle_gap,0.00073904696231087,-0.0004262033888759715,0.0020179392723366613,20 session labels; unknown cross-session participant dependence,"conditional on trained seed, fixed Development80, 2 banks, 3 fixed permutations"
42,32,0.03,C2-C0,conditional,0.0008779042400419712,-0.0011628859164193274,0.0029467642074450847,20 session labels; unknown cross-session participant dependence,"conditional on trained seed, fixed Development80, 2 banks, 3 fixed permutations"
42,32,0.03,C2-C0,marginal,-0.1010761633515358,-0.14385166455060244,-0.06124239202588797,20 session labels; unknown cross-session participant dependence,"conditional on trained seed, fixed Development80, 2 banks, 3 fixed permutations"
42,32,0.03,C2-C0,shuffle_gap,-0.0005004685992995901,-0.002636232946533711,0.001616858703394731,20 session labels; unknown cross-session participant dependence,"conditional on trained seed, fixed Development80, 2 banks, 3 fixed permutations"
42,32,0.1,C2-C1,conditional,0.0020174851641058924,0.00010539643000811342,0.003848305132705718,20 session labels; unknown cross-session participant dependence,"conditional on trained seed, fixed Development80, 2 banks, 3 fixed permutations"
42,32,0.1,C2-C1,marginal,-0.004259650409221649,-0.009457124881446361,0.0013718532398343064,20 session labels; unknown cross-session participant dependence,"conditional on trained seed, fixed Development80, 2 banks, 3 fixed permutations"
42,32,0.1,C2-C1,shuffle_gap,0.00017441626017292356,-0.0017893540921310582,0.0021012434122773486,20 session labels; unknown cross-session participant dependence,"conditional on trained seed, fixed Development80, 2 banks, 3 fixed permutations"
42,32,0.1,C2-C0,conditional,0.0016077381558716297,-0.0003251966019161045,0.003415006243158131,20 session labels; unknown cross-session participant dependence,"conditional on trained seed, fixed Development80, 2 banks, 3 fixed permutations"
42,32,0.1,C2-C0,marginal,-0.15305583029985428,-0.18952514916658403,-0.11815002311021089,20 session labels; unknown cross-session participant dependence,"conditional on trained seed, fixed Development80, 2 banks, 3 fixed permutations"
42,32,0.1,C2-C0,shuffle_gap,6.813695654273059e-05,-0.001849496569484472,0.002253784735997518,20 session labels; unknown cross-session participant dependence,"conditional on trained seed, fixed Development80, 2 banks, 3 fixed permutations"
42,32,0.3,C2-C1,conditional,-0.004034136887639761,-0.009616413961630314,0.0015548032615333766,20 session labels; unknown cross-session participant dependence,"conditional on trained seed, fixed Development80, 2 banks, 3 fixed permutations"
42,32,0.3,C2-C1,marginal,-0.04686993956565857,-0.058159437216818335,-0.03521206721663475,20 session labels; unknown cross-session participant dependence,"conditional on trained seed, fixed Development80, 2 banks, 3 fixed permutations"
42,32,0.3,C2-C1,shuffle_gap,0.008352623072763285,0.004909571817455193,0.011795076262981936,20 session labels; unknown cross-session participant dependence,"conditional on trained seed, fixed Development80, 2 banks, 3 fixed permutations"
42,32,0.3,C2-C0,conditional,0.005737483408302069,0.002602009663823992,0.009147350552957505,20 session labels; unknown cross-session participant dependence,"conditional on trained seed, fixed Development80, 2 banks, 3 fixed permutations"
42,32,0.3,C2-C0,marginal,-0.1650339037179947,-0.2004310029000044,-0.13200350061059,20 session labels; unknown cross-session participant dependence,"conditional on trained seed, fixed Development80, 2 banks, 3 fixed permutations"
42,32,0.3,C2-C0,shuffle_gap,0.005990084726363422,0.0030337859100351737,0.008955043241536864,20 session labels; unknown cross-session participant dependence,"conditional on trained seed, fixed Development80, 2 banks, 3 fixed permutations"
42,64,0.03,C2-C1,conditional,-0.005219059158116579,-0.0069671846088022,-0.0035733111877925697,20 session labels; unknown cross-session participant dependence,"conditional on trained seed, fixed Development80, 2 banks, 3 fixed permutations"
42,64,0.03,C2-C1,marginal,-0.01858837753534317,-0.022554367780685425,-0.015057100504636765,20 session labels; unknown cross-session participant dependence,"conditional on trained seed, fixed Development80, 2 banks, 3 fixed permutations"
42,64,0.03,C2-C1,shuffle_gap,0.0011942221472660698,2.494499087333667e-05,0.0024664460153629377,20 session labels; unknown cross-session participant dependence,"conditional on trained seed, fixed Development80, 2 banks, 3 fixed permutations"
42,64,0.03,C2-C0,conditional,0.0031262200325727465,0.0012228830507956445,0.0051141839264892035,20 session labels; unknown cross-session participant dependence,"conditional on trained seed, fixed Development80, 2 banks, 3 fixed permutations"
42,64,0.03,C2-C0,marginal,-0.10934196710586548,-0.15599859096109867,-0.06546916406601667,20 session labels; unknown cross-session participant dependence,"conditional on trained seed, fixed Development80, 2 banks, 3 fixed permutations"
42,64,0.03,C2-C0,shuffle_gap,-0.00019985573987166107,-0.0023433281038887804,0.001983189880071828,20 session labels; unknown cross-session participant dependence,"conditional on trained seed, fixed Development80, 2 banks, 3 fixed permutations"
42,64,0.1,C2-C1,conditional,0.0006879637949168682,-0.0007490534358657896,0.002056665555573999,20 session labels; unknown cross-session participant dependence,"conditional on trained seed, fixed Development80, 2 banks, 3 fixed permutations"
42,64,0.1,C2-C1,marginal,-0.014422275125980377,-0.019516994915902613,-0.009594609066843987,20 session labels; unknown cross-session participant dependence,"conditional on trained seed, fixed Development80, 2 banks, 3 fixed permutations"
42,64,0.1,C2-C1,shuffle_gap,0.0003956032296021779,-0.001468512301022808,0.0022648190000715347,20 session labels; unknown cross-session participant dependence,"conditional on trained seed, fixed Development80, 2 banks, 3 fixed permutations"
42,64,0.1,C2-C0,conditional,0.002896963898092508,0.0010554675920866432,0.004638128851074725,20 session labels; unknown cross-session participant dependence,"conditional on trained seed, fixed Development80, 2 banks, 3 fixed permutations"
42,64,0.1,C2-C0,marginal,-0.1676233395934105,-0.2078061445057392,-0.12876822847872973,20 session labels; unknown cross-session participant dependence,"conditional on trained seed, fixed Development80, 2 banks, 3 fixed permutations"
42,64,0.1,C2-C0,shuffle_gap,-1.3341320057710156e-05,-0.0018275346203396716,0.0020134168382113177,20 session labels; unknown cross-session participant dependence,"conditional on trained seed, fixed Development80, 2 banks, 3 fixed permutations"
42,64,0.3,C2-C1,conditional,-0.0003409448079764843,-0.0058049610117450355,0.0051844373717904076,20 session labels; unknown cross-session participant dependence,"conditional on trained seed, fixed Development80, 2 banks, 3 fixed permutations"
42,64,0.3,C2-C1,marginal,-0.039376290142536165,-0.05028299059718847,-0.028088921122252943,20 session labels; unknown cross-session participant dependence,"conditional on trained seed, fixed Development80, 2 banks, 3 fixed permutations"
42,64,0.3,C2-C1,shuffle_gap,0.008712627179920673,0.005174812909681351,0.012240118461971481,20 session labels; unknown cross-session participant dependence,"conditional on trained seed, fixed Development80, 2 banks, 3 fixed permutations"
42,64,0.3,C2-C0,conditional,0.00846903519704938,0.005422451917547732,0.011814330534543841,20 session labels; unknown cross-session participant dependence,"conditional on trained seed, fixed Development80, 2 banks, 3 fixed permutations"
42,64,0.3,C2-C0,marginal,-0.17611432820558548,-0.21418982002884152,-0.14016542952507735,20 session labels; unknown cross-session participant dependence,"conditional on trained seed, fixed Development80, 2 banks, 3 fixed permutations"
42,64,0.3,C2-C0,shuffle_gap,0.006409467166910571,0.0034258626548883822,0.009444152881236127,20 session labels; unknown cross-session participant dependence,"conditional on trained seed, fixed Development80, 2 banks, 3 fixed permutations"
2026,32,0.03,C2-C1,conditional,-0.003566372953355312,-0.00492361185606569,-0.0022169347433373342,20 session labels; unknown cross-session participant dependence,"conditional on trained seed, fixed Development80, 2 banks, 3 fixed permutations"
2026,32,0.03,C2-C1,marginal,-0.010451620817184449,-0.015121128894388675,-0.005500434786081315,20 session labels; unknown cross-session participant dependence,"conditional on trained seed, fixed Development80, 2 banks, 3 fixed permutations"
2026,32,0.03,C2-C1,shuffle_gap,-0.0004605947683254875,-0.0021921539803345996,0.0010071384937812887,20 session labels; unknown cross-session participant dependence,"conditional on trained seed, fixed Development80, 2 banks, 3 fixed permutations"
2026,32,0.03,C2-C0,conditional,-0.006379257887601852,-0.011251201152335853,-0.002104047441389414,20 session labels; unknown cross-session participant dependence,"conditional on trained seed, fixed Development80, 2 banks, 3 fixed permutations"
2026,32,0.03,C2-C0,marginal,-0.21126227974891662,-0.2732173304632306,-0.15172036215662957,20 session labels; unknown cross-session participant dependence,"conditional on trained seed, fixed Development80, 2 banks, 3 fixed permutations"
2026,32,0.03,C2-C0,shuffle_gap,-0.0025108026651044684,-0.0042136897162223875,-0.001004170285693059,20 session labels; unknown cross-session participant dependence,"conditional on trained seed, fixed Development80, 2 banks, 3 fixed permutations"
2026,32,0.1,C2-C1,conditional,0.003139139711856842,-0.0007899649254977702,0.007130737334955481,20 session labels; unknown cross-session participant dependence,"conditional on trained seed, fixed Development80, 2 banks, 3 fixed permutations"
2026,32,0.1,C2-C1,marginal,-0.011835958063602447,-0.019125976525247095,-0.00375360801815987,20 session labels; unknown cross-session participant dependence,"conditional on trained seed, fixed Development80, 2 banks, 3 fixed permutations"
2026,32,0.1,C2-C1,shuffle_gap,0.005542958341538906,0.0037047777573267623,0.007751119590830057,20 session labels; unknown cross-session participant dependence,"conditional on trained seed, fixed Development80, 2 banks, 3 fixed permutations"
2026,32,0.1,C2-C0,conditional,0.0008882111869752407,-0.00223275437252596,0.003758063339628277,20 session labels; unknown cross-session participant dependence,"conditional on trained seed, fixed Development80, 2 banks, 3 fixed permutations"
2026,32,0.1,C2-C0,marginal,-0.2514621615409851,-0.31918129917234184,-0.1827071757987142,20 session labels; unknown cross-session participant dependence,"conditional on trained seed, fixed Development80, 2 banks, 3 fixed permutations"
2026,32,0.1,C2-C0,shuffle_gap,0.0014301816001534462,-0.0011632804448405893,0.0039397489124288155,20 session labels; unknown cross-session participant dependence,"conditional on trained seed, fixed Development80, 2 banks, 3 fixed permutations"
2026,32,0.3,C2-C1,conditional,-0.006215128302574158,-0.011702276065479963,-0.0007683768053539116,20 session labels; unknown cross-session participant dependence,"conditional on trained seed, fixed Development80, 2 banks, 3 fixed permutations"
2026,32,0.3,C2-C1,marginal,-0.024707560241222382,-0.03490431033074856,-0.013791830763220792,20 session labels; unknown cross-session participant dependence,"conditional on trained seed, fixed Development80, 2 banks, 3 fixed permutations"
2026,32,0.3,C2-C1,shuffle_gap,0.0041865350678563125,0.0015960506085927286,0.006855223344949385,20 session labels; unknown cross-session participant dependence,"conditional on trained seed, fixed Development80, 2 banks, 3 fixed permutations"
2026,32,0.3,C2-C0,conditional,-0.005549934785813093,-0.01093392257578671,-0.0006814456591382639,20 session labels; unknown cross-session participant dependence,"conditional on trained seed, fixed Development80, 2 banks, 3 fixed permutations"
2026,32,0.3,C2-C0,marginal,-0.29955976754426955,-0.3589460888877511,-0.2417134236171842,20 session labels; unknown cross-session participant dependence,"conditional on trained seed, fixed Development80, 2 banks, 3 fixed permutations"
2026,32,0.3,C2-C0,shuffle_gap,-0.0038942467731734112,-0.0069589670126636825,-0.0009695257735438661,20 session labels; unknown cross-session participant dependence,"conditional on trained seed, fixed Development80, 2 banks, 3 fixed permutations"
2026,64,0.03,C2-C1,conditional,-0.0010191077366471291,-0.0026817651838064193,0.0005786578357219694,20 session labels; unknown cross-session participant dependence,"conditional on trained seed, fixed Development80, 2 banks, 3 fixed permutations"
2026,64,0.03,C2-C1,marginal,-0.0021817073225975036,-0.007012092806398868,0.002698356881737709,20 session labels; unknown cross-session participant dependence,"conditional on trained seed, fixed Development80, 2 banks, 3 fixed permutations"
2026,64,0.03,C2-C1,shuffle_gap,7.559321820735922e-05,-0.001638182832393795,0.0015584327583201226,20 session labels; unknown cross-session participant dependence,"conditional on trained seed, fixed Development80, 2 banks, 3 fixed permutations"
2026,64,0.03,C2-C0,conditional,-0.007423811033368111,-0.012237200615927576,-0.003244192886631937,20 session labels; unknown cross-session participant dependence,"conditional on trained seed, fixed Development80, 2 banks, 3 fixed permutations"
2026,64,0.03,C2-C0,marginal,-0.24061255156993866,-0.30786187525838615,-0.17539586536586294,20 session labels; unknown cross-session participant dependence,"conditional on trained seed, fixed Development80, 2 banks, 3 fixed permutations"
2026,64,0.03,C2-C0,shuffle_gap,-0.002070258123179277,-0.0038346230145543812,-0.0005113289831206206,20 session labels; unknown cross-session participant dependence,"conditional on trained seed, fixed Development80, 2 banks, 3 fixed permutations"
2026,64,0.1,C2-C1,conditional,0.002427442464977503,-0.0008816439355723559,0.0058048499422147844,20 session labels; unknown cross-session participant dependence,"conditional on trained seed, fixed Development80, 2 banks, 3 fixed permutations"
2026,64,0.1,C2-C1,marginal,-0.00968162715435028,-0.016193048916757106,-0.0023411954566836383,20 session labels; unknown cross-session participant dependence,"conditional on trained seed, fixed Development80, 2 banks, 3 fixed permutations"
2026,64,0.1,C2-C1,shuffle_gap,0.0057334313790003465,0.003981769361998886,0.007758880231995138,20 session labels; unknown cross-session participant dependence,"conditional on trained seed, fixed Development80, 2 banks, 3 fixed permutations"
2026,64,0.1,C2-C0,conditional,-0.001645366009324789,-0.005003717506770044,0.001467755567282438,20 session labels; unknown cross-session participant dependence,"conditional on trained seed, fixed Development80, 2 banks, 3 fixed permutations"
2026,64,0.1,C2-C0,marginal,-0.2832276374101639,-0.3567338979244232,-0.2092606527358294,20 session labels; unknown cross-session participant dependence,"conditional on trained seed, fixed Development80, 2 banks, 3 fixed permutations"
2026,64,0.1,C2-C0,shuffle_gap,0.0013050825335085396,-0.0012826355624323087,0.0038020861288532615,20 session labels; unknown cross-session participant dependence,"conditional on trained seed, fixed Development80, 2 banks, 3 fixed permutations"
2026,64,0.3,C2-C1,conditional,-0.0041362719610333444,-0.009250132224988192,0.0009747745702043157,20 session labels; unknown cross-session participant dependence,"conditional on trained seed, fixed Development80, 2 banks, 3 fixed permutations"
2026,64,0.3,C2-C1,marginal,-0.019734272360801698,-0.03005948755890131,-0.00845091458410025,20 session labels; unknown cross-session participant dependence,"conditional on trained seed, fixed Development80, 2 banks, 3 fixed permutations"
2026,64,0.3,C2-C1,shuffle_gap,0.003714314320435127,0.0012043345983450617,0.006287916603808603,20 session labels; unknown cross-session participant dependence,"conditional on trained seed, fixed Development80, 2 banks, 3 fixed permutations"
2026,64,0.3,C2-C0,conditional,-0.0031955611892044546,-0.008520891687367112,0.0015536915021948515,20 session labels; unknown cross-session participant dependence,"conditional on trained seed, fixed Development80, 2 banks, 3 fixed permutations"
2026,64,0.3,C2-C0,marginal,-0.32079884111881257,-0.3850433518365025,-0.257839360870421,20 session labels; unknown cross-session participant dependence,"conditional on trained seed, fixed Development80, 2 banks, 3 fixed permutations"
2026,64,0.3,C2-C0,shuffle_gap,-0.004012607969343661,-0.007179833013409128,-0.0009808740338000167,20 session labels; unknown cross-session participant dependence,"conditional on trained seed, fixed Development80, 2 banks, 3 fixed permutations"
