seed,arm,lambda_group,K,bank,step,origin,subset_rank,positions,group_ES
123,C0,0,32,0,2000,phase22_reused,0,"[0, 1]",0.9101166218519211
123,C0,0,32,0,2000,phase22_reused,1,"[0, 2]",0.8853302717208862
123,C0,0,32,0,2000,phase22_reused,2,"[0, 3]",0.9007738083600998
123,C0,0,32,0,2000,phase22_reused,3,"[1, 2]",0.8863452076911926
123,C0,0,32,0,2000,phase22_reused,4,"[1, 3]",0.9090372741222381
123,C0,0,32,0,2000,phase22_reused,5,"[2, 3]",0.8872166484594345
123,C0,0,32,1,2000,phase22_reused,0,"[0, 1]",0.9996216326951981
123,C0,0,32,1,2000,phase22_reused,1,"[0, 2]",0.953087431192398
123,C0,0,32,1,2000,phase22_reused,2,"[0, 3]",0.9786303520202637
123,C0,0,32,1,2000,phase22_reused,3,"[1, 2]",0.9631460130214691
123,C0,0,32,1,2000,phase22_reused,4,"[1, 3]",0.9950677335262299
123,C0,0,32,1,2000,phase22_reused,5,"[2, 3]",0.9570296108722687
123,C1,0.03,32,0,2000,phase23_new,0,"[0, 1]",0.8360548913478851
123,C1,0.03,32,0,2000,phase23_new,1,"[0, 2]",0.8386425495147705
123,C1,0.03,32,0,2000,phase23_new,2,"[0, 3]",0.8344011425971984
123,C1,0.03,32,0,2000,phase23_new,3,"[1, 2]",0.8329053044319152
123,C1,0.03,32,0,2000,phase23_new,4,"[1, 3]",0.8338956296443939
123,C1,0.03,32,0,2000,phase23_new,5,"[2, 3]",0.8359254509210586
123,C1,0.03,32,1,2000,phase23_new,0,"[0, 1]",0.828989765048027
123,C1,0.03,32,1,2000,phase23_new,1,"[0, 2]",0.8324882447719574
123,C1,0.03,32,1,2000,phase23_new,2,"[0, 3]",0.8269337028264999
123,C1,0.03,32,1,2000,phase23_new,3,"[1, 2]",0.8267245531082154
123,C1,0.03,32,1,2000,phase23_new,4,"[1, 3]",0.8258305490016937
123,C1,0.03,32,1,2000,phase23_new,5,"[2, 3]",0.8290860176086425
123,C1,0.1,32,0,2000,phase22_reused,0,"[0, 1]",0.8448062151670456
123,C1,0.1,32,0,2000,phase22_reused,1,"[0, 2]",0.8516690731048584
123,C1,0.1,32,0,2000,phase22_reused,2,"[0, 3]",0.8440996587276459
123,C1,0.1,32,0,2000,phase22_reused,3,"[1, 2]",0.8416181921958923
123,C1,0.1,32,0,2000,phase22_reused,4,"[1, 3]",0.8392285704612732
123,C1,0.1,32,0,2000,phase22_reused,5,"[2, 3]",0.8478718906641006
123,C1,0.1,32,1,2000,phase22_reused,0,"[0, 1]",0.8127314388751984
123,C1,0.1,32,1,2000,phase22_reused,1,"[0, 2]",0.8198931783437728
123,C1,0.1,32,1,2000,phase22_reused,2,"[0, 3]",0.8129950225353241
123,C1,0.1,32,1,2000,phase22_reused,3,"[1, 2]",0.8101498067378998
123,C1,0.1,32,1,2000,phase22_reused,4,"[1, 3]",0.8075267434120178
123,C1,0.1,32,1,2000,phase22_reused,5,"[2, 3]",0.8160600990056992
123,C1,0.3,32,0,2000,phase23_new,0,"[0, 1]",0.8452228128910064
123,C1,0.3,32,0,2000,phase23_new,1,"[0, 2]",0.8484541893005371
123,C1,0.3,32,0,2000,phase23_new,2,"[0, 3]",0.8453127354383468
123,C1,0.3,32,0,2000,phase23_new,3,"[1, 2]",0.8404879093170166
123,C1,0.3,32,0,2000,phase23_new,4,"[1, 3]",0.8407114654779434
123,C1,0.3,32,0,2000,phase23_new,5,"[2, 3]",0.8459853917360306
123,C1,0.3,32,1,2000,phase23_new,0,"[0, 1]",0.8450289845466614
123,C1,0.3,32,1,2000,phase23_new,1,"[0, 2]",0.8478348881006241
123,C1,0.3,32,1,2000,phase23_new,2,"[0, 3]",0.8469998210668563
123,C1,0.3,32,1,2000,phase23_new,3,"[1, 2]",0.8388964325189591
123,C1,0.3,32,1,2000,phase23_new,4,"[1, 3]",0.8415728062391281
123,C1,0.3,32,1,2000,phase23_new,5,"[2, 3]",0.8474694550037384
123,C2,0.03,32,0,2000,phase23_new,0,"[0, 1]",0.8270272225141525
123,C2,0.03,32,0,2000,phase23_new,1,"[0, 2]",0.8290132969617844
123,C2,0.03,32,0,2000,phase23_new,2,"[0, 3]",0.825568163394928
123,C2,0.03,32,0,2000,phase23_new,3,"[1, 2]",0.8228979080915451
123,C2,0.03,32,0,2000,phase23_new,4,"[1, 3]",0.8236479759216309
123,C2,0.03,32,0,2000,phase23_new,5,"[2, 3]",0.8258659362792968
123,C2,0.03,32,1,2000,phase23_new,0,"[0, 1]",0.8373507380485534
123,C2,0.03,32,1,2000,phase23_new,1,"[0, 2]",0.8374736100435257
123,C2,0.03,32,1,2000,phase23_new,2,"[0, 3]",0.8346132099628448
123,C2,0.03,32,1,2000,phase23_new,3,"[1, 2]",0.829373249411583
123,C2,0.03,32,1,2000,phase23_new,4,"[1, 3]",0.8316582441329956
123,C2,0.03,32,1,2000,phase23_new,5,"[2, 3]",0.8317511171102524
123,C2,0.1,32,0,2000,phase22_reused,0,"[0, 1]",0.7905245065689087
123,C2,0.1,32,0,2000,phase22_reused,1,"[0, 2]",0.793587264418602
123,C2,0.1,32,0,2000,phase22_reused,2,"[0, 3]",0.7890687435865402
123,C2,0.1,32,0,2000,phase22_reused,3,"[1, 2]",0.7859618395566941
123,C2,0.1,32,0,2000,phase22_reused,4,"[1, 3]",0.7865194588899612
123,C2,0.1,32,0,2000,phase22_reused,5,"[2, 3]",0.7919949412345886
123,C2,0.1,32,1,2000,phase22_reused,0,"[0, 1]",0.7878842741250992
123,C2,0.1,32,1,2000,phase22_reused,1,"[0, 2]",0.7911363691091537
123,C2,0.1,32,1,2000,phase22_reused,2,"[0, 3]",0.7870405673980713
123,C2,0.1,32,1,2000,phase22_reused,3,"[1, 2]",0.7825637727975845
123,C2,0.1,32,1,2000,phase22_reused,4,"[1, 3]",0.7834943681955338
123,C2,0.1,32,1,2000,phase22_reused,5,"[2, 3]",0.7887717097997665
123,C2,0.3,32,0,2000,phase23_new,0,"[0, 1]",0.7725442051887512
123,C2,0.3,32,0,2000,phase23_new,1,"[0, 2]",0.7721370577812194
123,C2,0.3,32,0,2000,phase23_new,2,"[0, 3]",0.7686562418937684
123,C2,0.3,32,0,2000,phase23_new,3,"[1, 2]",0.7622979372739792
123,C2,0.3,32,0,2000,phase23_new,4,"[1, 3]",0.763544625043869
123,C2,0.3,32,0,2000,phase23_new,5,"[2, 3]",0.7665500402450561
123,C2,0.3,32,1,2000,phase23_new,0,"[0, 1]",0.7730139672756196
123,C2,0.3,32,1,2000,phase23_new,1,"[0, 2]",0.7721772372722626
123,C2,0.3,32,1,2000,phase23_new,2,"[0, 3]",0.7682250052690506
123,C2,0.3,32,1,2000,phase23_new,3,"[1, 2]",0.7631955415010452
123,C2,0.3,32,1,2000,phase23_new,4,"[1, 3]",0.7636727601289749
123,C2,0.3,32,1,2000,phase23_new,5,"[2, 3]",0.7663839399814606
42,C0,0,32,0,2000,phase22_reused,0,"[0, 1]",0.9900749266147614
42,C0,0,32,0,2000,phase22_reused,1,"[0, 2]",0.9438810825347901
42,C0,0,32,0,2000,phase22_reused,2,"[0, 3]",0.9695962876081466
42,C0,0,32,0,2000,phase22_reused,3,"[1, 2]",0.9494305431842804
42,C0,0,32,0,2000,phase22_reused,4,"[1, 3]",0.9873379826545715
42,C0,0,32,0,2000,phase22_reused,5,"[2, 3]",0.9505080163478852
42,C0,0,32,1,2000,phase22_reused,0,"[0, 1]",0.9688333868980408
42,C0,0,32,1,2000,phase22_reused,1,"[0, 2]",0.9312391579151154
42,C0,0,32,1,2000,phase22_reused,2,"[0, 3]",0.9480116605758667
42,C0,0,32,1,2000,phase22_reused,3,"[1, 2]",0.9341880679130554
42,C0,0,32,1,2000,phase22_reused,4,"[1, 3]",0.9648307383060455
42,C0,0,32,1,2000,phase22_reused,5,"[2, 3]",0.9352109104394912
42,C1,0.03,32,0,2000,phase23_new,0,"[0, 1]",0.8797155559062958
42,C1,0.03,32,0,2000,phase23_new,1,"[0, 2]",0.8887666046619416
42,C1,0.03,32,0,2000,phase23_new,2,"[0, 3]",0.875311204791069
42,C1,0.03,32,0,2000,phase23_new,3,"[1, 2]",0.8833399146795273
42,C1,0.03,32,0,2000,phase23_new,4,"[1, 3]",0.8747499465942383
42,C1,0.03,32,0,2000,phase23_new,5,"[2, 3]",0.8833991438150406
42,C1,0.03,32,1,2000,phase23_new,0,"[0, 1]",0.8430954724550247
42,C1,0.03,32,1,2000,phase23_new,1,"[0, 2]",0.8497516751289368
42,C1,0.03,32,1,2000,phase23_new,2,"[0, 3]",0.8399812281131744
42,C1,0.03,32,1,2000,phase23_new,3,"[1, 2]",0.845173591375351
42,C1,0.03,32,1,2000,phase23_new,4,"[1, 3]",0.8396961927413941
42,C1,0.03,32,1,2000,phase23_new,5,"[2, 3]",0.8458290129899979
42,C1,0.1,32,0,2000,phase22_reused,0,"[0, 1]",0.790135744214058
42,C1,0.1,32,0,2000,phase22_reused,1,"[0, 2]",0.7950342565774917
42,C1,0.1,32,0,2000,phase22_reused,2,"[0, 3]",0.7884329050779343
42,C1,0.1,32,0,2000,phase22_reused,3,"[1, 2]",0.7899876922369004
42,C1,0.1,32,0,2000,phase22_reused,4,"[1, 3]",0.7873590230941773
42,C1,0.1,32,0,2000,phase22_reused,5,"[2, 3]",0.7938945382833481
42,C1,0.1,32,1,2000,phase22_reused,0,"[0, 1]",0.8019151300191879
42,C1,0.1,32,1,2000,phase22_reused,1,"[0, 2]",0.805548557639122
42,C1,0.1,32,1,2000,phase22_reused,2,"[0, 3]",0.8007863610982895
42,C1,0.1,32,1,2000,phase22_reused,3,"[1, 2]",0.800347900390625
42,C1,0.1,32,1,2000,phase22_reused,4,"[1, 3]",0.80001600086689
42,C1,0.1,32,1,2000,phase22_reused,5,"[2, 3]",0.8054958075284958
42,C1,0.3,32,0,2000,phase23_new,0,"[0, 1]",0.855227917432785
42,C1,0.3,32,0,2000,phase23_new,1,"[0, 2]",0.86063212454319
42,C1,0.3,32,0,2000,phase23_new,2,"[0, 3]",0.8596100091934205
42,C1,0.3,32,0,2000,phase23_new,3,"[1, 2]",0.8492029935121537
42,C1,0.3,32,0,2000,phase23_new,4,"[1, 3]",0.8528980791568757
42,C1,0.3,32,0,2000,phase23_new,5,"[2, 3]",0.8594260215759277
42,C1,0.3,32,1,2000,phase23_new,0,"[0, 1]",0.7974335879087449
42,C1,0.3,32,1,2000,phase23_new,1,"[0, 2]",0.8011385351419449
42,C1,0.3,32,1,2000,phase23_new,2,"[0, 3]",0.7993924736976623
42,C1,0.3,32,1,2000,phase23_new,3,"[1, 2]",0.7922087907791138
42,C1,0.3,32,1,2000,phase23_new,4,"[1, 3]",0.7941206365823745
42,C1,0.3,32,1,2000,phase23_new,5,"[2, 3]",0.7989954233169556
42,C2,0.03,32,0,2000,phase23_new,0,"[0, 1]",0.8429539918899536
42,C2,0.03,32,0,2000,phase23_new,1,"[0, 2]",0.847456482052803
42,C2,0.03,32,0,2000,phase23_new,2,"[0, 3]",0.8379145175218582
42,C2,0.03,32,0,2000,phase23_new,3,"[1, 2]",0.845439949631691
42,C2,0.03,32,0,2000,phase23_new,4,"[1, 3]",0.8395144671201706
42,C2,0.03,32,0,2000,phase23_new,5,"[2, 3]",0.8437100291252136
42,C2,0.03,32,1,2000,phase23_new,0,"[0, 1]",0.8424938172101974
42,C2,0.03,32,1,2000,phase23_new,1,"[0, 2]",0.84746612906456
42,C2,0.03,32,1,2000,phase23_new,2,"[0, 3]",0.8392360866069793
42,C2,0.03,32,1,2000,phase23_new,3,"[1, 2]",0.8456946223974228
42,C2,0.03,32,1,2000,phase23_new,4,"[1, 3]",0.8407976746559143
42,C2,0.03,32,1,2000,phase23_new,5,"[2, 3]",0.8458530366420746
42,C2,0.1,32,0,2000,phase22_reused,0,"[0, 1]",0.8016124248504639
42,C2,0.1,32,0,2000,phase22_reused,1,"[0, 2]",0.7995152920484543
42,C2,0.1,32,0,2000,phase22_reused,2,"[0, 3]",0.797144764661789
42,C2,0.1,32,0,2000,phase22_reused,3,"[1, 2]",0.7947023302316666
42,C2,0.1,32,0,2000,phase22_reused,4,"[1, 3]",0.7977605342864991
42,C2,0.1,32,0,2000,phase22_reused,5,"[2, 3]",0.798794361948967
42,C2,0.1,32,1,2000,phase22_reused,0,"[0, 1]",0.7984928041696548
42,C2,0.1,32,1,2000,phase22_reused,1,"[0, 2]",0.8000024616718292
42,C2,0.1,32,1,2000,phase22_reused,2,"[0, 3]",0.7926626741886139
42,C2,0.1,32,1,2000,phase22_reused,3,"[1, 2]",0.7941853821277618
42,C2,0.1,32,1,2000,phase22_reused,4,"[1, 3]",0.7941400825977325
42,C2,0.1,32,1,2000,phase22_reused,5,"[2, 3]",0.7981509327888489
42,C2,0.3,32,0,2000,phase23_new,0,"[0, 1]",0.8013202905654907
42,C2,0.3,32,0,2000,phase23_new,1,"[0, 2]",0.8023485511541366
42,C2,0.3,32,0,2000,phase23_new,2,"[0, 3]",0.796584963798523
42,C2,0.3,32,0,2000,phase23_new,3,"[1, 2]",0.792638686299324
42,C2,0.3,32,0,2000,phase23_new,4,"[1, 3]",0.7968802094459534
42,C2,0.3,32,0,2000,phase23_new,5,"[2, 3]",0.797773027420044
42,C2,0.3,32,1,2000,phase23_new,0,"[0, 1]",0.7843146979808807
42,C2,0.3,32,1,2000,phase23_new,1,"[0, 2]",0.7860588312149048
42,C2,0.3,32,1,2000,phase23_new,2,"[0, 3]",0.781905061006546
42,C2,0.3,32,1,2000,phase23_new,3,"[1, 2]",0.7751082897186279
42,C2,0.3,32,1,2000,phase23_new,4,"[1, 3]",0.7806145459413528
42,C2,0.3,32,1,2000,phase23_new,5,"[2, 3]",0.781736183166504
2026,C0,0,32,0,2000,phase22_reused,0,"[0, 1]",1.1128388047218323
2026,C0,0,32,0,2000,phase22_reused,1,"[0, 2]",1.081902015209198
2026,C0,0,32,0,2000,phase22_reused,2,"[0, 3]",1.1171139657497406
2026,C0,0,32,0,2000,phase22_reused,3,"[1, 2]",1.0834236800670625
2026,C0,0,32,0,2000,phase22_reused,4,"[1, 3]",1.137821438908577
2026,C0,0,32,0,2000,phase22_reused,5,"[2, 3]",1.109965795278549
2026,C0,0,32,1,2000,phase22_reused,0,"[0, 1]",1.0338372468948365
2026,C0,0,32,1,2000,phase22_reused,1,"[0, 2]",1.0019551217556
2026,C0,0,32,1,2000,phase22_reused,2,"[0, 3]",1.0298063308000565
2026,C0,0,32,1,2000,phase22_reused,3,"[1, 2]",1.0062939286231996
2026,C0,0,32,1,2000,phase22_reused,4,"[1, 3]",1.0499392181634903
2026,C0,0,32,1,2000,phase22_reused,5,"[2, 3]",1.0237196624279021
2026,C1,0.03,32,0,2000,phase23_new,0,"[0, 1]",0.8540749162435531
2026,C1,0.03,32,0,2000,phase23_new,1,"[0, 2]",0.8590855747461319
2026,C1,0.03,32,0,2000,phase23_new,2,"[0, 3]",0.851078674197197
2026,C1,0.03,32,0,2000,phase23_new,3,"[1, 2]",0.8523240655660629
2026,C1,0.03,32,0,2000,phase23_new,4,"[1, 3]",0.8488479822874069
2026,C1,0.03,32,0,2000,phase23_new,5,"[2, 3]",0.8544869512319565
2026,C1,0.03,32,1,2000,phase23_new,0,"[0, 1]",0.8532238990068436
2026,C1,0.03,32,1,2000,phase23_new,1,"[0, 2]",0.8552220433950424
2026,C1,0.03,32,1,2000,phase23_new,2,"[0, 3]",0.8503748536109924
2026,C1,0.03,32,1,2000,phase23_new,3,"[1, 2]",0.8493095517158509
2026,C1,0.03,32,1,2000,phase23_new,4,"[1, 3]",0.8487203359603882
2026,C1,0.03,32,1,2000,phase23_new,5,"[2, 3]",0.8512247443199158
2026,C1,0.1,32,0,2000,phase22_reused,0,"[0, 1]",0.8218091040849685
2026,C1,0.1,32,0,2000,phase22_reused,1,"[0, 2]",0.8263095796108246
2026,C1,0.1,32,0,2000,phase22_reused,2,"[0, 3]",0.8201277166604996
2026,C1,0.1,32,0,2000,phase22_reused,3,"[1, 2]",0.8180784910917283
2026,C1,0.1,32,0,2000,phase22_reused,4,"[1, 3]",0.8151979207992553
2026,C1,0.1,32,0,2000,phase22_reused,5,"[2, 3]",0.8214814960956573
2026,C1,0.1,32,1,2000,phase22_reused,0,"[0, 1]",0.8071403682231904
2026,C1,0.1,32,1,2000,phase22_reused,1,"[0, 2]",0.8108169943094253
2026,C1,0.1,32,1,2000,phase22_reused,2,"[0, 3]",0.8090316116809845
2026,C1,0.1,32,1,2000,phase22_reused,3,"[1, 2]",0.801541343331337
2026,C1,0.1,32,1,2000,phase22_reused,4,"[1, 3]",0.8021029531955719
2026,C1,0.1,32,1,2000,phase22_reused,5,"[2, 3]",0.8077389746904373
2026,C1,0.3,32,0,2000,phase23_new,0,"[0, 1]",0.7742292135953903
2026,C1,0.3,32,0,2000,phase23_new,1,"[0, 2]",0.7778198987245559
2026,C1,0.3,32,0,2000,phase23_new,2,"[0, 3]",0.7774309128522873
2026,C1,0.3,32,0,2000,phase23_new,3,"[1, 2]",0.7693656235933304
2026,C1,0.3,32,0,2000,phase23_new,4,"[1, 3]",0.7708269208669662
2026,C1,0.3,32,0,2000,phase23_new,5,"[2, 3]",0.7760792970657349
2026,C1,0.3,32,1,2000,phase23_new,0,"[0, 1]",0.778393468260765
2026,C1,0.3,32,1,2000,phase23_new,1,"[0, 2]",0.781952953338623
2026,C1,0.3,32,1,2000,phase23_new,2,"[0, 3]",0.7837154239416122
2026,C1,0.3,32,1,2000,phase23_new,3,"[1, 2]",0.7722759157419204
2026,C1,0.3,32,1,2000,phase23_new,4,"[1, 3]",0.7756145000457764
2026,C1,0.3,32,1,2000,phase23_new,5,"[2, 3]",0.7808268368244171
2026,C2,0.03,32,0,2000,phase23_new,0,"[0, 1]",0.8347364634275436
2026,C2,0.03,32,0,2000,phase23_new,1,"[0, 2]",0.836574375629425
2026,C2,0.03,32,0,2000,phase23_new,2,"[0, 3]",0.8312926650047302
2026,C2,0.03,32,0,2000,phase23_new,3,"[1, 2]",0.8336201578378677
2026,C2,0.03,32,0,2000,phase23_new,4,"[1, 3]",0.8312296509742737
2026,C2,0.03,32,0,2000,phase23_new,5,"[2, 3]",0.8356970131397248
2026,C2,0.03,32,1,2000,phase23_new,0,"[0, 1]",0.8503844231367111
2026,C2,0.03,32,1,2000,phase23_new,1,"[0, 2]",0.8521075129508973
2026,C2,0.03,32,1,2000,phase23_new,2,"[0, 3]",0.8499155282974243
2026,C2,0.03,32,1,2000,phase23_new,3,"[1, 2]",0.8474241375923157
2026,C2,0.03,32,1,2000,phase23_new,4,"[1, 3]",0.8481437414884567
2026,C2,0.03,32,1,2000,phase23_new,5,"[2, 3]",0.8506054550409317
2026,C2,0.1,32,0,2000,phase22_reused,0,"[0, 1]",0.8155835866928101
2026,C2,0.1,32,0,2000,phase22_reused,1,"[0, 2]",0.8192688435316086
2026,C2,0.1,32,0,2000,phase22_reused,2,"[0, 3]",0.8147143751382828
2026,C2,0.1,32,0,2000,phase22_reused,3,"[1, 2]",0.8102468460798263
2026,C2,0.1,32,0,2000,phase22_reused,4,"[1, 3]",0.8104892075061798
2026,C2,0.1,32,0,2000,phase22_reused,5,"[2, 3]",0.8175310760736465
2026,C2,0.1,32,1,2000,phase22_reused,0,"[0, 1]",0.8002756655216217
2026,C2,0.1,32,1,2000,phase22_reused,1,"[0, 2]",0.807099175453186
2026,C2,0.1,32,1,2000,phase22_reused,2,"[0, 3]",0.7994392067193985
2026,C2,0.1,32,1,2000,phase22_reused,3,"[1, 2]",0.7961699217557907
2026,C2,0.1,32,1,2000,phase22_reused,4,"[1, 3]",0.790931248664856
2026,C2,0.1,32,1,2000,phase22_reused,5,"[2, 3]",0.8019604355096817
2026,C2,0.3,32,0,2000,phase23_new,0,"[0, 1]",0.7601211696863175
2026,C2,0.3,32,0,2000,phase23_new,1,"[0, 2]",0.7609876453876495
2026,C2,0.3,32,0,2000,phase23_new,2,"[0, 3]",0.7600712329149246
2026,C2,0.3,32,0,2000,phase23_new,3,"[1, 2]",0.7514975726604461
2026,C2,0.3,32,0,2000,phase23_new,4,"[1, 3]",0.7510883867740631
2026,C2,0.3,32,0,2000,phase23_new,5,"[2, 3]",0.7555404752492905
2026,C2,0.3,32,1,2000,phase23_new,0,"[0, 1]",0.7621528565883636
2026,C2,0.3,32,1,2000,phase23_new,1,"[0, 2]",0.7634911715984345
2026,C2,0.3,32,1,2000,phase23_new,2,"[0, 3]",0.7630808860063553
2026,C2,0.3,32,1,2000,phase23_new,3,"[1, 2]",0.754647022485733
2026,C2,0.3,32,1,2000,phase23_new,4,"[1, 3]",0.7540011912584305
2026,C2,0.3,32,1,2000,phase23_new,5,"[2, 3]",0.7591300457715988
